Date,Ticker,Close,Volume,RSI,StochK,BBLower,BBUpper,DonchLower,DonchUpper,WilliamsR,FearGreed,Patterns,Score,Opinion,ATR,StopLoss,TakeProfit,TrailingStop,TrailingStart,MACD,MACDSignal,MACDHistogram,SMA20,EMA20,SMA50,SMA200,VolumeRatio,TrendRegime,ConfluenceRatio,InstitutionalScore,InstitutionalPassed
2026-07-31,ABCL,5.71,4993800,45.16,37.44,4.68,7.84,4.98,8.44,-62.56,27,ThreeDescendingPeaks|DescendingScallop,119.55,HOLD,0.49,4.98,7.17,4.98,5.95,-0.87,-0.43,-0.44,6.26,5.97,6.08,4.48,0.91,uptrend,0.00,0.61,true
2026-07-31,BE,205.81,21880400,44.87,51.21,155.86,287.53,157.33,305.41,-48.79,27,IslandReversal|DescendingScallop,198.28,HOLD,29.83,161.07,295.29,161.07,220.72,-36.13,-36.90,0.77,221.70,218.15,260.71,178.72,1.27,uptrend,0.00,0.35,false
2026-07-31,CIEN,377.05,1946300,42.43,37.50,332.50,475.62,323.29,485.69,-62.50,27,IslandReversal|ThreeDescendingPeaks|DescendingScallop,94.72,HOLD,31.44,329.89,471.36,329.89,392.77,-39.75,-28.03,-11.72,404.06,400.04,463.51,351.26,0.97,uptrend,0.00,0.50,false
2026-07-31,DLO,15.08,1467500,61.04,77.64,14.16,15.33,13.83,15.51,-22.36,27,DoubleBottom|DoubleTop,277.76,HOLD,0.58,14.22,16.81,14.22,15.37,0.22,0.61,-0.39,14.74,14.48,13.28,13.41,0.77,uptrend,0.00,0.33,false
2026-07-31,DNA,8.09,629800,46.08,43.72,6.81,10.00,7.22,10.58,-56.28,27,DescendingScallop,156.98,HOLD,0.59,7.21,9.86,7.21,8.38,-0.99,-0.72,-0.27,8.41,8.25,8.71,8.85,0.72,downtrend,0.00,0.04,false
2026-07-31,GEV,990.29,2355400,46.35,38.06,923.95,1148.68,897.68,1195.94,-61.94,27,IslandReversal|DescendingScallop,98.21,HOLD,64.48,893.57,1183.72,893.57,1022.53,-45.19,-26.40,-18.79,1036.32,1016.93,1024.82,836.50,0.78,uptrend,0.00,0.63,true
2026-07-31,GLW,138.25,14501500,38.08,29.98,117.59,206.89,114.50,206.99,-70.02,27,IslandReversal|ThreeDescendingPeaks|DescendingScallop,107.35,HOLD,14.72,116.16,182.42,116.16,145.61,-31.77,-24.70,-7.07,162.24,158.39,182.48,135.24,1.06,uptrend,0.00,0.37,false
2026-07-31,GOOGL,356.13,46425700,54.30,68.30,317.55,378.56,314.90,375.27,-31.70,27,DescendingScallop,200.26,HOLD,12.27,337.73,392.93,337.73,362.26,-10.12,-4.79,-5.34,348.05,344.83,358.74,326.27,1.55,uptrend,0.00,0.47,false
2026-07-31,INTC,90.20,108664200,39.94,30.23,80.84,120.15,81.79,127.30,-69.77,27,IslandReversal|ThreeDescendingPeaks|DescendingScallop,110.97,HOLD,8.62,77.27,116.06,77.27,94.51,-13.06,-13.46,0.40,100.50,99.74,112.81,67.04,0.93,uptrend,0.00,0.63,true
2026-07-31,IONQ,36.44,18149700,41.19,53.64,28.39,47.39,31.81,51.33,-46.36,27,IslandReversal|DescendingScallop,121.13,HOLD,3.28,31.53,46.27,31.53,38.08,-6.37,-7.62,1.24,37.89,38.61,50.66,46.30,0.95,downtrend,0.00,0.08,false
2026-07-31,OPEN,3.77,28781400,36.95,11.72,3.45,5.31,3.62,5.49,-88.28,27,ThreeDescendingPeaks|DescendingScallop,201.00,SELL,0.32,4.26,2.80,4.26,3.61,-0.34,-0.12,-0.22,4.38,4.21,4.52,5.58,0.38,downtrend,0.00,0.08,false
2026-07-31,PLTR,123.06,29004900,44.35,27.22,119.75,138.35,117.89,138.90,-72.78,27,DoubleTop|DescendingScallop,163.61,HOLD,6.51,113.30,142.58,113.30,126.31,0.89,3.66,-2.77,129.05,126.93,130.72,152.89,0.85,downtrend,0.00,0.08,false
2026-07-31,POET,6.99,11795500,40.14,24.74,6.32,9.21,6.28,9.25,-75.26,27,ThreeDescendingPeaks|DescendingScallop,120.60,HOLD,0.88,5.67,9.63,5.67,7.43,-0.92,-1.15,0.24,7.77,7.92,10.45,7.92,1.00,downtrend,0.00,0.23,false
2026-07-31,TSLA,311.21,36527800,31.70,12.66,280.94,446.92,297.38,420.00,-87.34,27,ThreeDescendingPeaks|DescendingScallop,197.38,HOLD,16.83,285.97,361.70,285.97,319.62,-33.97,-17.01,-16.96,363.93,350.42,390.76,411.60,0.89,downtrend,0.00,0.08,false
2026-07-31,UPST,27.44,3314500,38.33,22.43,25.11,34.69,25.89,35.72,-77.57,27,ThreeDescendingPeaks|DescendingScallop,184.66,HOLD,1.73,24.85,32.63,24.85,28.30,-2.81,-1.90,-0.91,29.90,29.26,31.11,36.04,0.93,downtrend,0.00,0.08,false
2026-07-31,ABCL,5.71,4993800,45.16,37.44,4.68,7.84,4.98,8.44,-62.56,27,ThreeDescendingPeaks|DescendingScallop,119.55,HOLD,0.49,4.98,7.17,4.98,5.95,-0.87,-0.43,-0.44,6.26,5.97,6.08,4.48,0.91,uptrend,0.00,0.61,true
2026-07-31,BE,205.81,21880400,44.87,51.21,155.86,287.53,157.33,305.41,-48.79,27,IslandReversal|DescendingScallop,198.28,HOLD,29.83,161.07,295.29,161.07,220.72,-36.13,-36.90,0.77,221.70,218.15,260.71,178.72,1.27,uptrend,0.00,0.35,false
2026-07-31,CIEN,377.05,1946300,42.43,37.50,332.50,475.62,323.29,485.69,-62.50,27,IslandReversal|ThreeDescendingPeaks|DescendingScallop,94.72,HOLD,31.44,329.89,471.36,329.89,392.77,-39.75,-28.03,-11.72,404.06,400.04,463.51,351.26,0.97,uptrend,0.00,0.50,false
2026-07-31,DLO,15.08,1467500,61.04,77.64,14.16,15.33,13.83,15.51,-22.36,27,DoubleBottom|DoubleTop,277.76,HOLD,0.58,14.22,16.81,14.22,15.37,0.22,0.61,-0.39,14.74,14.48,13.28,13.41,0.77,uptrend,0.00,0.33,false
2026-07-31,DNA,8.09,629800,46.08,43.72,6.81,10.00,7.22,10.58,-56.28,27,DescendingScallop,156.98,HOLD,0.59,7.21,9.86,7.21,8.38,-0.99,-0.72,-0.27,8.41,8.25,8.71,8.85,0.72,downtrend,0.00,0.04,false
2026-07-31,GEV,990.29,2355400,46.35,38.06,923.95,1148.68,897.68,1195.94,-61.94,27,IslandReversal|DescendingScallop,98.21,HOLD,64.48,893.57,1183.72,893.57,1022.53,-45.19,-26.40,-18.79,1036.32,1016.93,1024.82,836.50,0.78,uptrend,0.00,0.63,true
2026-07-31,GLW,138.25,14501500,38.08,29.98,117.59,206.89,114.50,206.99,-70.02,27,IslandReversal|ThreeDescendingPeaks|DescendingScallop,107.35,HOLD,14.72,116.16,182.42,116.16,145.61,-31.77,-24.70,-7.07,162.24,158.39,182.48,135.24,1.06,uptrend,0.00,0.37,false
2026-07-31,GOOGL,356.13,46425700,54.30,68.30,317.55,378.56,314.90,375.27,-31.70,27,DescendingScallop,200.26,HOLD,12.27,337.73,392.93,337.73,362.26,-10.12,-4.79,-5.34,348.05,344.83,358.74,326.27,1.55,uptrend,0.00,0.47,false
2026-07-31,INTC,90.20,108664200,39.94,30.23,80.84,120.15,81.79,127.30,-69.77,27,IslandReversal|ThreeDescendingPeaks|DescendingScallop,110.97,HOLD,8.62,77.27,116.06,77.27,94.51,-13.06,-13.46,0.40,100.50,99.74,112.81,67.04,0.93,uptrend,0.00,0.63,true
2026-07-31,IONQ,36.44,18149700,41.19,53.64,28.39,47.39,31.81,51.33,-46.36,27,IslandReversal|DescendingScallop,121.13,HOLD,3.28,31.53,46.27,31.53,38.08,-6.37,-7.62,1.24,37.89,38.61,50.66,46.30,0.95,downtrend,0.00,0.08,false
2026-07-31,OPEN,3.77,28781400,36.95,11.72,3.45,5.31,3.62,5.49,-88.28,27,ThreeDescendingPeaks|DescendingScallop,201.00,SELL,0.32,4.26,2.80,4.26,3.61,-0.34,-0.12,-0.22,4.38,4.21,4.52,5.58,0.38,downtrend,0.00,0.08,false
2026-07-31,PLTR,123.06,29004900,44.35,27.22,119.75,138.35,117.89,138.90,-72.78,27,DoubleTop|DescendingScallop,163.61,HOLD,6.51,113.30,142.58,113.30,126.31,0.89,3.66,-2.77,129.05,126.93,130.72,152.89,0.85,downtrend,0.00,0.08,false
2026-07-31,POET,6.99,11795500,40.14,24.74,6.32,9.21,6.28,9.25,-75.26,27,ThreeDescendingPeaks|DescendingScallop,120.60,HOLD,0.88,5.67,9.63,5.67,7.43,-0.92,-1.15,0.24,7.77,7.92,10.45,7.92,1.00,downtrend,0.00,0.23,false
2026-07-31,TSLA,311.21,36527800,31.70,12.66,280.94,446.92,297.38,420.00,-87.34,27,ThreeDescendingPeaks|DescendingScallop,197.38,HOLD,16.83,285.97,361.70,285.97,319.62,-33.97,-17.01,-16.96,363.93,350.42,390.76,411.60,0.89,downtrend,0.00,0.08,false
2026-07-31,UPST,27.44,3314500,38.33,22.43,25.11,34.69,25.89,35.72,-77.57,27,ThreeDescendingPeaks|DescendingScallop,184.66,HOLD,1.73,24.85,32.63,24.85,28.30,-2.81,-1.90,-0.91,29.90,29.26,31.11,36.04,0.93,downtrend,0.00,0.08,false
2026-08-03,ABCL,5.83,3389517,47.14,43.59,4.76,7.56,4.98,8.44,-56.41,25,DescendingScallop,109.73,HOLD,0.49,5.10,7.29,5.10,6.07,-0.87,-0.55,-0.32,6.16,5.96,6.10,4.48,0.63,uptrend,0.00,0.61,true
2026-08-03,BE,218.32,18265922,47.98,69.97,161.28,274.44,157.33,290.92,-30.03,25,DescendingScallop,160.31,HOLD,30.10,173.17,308.61,173.17,233.37,-31.67,-37.17,5.50,217.86,218.17,259.43,179.24,1.04,uptrend,0.00,0.69,true
2026-08-03,CIEN,390.76,1089584,45.61,52.83,331.48,472.34,323.29,485.69,-47.17,25,ThreeDescendingPeaks|DescendingScallop,80.37,HOLD,31.83,343.02,486.24,343.02,406.67,-35.98,-29.97,-6.01,401.91,399.16,460.23,352.39,0.55,uptrend,0.00,0.50,false
2026-08-03,DLO,15.31,1844866,63.36,91.36,14.15,15.35,13.83,15.51,-8.64,25,DoubleBottom|DoubleTop,316.48,HOLD,0.56,14.47,16.99,14.47,15.59,0.17,0.51,-0.35,14.75,14.56,13.34,13.40,0.99,uptrend,0.00,0.40,false
2026-08-03,DNA,8.94,1419818,56.27,86.43,6.93,9.77,7.22,10.27,-13.57,25,DescendingScallop,213.36,HOLD,0.62,8.02,10.79,8.02,9.25,-0.91,-0.79,-0.12,8.35,8.32,8.74,8.82,1.62,uptrend,0.00,0.24,false
2026-08-03,GEV,1006.76,1793149,48.23,44.83,929.50,1128.61,897.68,1140.99,-55.17,25,,91.19,HOLD,63.74,911.15,1197.99,911.15,1038.63,-44.61,-31.76,-12.86,1029.05,1015.96,1024.46,838.31,0.60,uptrend,0.00,0.63,true
2026-08-03,GLW,146.64,11141556,42.47,44.29,117.33,202.34,114.50,204.48,-55.71,25,ThreeDescendingPeaks|DescendingScallop,90.28,HOLD,14.75,124.52,190.88,124.52,154.01,-29.62,-26.16,-3.46,159.83,157.27,181.80,135.55,0.81,uptrend,0.00,0.50,false
2026-08-03,GOOGL,373.51,38121117,61.12,94.85,316.91,379.90,314.90,376.69,-5.15,25,DoubleTop,291.98,BUY,12.86,354.22,412.09,354.22,379.94,-9.68,-5.96,-3.72,348.41,347.56,358.43,326.91,1.25,uptrend,0.83,0.68,true
2026-08-03,INTC,91.00,93454443,40.72,33.11,81.60,116.27,81.79,116.77,-66.89,25,ThreeDescendingPeaks|DescendingScallop,90.24,HOLD,8.44,78.34,116.31,78.34,95.22,-11.95,-13.40,1.45,98.94,98.91,112.25,67.31,0.80,uptrend,0.00,0.63,true
2026-08-03,IONQ,38.85,23138654,46.53,84.31,29.31,45.48,31.81,47.95,-15.69,25,DescendingScallop,139.56,HOLD,3.38,33.78,48.99,33.78,40.54,-5.61,-7.38,1.77,37.39,38.63,50.39,46.10,1.18,downtrend,0.00,0.28,false
2026-08-03,OPEN,3.94,36960652,41.85,25.00,3.43,5.21,3.62,5.49,-75.00,25,ThreeDescendingPeaks|DescendingScallop,180.98,HOLD,0.32,3.46,4.90,3.46,4.10,-0.38,-0.18,-0.21,4.32,4.18,4.52,5.56,0.50,downtrend,0.00,0.08,false
2026-08-03,PLTR,125.65,67056359,47.69,40.86,119.44,137.98,117.89,138.90,-59.14,25,ThreeDescendingPeaks|DescendingScallop,138.21,HOLD,6.32,116.17,144.61,116.17,128.81,-0.55,3.01,-3.55,128.71,126.80,130.49,152.62,1.89,downtrend,0.00,0.08,false
2026-08-03,POET,7.36,9251846,43.16,37.63,6.34,9.04,6.28,9.15,-62.37,25,ThreeDescendingPeaks|DescendingScallop,96.03,HOLD,0.87,6.05,9.97,6.05,7.80,-0.84,-1.08,0.24,7.69,7.87,10.30,7.91,0.78,downtrend,0.00,0.37,false
2026-08-03,TSLA,322.08,37162483,36.83,22.62,278.31,439.78,297.38,419.56,-77.38,25,ThreeDescendingPeaks|DescendingScallop,172.05,HOLD,16.64,297.12,372.01,297.12,330.40,-37.68,-20.93,-16.75,359.05,347.72,388.86,411.06,0.93,downtrend,0.00,0.08,false
2026-08-03,UPST,29.43,4752583,48.61,51.23,25.32,33.99,25.89,35.72,-48.77,25,DescendingScallop,139.78,HOLD,1.77,26.78,34.73,26.78,30.31,-2.80,-2.13,-0.67,29.65,29.28,31.12,35.94,1.34,downtrend,0.00,0.08,false
2026-08-04,ABCL,6.09,3928461,51.23,66.07,4.86,7.29,4.98,7.70,-33.93,25,RisingWedge|DescendingScallop,56.62,HOLD,0.47,5.38,7.51,5.38,6.33,-0.85,-0.64,-0.21,6.08,5.97,6.12,4.48,0.76,uptrend,0.00,0.61,true
2026-08-04,BE,228.11,16283899,50.35,88.49,164.11,267.46,157.33,276.08,-11.51,25,DescendingScallop,182.05,HOLD,29.31,184.15,316.03,184.15,242.76,-29.66,-36.68,7.02,215.79,219.11,257.84,179.80,0.91,uptrend,0.00,0.61,true
2026-08-04,CIEN,411.13,1802139,50.02,84.70,331.38,471.66,323.29,485.69,-15.30,25,DescendingScallop,220.50,BUY,32.14,362.92,507.55,362.92,427.20,-30.29,-31.14,0.85,401.52,400.30,456.71,353.60,0.90,uptrend,0.67,0.56,true
2026-08-04,DLO,15.30,1180673,63.19,87.76,14.13,15.41,13.83,15.51,-12.24,25,DoubleBottom|DoubleTop,340.57,HOLD,0.54,14.49,16.92,14.49,15.57,0.13,0.43,-0.29,14.77,14.63,13.40,13.40,0.65,uptrend,0.00,0.40,false
2026-08-04,DNA,9.37,919755,60.35,97.95,6.93,9.77,7.22,9.81,-2.05,25,RisingWedge,325.59,HOLD,0.61,8.46,11.19,8.46,9.67,-0.76,-0.83,0.07,8.35,8.42,8.76,8.79,1.07,uptrend,0.00,0.24,false
2026-08-04,GEV,1018.53,2175216,49.59,49.67,928.98,1123.27,897.68,1140.99,-50.33,25,DescendingScallop,66.56,HOLD,62.54,924.72,1206.15,924.72,1049.80,-46.87,-35.63,-11.24,1026.13,1016.20,1023.96,840.32,0.76,uptrend,0.00,0.49,false
2026-08-04,GLW,159.89,16637408,48.66,85.64,117.70,199.42,114.50,204.48,-14.36,25,DescendingScallop,220.77,BUY,14.83,137.65,204.37,137.65,167.30,-26.83,-27.05,0.22,158.56,157.52,181.16,135.92,1.20,uptrend,0.50,0.70,true
2026-08-04,GOOGL,377.65,35493839,62.56,95.63,315.89,381.99,314.90,380.52,-4.37,25,DoubleTop,296.18,BUY,12.87,358.35,416.26,358.35,384.08,-8.66,-6.86,-1.79,348.94,350.43,358.23,327.55,1.14,uptrend,0.83,0.68,true
2026-08-04,INTC,100.86,117064891,49.36,76.10,81.91,115.02,81.79,116.77,-23.90,25,ThreeDescendingPeaks|DescendingScallop,104.35,HOLD,8.58,87.99,126.59,87.99,105.15,-10.41,-13.09,2.68,98.46,99.10,111.90,67.63,1.01,uptrend,0.00,0.83,true
2026-08-04,IONQ,41.72,20701926,52.11,96.78,29.71,44.71,31.81,46.23,-3.22,25,DescendingScallop,199.65,HOLD,3.37,36.67,51.82,36.67,43.40,-4.74,-7.02,2.27,37.21,38.93,50.05,45.95,1.05,downtrend,0.00,0.28,false
2026-08-04,OPEN,4.12,53757729,46.58,42.19,3.42,5.16,3.62,5.49,-57.81,25,ThreeDescendingPeaks|DescendingScallop,155.67,HOLD,0.32,3.64,5.07,3.64,4.28,-0.41,-0.23,-0.18,4.29,4.18,4.51,5.54,0.74,downtrend,0.00,0.08,false
2026-08-04,PLTR,162.66,172005673,72.80,96.03,112.74,147.50,117.89,164.51,-3.97,25,,433.25,HOLD,8.64,149.69,188.59,149.69,166.98,0.07,2.48,-2.42,130.12,130.22,130.99,152.54,4.09,uptrend,0.83,0.58,true
2026-08-04,POET,8.57,24191207,51.73,95.82,6.32,9.08,6.28,9.15,-4.18,25,,341.14,BUY,0.90,7.22,11.28,7.22,9.02,-0.71,-1.00,0.29,7.70,7.93,10.17,7.91,1.95,uptrend,0.67,0.83,true
2026-08-04,TSLA,327.35,32958176,39.21,30.60,276.04,434.50,297.38,413.16,-69.40,25,ThreeDescendingPeaks|DescendingScallop,156.99,HOLD,16.08,303.23,375.59,303.23,335.39,-40.12,-24.85,-15.28,355.27,345.78,387.05,410.52,0.82,downtrend,0.00,0.08,false
2026-08-04,UPST,30.32,7337939,52.44,72.50,25.45,33.58,25.89,34.69,-27.50,25,DescendingScallop,123.73,HOLD,1.74,27.70,35.55,27.70,31.19,-2.60,-2.29,-0.31,29.52,29.38,31.15,35.83,2.00,downtrend,0.00,0.28,false
2026-08-05,ABCL,5.92,4454964,48.58,59.95,4.90,7.14,4.98,7.51,-40.05,27,DescendingScallop,87.84,HOLD,0.47,5.22,7.32,5.22,6.15,-0.75,-0.70,-0.05,6.02,5.97,6.13,4.48,0.91,uptrend,0.00,0.61,true
2026-08-05,BE,234.33,11439367,51.85,91.06,165.41,264.17,157.33,276.08,-8.94,27,DescendingScallop,195.35,HOLD,28.59,191.45,320.09,191.45,248.62,-24.99,-35.44,10.45,214.79,220.56,256.47,180.39,0.65,uptrend,0.00,0.61,true
2026-08-05,CIEN,408.83,1552683,49.54,82.48,332.03,467.80,323.29,485.69,-17.52,27,DescendingScallop,177.16,HOLD,31.66,361.34,503.81,361.34,424.66,-25.09,-31.87,6.78,399.91,401.11,453.21,354.79,0.78,uptrend,0.00,0.49,false
2026-08-05,DLO,15.20,2363049,61.35,75.27,14.15,15.46,13.83,15.65,-24.73,27,DoubleBottom|DoubleTop,317.64,HOLD,0.54,14.39,16.82,14.39,15.47,0.08,0.35,-0.27,14.80,14.69,13.47,13.40,1.35,uptrend,0.00,0.41,false
2026-08-05,DNA,9.37,977484,60.35,88.66,6.91,9.82,7.22,9.81,-11.34,27,DoubleTop|RisingWedge|DescendingScallop,174.90,HOLD,0.59,8.48,11.15,8.48,9.67,-0.57,-0.83,0.26,8.36,8.51,8.78,8.76,1.13,uptrend,0.00,0.24,false
2026-08-05,GEV,1017.96,1691847,49.53,49.43,928.50,1118.45,897.68,1140.99,-50.57,27,DescendingScallop,66.96,HOLD,60.13,927.76,1198.36,927.76,1048.03,-48.72,-39.06,-9.66,1023.47,1016.37,1023.54,842.40,0.60,uptrend,0.00,0.61,true
2026-08-05,GLW,156.70,7596062,47.34,84.40,118.04,196.35,114.50,204.48,-15.60,27,DescendingScallop,137.49,HOLD,14.24,135.33,199.43,135.33,163.82,-22.72,-27.34,4.62,157.19,157.44,180.41,136.27,0.54,uptrend,0.00,0.56,true
2026-08-05,GOOGL,362.43,46331184,54.59,68.32,315.87,382.06,314.90,384.47,-31.68,27,,267.69,HOLD,13.93,341.54,404.21,341.54,369.39,-8.13,-7.48,-0.65,348.96,351.57,357.82,328.10,1.43,uptrend,0.00,0.47,false
2026-08-05,INTC,101.06,84200472,49.52,76.90,82.29,113.71,81.79,116.77,-23.10,27,ThreeDescendingPeaks|DescendingScallop,88.79,HOLD,8.32,88.58,126.01,88.58,105.22,-8.90,-12.63,3.74,98.00,99.28,111.52,67.95,0.73,uptrend,0.00,0.75,true
2026-08-05,IONQ,39.93,19999855,48.70,79.30,30.24,43.67,31.81,46.00,-20.70,27,DescendingScallop,151.36,HOLD,3.28,35.01,49.78,35.01,41.57,-3.73,-6.55,2.82,36.95,39.02,49.57,45.82,0.99,downtrend,0.00,0.20,false
2026-08-05,OPEN,3.76,61012579,39.63,14.58,3.38,5.10,3.62,5.49,-85.42,27,ThreeDescendingPeaks|DescendingScallop,201.00,SELL,0.32,4.25,2.79,4.25,3.60,-0.43,-0.27,-0.16,4.24,4.14,4.49,5.53,0.87,downtrend,0.00,0.08,false
2026-08-05,PLTR,158.43,61261948,68.74,84.16,110.11,152.75,117.89,166.06,-15.84,27,,334.05,HOLD,8.59,145.55,184.19,145.55,162.72,0.39,2.04,-1.66,131.43,132.91,131.42,152.44,1.42,uptrend,0.00,0.35,false
2026-08-05,POET,8.09,9598462,48.60,75.42,6.34,9.02,6.28,9.15,-24.58,27,DescendingScallop,172.91,HOLD,0.87,6.78,10.71,6.78,8.53,-0.59,-0.92,0.34,7.68,7.95,10.04,7.91,0.77,uptrend,0.00,0.42,false
2026-08-05,TSLA,321.55,27506311,37.53,27.09,273.21,430.07,297.38,413.16,-72.91,27,ThreeDescendingPeaks|DescendingScallop,170.19,HOLD,15.44,298.39,367.86,298.39,329.27,-40.65,-28.44,-12.22,351.64,343.47,384.96,409.99,0.69,downtrend,0.00,0.08,false
2026-08-05,UPST,30.20,12168572,51.88,48.98,25.50,33.38,25.89,34.69,-51.02,27,DoubleTop,174.63,HOLD,1.96,27.26,36.07,27.26,31.18,-2.30,-2.39,0.08,29.44,29.46,31.18,35.74,2.98,downtrend,0.00,0.28,false
2026-08-06,ABCL,6.53,8108955,57.15,98.10,4.99,6.97,4.98,7.29,-1.90,29,DescendingScallop,346.29,HOLD,0.50,5.78,8.03,5.78,6.78,-0.66,-0.74,0.08,5.98,6.02,6.16,4.49,1.62,uptrend,1.00,0.81,true
2026-08-06,BE,228.96,11031761,50.43,77.76,167.41,259.36,157.33,252.00,-22.24,29,DoubleTop|DescendingScallop,131.67,HOLD,28.57,186.10,314.68,186.10,243.25,-21.93,-33.62,11.69,213.39,221.36,255.00,180.98,0.62,uptrend,0.00,0.75,true
2026-08-06,CIEN,403.76,1175954,48.41,77.59,335.36,458.61,323.29,466.66,-22.41,29,DescendingScallop,164.32,HOLD,31.47,356.55,498.18,356.55,419.50,-22.16,-31.98,9.82,396.98,401.36,449.24,355.95,0.60,uptrend,0.00,0.56,true
2026-08-06,DLO,14.77,972513,54.06,49.71,14.17,15.46,13.83,15.65,-50.29,29,DoubleBottom|DoubleTop|ThreeRisingValleys,212.87,HOLD,0.54,13.96,16.40,13.96,15.04,0.02,0.28,-0.26,14.81,14.70,13.53,13.40,0.57,uptrend,0.00,0.21,false
2026-08-06,DNA,8.50,1613609,49.51,52.67,6.98,9.62,7.22,9.81,-47.33,29,DoubleTop|DescendingScallop,59.21,HOLD,0.62,7.56,10.37,7.56,8.81,-0.47,-0.81,0.34,8.30,8.51,8.78,8.74,1.82,downtrend,0.00,0.24,false
2026-08-06,GEV,1000.30,1688010,47.36,42.18,927.34,1112.11,897.68,1140.99,-57.82,29,DescendingScallop,79.30,HOLD,58.69,912.27,1176.36,912.27,1029.64,-48.54,-41.81,-6.73,1019.73,1014.84,1022.14,844.40,0.60,uptrend,0.00,0.49,false
2026-08-06,GLW,157.18,11496420,47.57,85.36,119.75,191.11,114.50,193.71,-14.64,29,DescendingScallop,159.14,HOLD,14.20,135.88,199.78,135.88,164.28,-19.38,-27.05,7.67,155.43,157.41,179.63,136.63,0.81,uptrend,0.00,0.56,true
2026-08-06,GOOGL,357.75,24988687,52.38,61.58,315.88,381.93,314.90,384.48,-38.42,29,DoubleBottom,366.78,HOLD,13.45,337.57,398.11,337.57,364.48,-7.26,-7.83,0.57,348.91,352.16,357.20,328.62,0.77,uptrend,0.00,0.32,false
2026-08-06,INTC,99.81,77177595,48.48,71.91,83.10,111.63,81.79,110.85,-28.09,29,DescendingScallop,156.57,HOLD,8.28,87.39,124.65,87.39,103.95,-7.84,-12.00,4.16,97.37,99.33,111.05,68.27,0.68,uptrend,0.00,0.75,true
2026-08-06,IONQ,39.72,25992266,48.30,77.25,30.86,42.54,31.81,45.45,-22.75,29,DescendingScallop,167.83,HOLD,3.21,34.91,49.34,34.91,41.32,-2.86,-5.97,3.12,36.70,39.09,49.10,45.71,1.24,downtrend,0.00,0.28,false
2026-08-06,OPEN,3.44,45809621,34.75,5.60,3.36,4.93,3.38,5.49,-94.40,29,DescendingScallop,201.00,SELL,0.33,3.94,2.46,3.94,3.28,-0.47,-0.32,-0.15,4.15,4.07,4.47,5.51,0.68,downtrend,0.00,0.08,false
2026-08-06,PLTR,155.92,38397107,66.37,78.92,108.98,156.57,117.89,166.08,-21.08,29,,305.63,HOLD,8.38,143.35,181.07,143.35,160.11,0.82,1.70,-0.88,132.78,135.10,131.81,152.33,0.88,uptrend,0.00,0.35,false
2026-08-06,POET,8.53,18712862,51.50,78.81,6.36,8.99,6.28,9.15,-21.19,29,DoubleTop,236.91,HOLD,0.91,7.17,11.25,7.17,8.98,-0.51,-0.85,0.34,7.67,8.00,9.95,7.92,1.47,uptrend,0.67,0.70,true
2026-08-06,TSLA,319.53,25143733,36.94,24.82,271.93,422.65,297.38,413.16,-75.18,29,DescendingScallop,175.13,HOLD,14.87,297.23,364.14,297.23,326.96,-41.72,-31.79,-9.93,347.29,341.19,382.68,409.39,0.64,downtrend,0.00,0.08,false
2026-08-06,UPST,29.71,4945204,49.55,43.41,25.72,32.80,25.89,34.69,-56.59,29,DoubleTop,86.20,HOLD,1.95,26.79,35.56,26.79,30.68,-2.05,-2.43,0.39,29.26,29.48,31.17,35.66,1.18,downtrend,0.00,0.28,false
2026-08-07,ABCL,6.93,5842009,61.66,97.01,4.98,7.00,4.98,6.99,-2.99,29,DoubleTop,336.75,BUY,0.51,6.16,8.46,6.16,7.19,-0.53,-0.74,0.21,5.99,6.11,6.19,4.49,1.18,uptrend,1.00,0.88,true
2026-08-07,BE,219.34,14771523,47.91,67.31,168.31,255.94,157.33,252.00,-32.69,29,DoubleTop|DescendingScallop,80.70,HOLD,28.53,176.54,304.93,176.54,233.61,-19.13,-31.27,12.13,212.12,221.17,253.52,181.53,0.83,uptrend,0.00,0.75,true
2026-08-07,CIEN,412.39,1858064,50.47,85.91,339.71,449.43,323.29,466.66,-14.09,29,DescendingScallop,184.50,HOLD,30.87,366.08,505.01,366.08,427.83,-18.97,-31.20,12.23,394.57,402.41,445.84,357.15,0.93,uptrend,0.00,0.62,true
2026-08-07,DLO,14.40,1242126,48.76,28.86,14.13,15.42,13.83,15.65,-71.14,29,DoubleTop,72.29,HOLD,0.55,13.58,16.05,13.58,14.68,0.04,0.21,-0.17,14.78,14.67,13.59,13.40,0.76,uptrend,0.00,0.13,false
2026-08-07,DNA,7.97,1652674,44.28,30.86,6.97,9.52,7.22,9.65,-69.14,29,DoubleBottom,190.00,HOLD,0.65,6.99,9.92,6.99,8.30,-0.37,-0.76,0.39,8.25,8.46,8.76,8.71,1.80,downtrend,0.00,0.04,false
2026-08-07,GEV,990.32,2007838,46.13,38.07,927.64,1101.69,897.68,1140.99,-61.93,29,DescendingScallop,98.66,HOLD,58.04,903.26,1164.44,903.26,1019.34,-42.56,-43.39,0.83,1014.66,1012.50,1021.31,846.38,0.71,uptrend,0.00,0.49,false
2026-08-07,GLW,165.68,9363153,51.61,91.51,121.98,186.36,114.50,193.71,-8.49,29,DescendingScallop,192.25,HOLD,14.14,144.48,208.09,144.48,172.75,-16.30,-26.09,9.80,154.17,158.20,179.13,137.03,0.65,uptrend,0.00,0.56,true
2026-08-07,GOOGL,354.30,19720908,50.75,56.63,315.85,381.67,314.90,384.48,-43.37,29,ThreeRisingValleys,279.65,HOLD,12.86,335.01,392.88,335.01,360.73,-5.97,-7.90,1.92,348.76,352.36,356.51,329.11,0.61,uptrend,0.00,0.32,false
2026-08-07,INTC,101.65,74293938,50.14,79.25,83.71,110.20,81.79,109.61,-20.75,29,,261.73,BUY,8.09,89.52,125.92,89.52,105.69,-6.94,-11.20,4.26,96.96,99.55,110.65,68.58,0.65,uptrend,0.67,0.75,true
2026-08-07,IONQ,44.43,28072130,56.85,98.56,30.57,42.98,31.81,44.62,-1.44,29,,327.84,HOLD,3.33,39.44,54.42,39.44,46.09,-1.78,-5.28,3.50,36.78,39.60,48.68,45.63,1.29,downtrend,0.00,0.72,true
2026-08-07,OPEN,3.48,27353790,35.83,9.13,3.30,4.86,3.38,4.90,-90.87,29,DescendingScallop,201.00,SELL,0.31,3.96,2.54,3.96,3.33,-0.49,-0.36,-0.13,4.08,4.01,4.45,5.49,0.42,downtrend,0.00,0.08,false
2026-08-07,PLTR,172.01,76171329,72.83,99.27,105.95,164.13,117.89,172.41,-0.73,29,,473.75,BUY,8.96,158.57,198.90,158.57,176.49,2.99,1.57,1.42,135.04,138.61,132.60,152.28,1.66,uptrend,1.00,0.85,true
2026-08-07,POET,8.91,16996116,53.92,91.00,6.30,9.10,6.28,9.17,-9.00,29,DoubleTop,266.10,BUY,0.89,7.58,11.58,7.58,9.35,-0.37,-0.76,0.39,7.70,8.09,9.86,7.92,1.29,uptrend,0.67,0.83,true
2026-08-07,TSLA,328.58,38841743,41.41,35.99,272.94,413.72,297.38,406.59,-64.01,29,DescendingScallop,152.43,HOLD,14.82,306.35,373.04,306.35,335.99,-41.78,-34.62,-7.16,343.33,339.99,380.44,408.80,0.99,downtrend,0.00,0.08,false
2026-08-07,UPST,31.09,4245653,55.59,59.09,25.90,32.46,25.89,34.69,-40.91,29,,183.13,HOLD,1.91,28.22,36.82,28.22,32.05,-1.66,-2.40,0.73,29.18,29.63,31.17,35.57,1.00,downtrend,0.00,0.20,false
2026-08-07,ABCL,6.93,6453900,61.66,97.01,4.98,7.00,4.98,6.99,-2.99,30,DoubleTop,321.75,BUY,0.51,6.16,8.46,6.16,7.19,-0.53,-0.74,0.21,5.99,6.11,6.19,4.49,1.30,uptrend,1.00,0.88,true
2026-08-07,BE,219.34,15071700,47.91,67.31,168.31,255.94,157.33,252.00,-32.69,30,DoubleTop|DescendingScallop,65.70,HOLD,28.53,176.54,304.93,176.54,233.61,-19.13,-31.27,12.13,212.12,221.17,253.52,181.53,0.85,uptrend,0.00,0.75,true
2026-08-07,CIEN,412.39,1886600,50.47,85.91,339.71,449.43,323.29,466.66,-14.09,30,DescendingScallop,169.50,HOLD,30.87,366.08,505.01,366.08,427.83,-18.97,-31.20,12.23,394.57,402.41,445.84,357.15,0.94,uptrend,0.00,0.62,true
2026-08-07,DLO,14.40,1243100,48.76,28.86,14.13,15.42,13.83,15.65,-71.14,30,DoubleTop,72.29,HOLD,0.55,13.58,16.06,13.58,14.68,0.04,0.21,-0.17,14.78,14.67,13.59,13.40,0.76,uptrend,0.00,0.13,false
2026-08-07,DNA,7.97,1653000,44.28,30.86,6.97,9.52,7.22,9.65,-69.14,30,DoubleBottom,175.00,HOLD,0.65,6.99,9.93,6.99,8.30,-0.37,-0.76,0.39,8.25,8.46,8.76,8.71,1.80,downtrend,0.00,0.04,false
2026-08-07,GEV,990.32,2475900,46.13,38.07,927.64,1101.69,897.68,1140.99,-61.93,30,DescendingScallop,83.66,HOLD,58.04,903.26,1164.45,903.26,1019.34,-42.56,-43.39,0.83,1014.66,1012.50,1021.31,846.38,0.87,uptrend,0.00,0.49,false
2026-08-07,GLW,165.68,10718700,51.61,91.51,121.98,186.36,114.50,193.71,-8.49,30,DescendingScallop,177.25,HOLD,14.14,144.48,208.09,144.48,172.75,-16.30,-26.09,9.80,154.17,158.20,179.13,137.03,0.74,uptrend,0.00,0.56,true
2026-08-07,GOOGL,354.30,19805200,50.75,56.63,315.85,381.67,314.90,384.48,-43.37,30,ThreeRisingValleys,264.65,HOLD,12.86,335.01,392.88,335.01,360.73,-5.97,-7.90,1.92,348.76,352.36,356.51,329.11,0.61,uptrend,0.00,0.32,false
2026-08-07,INTC,101.65,76609900,50.14,79.25,83.71,110.20,81.79,109.61,-20.75,30,,246.73,BUY,8.09,89.52,125.92,89.52,105.69,-6.94,-11.20,4.26,96.96,99.55,110.65,68.58,0.67,uptrend,0.67,0.75,true
2026-08-07,IONQ,44.43,34382100,56.85,98.56,30.57,42.98,31.81,44.62,-1.44,30,,344.34,HOLD,3.33,39.44,54.42,39.44,46.09,-1.78,-5.28,3.50,36.78,39.60,48.68,45.63,1.56,downtrend,0.00,0.79,true
2026-08-07,OPEN,3.48,28007800,35.83,9.13,3.30,4.86,3.38,4.90,-90.87,30,DescendingScallop,201.00,SELL,0.31,3.96,2.54,3.96,3.33,-0.49,-0.36,-0.13,4.08,4.01,4.45,5.49,0.43,downtrend,0.00,0.08,false
2026-08-07,PLTR,172.01,77382900,72.83,99.27,105.95,164.13,117.89,172.41,-0.73,30,,458.75,BUY,8.96,158.57,198.90,158.57,176.49,2.99,1.57,1.42,135.04,138.61,132.60,152.28,1.68,uptrend,1.00,0.85,true
2026-08-07,POET,8.91,17121300,53.92,91.00,6.30,9.10,6.28,9.17,-9.00,30,DoubleTop,251.10,BUY,0.89,7.58,11.58,7.58,9.35,-0.37,-0.76,0.39,7.70,8.09,9.86,7.92,1.30,uptrend,0.67,0.83,true
2026-08-07,TSLA,328.58,39370100,41.41,35.99,272.94,413.72,297.38,406.59,-64.01,30,DescendingScallop,152.43,HOLD,14.82,306.35,373.04,306.35,335.99,-41.78,-34.62,-7.16,343.33,339.99,380.44,408.80,1.00,downtrend,0.00,0.08,false
2026-08-07,UPST,31.09,4439200,55.59,59.09,25.90,32.46,25.89,34.69,-40.91,30,,181.63,HOLD,1.91,28.22,36.83,28.22,32.05,-1.66,-2.40,0.73,29.18,29.63,31.17,35.57,1.04,downtrend,0.00,0.28,false
2026-08-07,ABCL,6.93,6453900,61.66,97.01,4.98,7.00,4.98,6.99,-2.99,31,DoubleTop,321.75,BUY,0.51,6.16,8.46,6.16,7.19,-0.53,-0.74,0.21,5.99,6.11,6.19,4.49,1.30,uptrend,1.00,0.88,true
2026-08-07,BE,219.34,15071700,47.91,67.31,168.31,255.94,157.33,252.00,-32.69,31,DoubleTop|DescendingScallop,65.70,HOLD,28.53,176.54,304.93,176.54,233.61,-19.13,-31.27,12.13,212.12,221.17,253.52,181.53,0.85,uptrend,0.00,0.75,true
2026-08-07,CIEN,412.39,1886600,50.47,85.91,339.71,449.43,323.29,466.66,-14.09,31,DescendingScallop,169.50,HOLD,30.87,366.08,505.01,366.08,427.83,-18.97,-31.20,12.23,394.57,402.41,445.84,357.15,0.94,uptrend,0.00,0.62,true
2026-08-07,DLO,14.40,1243100,48.76,28.86,14.13,15.42,13.83,15.65,-71.14,31,DoubleTop,72.29,HOLD,0.55,13.58,16.06,13.58,14.68,0.04,0.21,-0.17,14.78,14.67,13.59,13.40,0.76,uptrend,0.00,0.13,false
2026-08-07,DNA,7.97,1653000,44.28,30.86,6.97,9.52,7.22,9.65,-69.14,31,DoubleBottom,175.00,HOLD,0.65,6.99,9.93,6.99,8.30,-0.37,-0.76,0.39,8.25,8.46,8.76,8.71,1.80,downtrend,0.00,0.04,false
2026-08-07,GEV,990.32,2475900,46.13,38.07,927.64,1101.69,897.68,1140.99,-61.93,31,DescendingScallop,83.66,HOLD,58.04,903.26,1164.45,903.26,1019.34,-42.56,-43.39,0.83,1014.66,1012.50,1021.31,846.38,0.87,uptrend,0.00,0.49,false
2026-08-07,GLW,165.68,10718700,51.61,91.51,121.98,186.36,114.50,193.71,-8.49,31,DescendingScallop,177.25,HOLD,14.14,144.48,208.09,144.48,172.75,-16.30,-26.09,9.80,154.17,158.20,179.13,137.03,0.74,uptrend,0.00,0.56,true
2026-08-07,GOOGL,354.30,19805200,50.75,56.63,315.85,381.67,314.90,384.48,-43.37,31,ThreeRisingValleys,264.65,HOLD,12.86,335.01,392.88,335.01,360.73,-5.97,-7.90,1.92,348.76,352.36,356.51,329.11,0.61,uptrend,0.00,0.32,false
2026-08-07,INTC,101.65,76609900,50.14,79.25,83.71,110.20,81.79,109.61,-20.75,31,,246.73,BUY,8.09,89.52,125.92,89.52,105.69,-6.94,-11.20,4.26,96.96,99.55,110.65,68.58,0.67,uptrend,0.67,0.75,true
2026-08-07,IONQ,44.43,34382100,56.85,98.56,30.57,42.98,31.81,44.62,-1.44,31,,344.34,HOLD,3.33,39.44,54.42,39.44,46.09,-1.78,-5.28,3.50,36.78,39.60,48.68,45.63,1.56,downtrend,0.00,0.79,true
2026-08-07,OPEN,3.48,28007800,35.83,9.13,3.30,4.86,3.38,4.90,-90.87,31,DescendingScallop,201.00,SELL,0.31,3.96,2.54,3.96,3.33,-0.49,-0.36,-0.13,4.08,4.01,4.45,5.49,0.43,downtrend,0.00,0.08,false
2026-08-07,PLTR,172.01,77382900,72.83,99.27,105.95,164.13,117.89,172.41,-0.73,31,,458.75,BUY,8.96,158.57,198.90,158.57,176.49,2.99,1.57,1.42,135.04,138.61,132.60,152.28,1.68,uptrend,1.00,0.85,true
2026-08-07,POET,8.91,17121300,53.92,91.00,6.30,9.10,6.28,9.17,-9.00,31,DoubleTop,251.10,BUY,0.89,7.58,11.58,7.58,9.35,-0.37,-0.76,0.39,7.70,8.09,9.86,7.92,1.30,uptrend,0.67,0.83,true
2026-08-07,TSLA,328.58,39370100,41.41,35.99,272.94,413.72,297.38,406.59,-64.01,31,DescendingScallop,152.43,HOLD,14.82,306.35,373.04,306.35,335.99,-41.78,-34.62,-7.16,343.33,339.99,380.44,408.80,1.00,downtrend,0.00,0.08,false
2026-08-07,UPST,31.09,4439200,55.59,59.09,25.90,32.46,25.89,34.69,-40.91,31,,181.63,HOLD,1.91,28.22,36.83,28.22,32.05,-1.66,-2.40,0.73,29.18,29.63,31.17,35.57,1.04,downtrend,0.00,0.28,false
2026-08-10,ABCL,9.34,45715210,77.21,86.68,4.36,7.90,4.98,10.01,-13.32,30,,454.02,BUY,0.69,8.30,11.42,8.30,9.69,-0.27,-0.70,0.43,6.13,6.41,6.26,4.51,6.47,uptrend,1.00,0.81,true
2026-08-10,BE,210.63,8977519,45.68,57.86,168.28,253.68,157.33,252.00,-42.14,30,DoubleTop|DescendingScallop,50.00,HOLD,27.28,169.71,292.46,169.71,224.27,-17.37,-28.69,11.32,210.98,220.17,251.93,182.06,0.51,uptrend,0.00,0.75,true
2026-08-10,CIEN,387.70,2019972,44.94,62.11,342.00,441.36,323.29,466.66,-37.89,30,DescendingScallop,58.63,HOLD,31.01,341.19,480.72,341.19,403.20,-19.28,-29.77,10.48,391.68,401.01,442.19,358.24,0.99,uptrend,0.00,0.35,false
2026-08-10,DLO,14.37,904886,48.27,26.86,14.08,15.41,13.83,15.65,-73.14,30,,94.36,HOLD,0.53,13.57,15.97,13.57,14.64,0.08,0.16,-0.08,14.75,14.64,13.64,13.39,0.56,uptrend,0.00,0.13,false
2026-08-10,DNA,7.65,1242768,41.44,17.70,6.93,9.42,7.22,9.65,-82.30,30,DoubleBottom,139.50,HOLD,0.65,6.67,9.61,6.67,7.98,-0.28,-0.69,0.41,8.18,8.38,8.73,8.68,1.31,downtrend,0.00,0.04,false
2026-08-10,GEV,990.85,1578929,46.21,62.43,925.45,1098.70,897.68,1140.99,-37.57,30,DescendingScallop,77.19,HOLD,55.35,907.83,1156.89,907.83,1018.52,-41.22,-44.16,2.94,1012.08,1010.44,1021.20,848.41,0.56,uptrend,0.00,0.42,false
2026-08-10,GLW,157.76,7626460,47.90,77.35,123.49,182.31,114.50,193.71,-22.65,30,DescendingScallop,137.87,HOLD,13.85,136.98,199.32,136.98,164.69,-14.65,-24.65,10.00,152.90,158.16,178.63,137.39,0.53,uptrend,0.00,0.35,false
2026-08-10,GOOGL,357.52,18914905,52.24,61.25,315.92,382.11,314.90,384.48,-38.75,30,ThreeRisingValleys,298.49,HOLD,12.29,339.08,394.39,339.08,363.67,-2.56,-7.52,4.96,349.01,352.85,355.85,329.65,0.58,uptrend,0.00,0.39,false
2026-08-10,INTC,97.52,99944552,46.53,62.77,83.73,109.62,81.79,109.61,-37.23,30,DescendingScallop,103.70,HOLD,7.89,85.68,121.20,85.68,101.47,-6.29,-10.31,4.02,96.68,99.36,110.18,68.88,0.87,uptrend,0.00,0.75,true
2026-08-10,IONQ,42.53,16875591,53.04,83.72,30.32,43.60,31.81,44.62,-16.28,30,,269.04,HOLD,3.25,37.65,52.28,37.65,44.16,-0.82,-4.48,3.66,36.96,39.88,48.12,45.54,0.78,downtrend,0.00,0.27,false
2026-08-10,OPEN,3.48,32082886,35.75,8.93,3.23,4.83,3.38,4.90,-91.07,30,DescendingScallop,201.00,SELL,0.30,3.94,2.57,3.94,3.33,-0.47,-0.39,-0.08,4.03,3.96,4.41,5.47,0.51,downtrend,0.00,0.08,false
2026-08-10,PLTR,175.23,55252372,73.91,92.92,103.47,171.12,117.89,179.60,-7.08,30,,376.46,BUY,8.95,161.81,202.07,161.81,179.70,5.54,1.74,3.81,137.30,142.10,133.24,152.25,1.18,uptrend,1.00,0.77,true
2026-08-10,POET,8.56,13982554,51.38,76.77,6.29,9.18,6.28,9.25,-23.23,30,DoubleTop,211.85,HOLD,0.88,7.24,11.20,7.24,9.00,-0.28,-0.68,0.40,7.73,8.13,9.76,7.93,1.05,uptrend,0.67,0.57,true
2026-08-10,TSLA,330.88,24364376,42.52,40.46,273.68,406.59,297.38,406.59,-59.54,30,DescendingScallop,148.85,HOLD,14.18,309.60,373.43,309.60,337.97,-38.44,-36.54,-1.90,340.14,339.13,378.22,408.24,0.63,downtrend,0.00,0.08,false
2026-08-10,UPST,30.21,3690793,51.37,49.09,25.97,32.26,25.89,34.69,-50.91,30,,109.93,HOLD,1.85,27.44,35.75,27.44,31.13,-1.27,-2.29,1.02,29.11,29.69,31.12,35.45,0.86,downtrend,0.00,0.20,false
2026-08-11,ABCL,9.76,17223620,78.83,90.02,3.91,8.65,4.98,10.29,-9.98,29,ThreeRisingValleys|AscendingScallop,582.53,BUY,0.74,8.66,11.97,8.66,10.13,0.03,-0.62,0.65,6.28,6.73,6.33,4.53,2.22,uptrend,0.83,0.83,true
2026-08-11,BE,211.21,8641642,45.86,58.49,169.33,249.41,157.33,249.45,-41.51,29,DoubleBottom,247.11,HOLD,26.00,172.21,289.22,172.21,224.21,-11.95,-25.64,13.69,209.37,219.31,250.45,182.65,0.49,uptrend,0.00,0.47,false
2026-08-11,CIEN,387.53,1531755,44.91,61.94,345.98,431.44,323.29,451.01,-38.06,29,DoubleBottom|HeadAndShoulders|DescendingScallop,71.71,HOLD,29.56,343.19,476.22,343.19,402.31,-17.79,-27.66,9.87,388.71,399.73,438.34,359.35,0.75,uptrend,0.00,0.27,false
2026-08-11,DLO,14.11,1738772,44.69,15.15,13.99,15.43,13.83,15.65,-84.85,29,DoubleBottom,188.50,HOLD,0.54,13.29,15.74,13.29,14.38,0.09,0.13,-0.03,14.71,14.59,13.68,13.39,1.05,uptrend,0.00,0.13,false
2026-08-11,DNA,7.51,1207028,40.23,11.93,6.89,9.31,7.22,9.65,-88.07,29,DoubleBottom,154.52,HOLD,0.64,6.56,9.42,6.56,7.83,-0.17,-0.61,0.44,8.10,8.30,8.69,8.65,1.23,downtrend,0.00,0.04,false
2026-08-11,GEV,1011.88,1629300,49.41,76.52,926.35,1092.39,897.68,1140.99,-23.48,29,DoubleBottom|HeadAndShoulders|DescendingScallop,147.00,HOLD,54.44,930.22,1175.21,930.22,1039.10,-36.07,-44.02,7.94,1009.37,1010.58,1022.07,850.59,0.58,uptrend,0.00,0.54,false
2026-08-11,GLW,159.19,5038307,48.62,79.90,126.51,176.45,114.50,187.07,-20.10,29,ThreeRisingValleys|DescendingScallop,247.95,HOLD,13.15,139.46,198.65,139.46,165.77,-12.24,-22.76,10.52,151.48,158.26,178.19,137.77,0.35,uptrend,0.00,0.20,false
2026-08-11,GOOGL,343.80,28664272,45.85,41.53,315.42,381.03,314.90,384.48,-58.47,29,ThreeRisingValleys,180.96,HOLD,12.42,325.17,381.06,325.17,350.01,0.31,-6.73,7.04,348.23,351.99,355.12,330.11,0.86,uptrend,0.00,0.20,false
2026-08-11,INTC,97.71,163634859,46.72,71.10,84.25,108.10,81.79,109.61,-28.90,29,DoubleBottom|DescendingScallop,225.59,HOLD,7.54,86.39,120.34,86.39,101.48,-4.90,-9.32,4.42,96.17,99.20,109.84,69.18,1.38,uptrend,0.50,0.83,true
2026-08-11,IONQ,43.44,11936127,54.61,90.82,30.01,44.32,31.81,44.62,-9.18,29,DoubleBottom,368.21,HOLD,3.15,38.72,52.89,38.72,45.01,0.27,-3.62,3.89,37.17,40.22,47.55,45.48,0.56,downtrend,0.00,0.27,false
2026-08-11,OPEN,3.58,32350624,38.69,21.86,3.20,4.77,3.38,4.90,-78.14,29,ThreeDescendingPeaks|DescendingScallop,192.05,HOLD,0.30,3.13,4.47,3.13,3.73,-0.43,-0.41,-0.02,3.98,3.93,4.38,5.46,0.54,downtrend,0.00,0.08,false
2026-08-11,PLTR,174.94,41866512,73.62,92.45,101.84,176.88,117.89,179.60,-7.55,29,DoubleBottom|ThreeRisingValleys|AscendingScallop,570.83,BUY,8.68,161.92,200.98,161.92,179.28,8.25,2.28,5.96,139.36,145.23,133.61,152.24,0.90,uptrend,1.00,0.62,true
2026-08-11,POET,8.59,10518321,51.59,77.78,6.31,9.13,6.28,9.25,-22.22,29,DoubleBottom|DoubleTop|ThreeRisingValleys|AscendingScallop,426.10,HOLD,0.84,7.33,11.10,7.33,9.01,-0.13,-0.59,0.46,7.72,8.18,9.69,7.94,0.80,uptrend,0.00,0.27,false
2026-08-11,TSLA,332.81,23158961,43.49,79.21,275.66,398.28,297.38,406.59,-20.79,29,DoubleBottom|DescendingScallop,190.68,HOLD,13.65,312.34,373.75,312.34,339.63,-33.45,-37.48,4.03,336.97,338.52,376.16,407.71,0.59,downtrend,0.00,0.08,false
2026-08-11,UPST,29.89,3638756,49.88,45.45,26.08,31.96,25.89,34.69,-54.55,29,DoubleBottom,179.96,HOLD,1.81,27.18,35.31,27.18,30.79,-0.85,-2.11,1.26,29.02,29.71,31.05,35.35,0.84,downtrend,0.00,0.20,false
2026-08-12,ABCL,10.35,14451352,80.89,99.54,3.50,9.42,4.98,10.38,-0.46,27,ThreeRisingValleys|AscendingScallop,572.21,BUY,0.78,9.18,12.70,9.18,10.75,0.35,-0.49,0.84,6.46,7.08,6.41,4.56,1.73,uptrend,0.83,0.98,true
2026-08-12,BE,237.16,14371370,53.34,86.15,169.54,248.97,157.33,249.99,-13.85,27,ThreeRisingValleys|AscendingScallop,450.58,HOLD,26.92,196.77,317.93,196.77,250.62,-6.63,-22.16,15.54,209.26,221.01,249.73,183.33,0.81,uptrend,0.67,0.75,true
2026-08-12,CIEN,432.05,3753658,55.17,88.37,344.42,434.36,323.29,446.36,-11.63,27,ThreeRisingValleys|AscendingScallop,501.79,HOLD,31.65,384.57,527.01,384.57,447.88,-13.73,-24.78,11.05,389.39,402.81,435.59,360.65,1.74,uptrend,0.00,0.50,false
2026-08-12,DLO,14.28,1944852,47.44,25.46,13.94,15.42,13.81,15.65,-74.54,27,DoubleBottom|FallingWedge|HeadAndShoulders,188.75,HOLD,0.54,13.47,15.91,13.47,14.55,0.06,0.10,-0.04,14.68,14.56,13.73,13.38,1.15,uptrend,0.00,0.21,false
2026-08-12,DNA,7.21,1064556,37.68,0.41,6.81,9.21,7.20,9.65,-99.59,27,DoubleBottom,160.00,HOLD,0.62,6.29,9.06,6.29,7.52,-0.11,-0.51,0.40,8.01,8.19,8.65,8.62,1.06,downtrend,0.00,0.04,false
2026-08-12,GEV,1039.90,1486887,53.39,91.57,927.02,1090.18,897.68,1140.99,-8.43,27,ThreeRisingValleys,347.78,BUY,53.49,959.66,1200.37,959.66,1066.65,-31.03,-42.76,11.73,1008.60,1013.37,1023.86,852.82,0.54,uptrend,0.50,0.67,true
2026-08-12,GLW,167.44,8095696,52.67,94.65,127.28,174.98,114.50,170.43,-5.35,27,DoubleTop|ThreeRisingValleys|AscendingScallop,393.13,HOLD,12.98,147.97,206.38,147.97,173.93,-9.54,-20.34,10.80,151.13,159.13,178.00,138.18,0.57,uptrend,0.00,0.42,false
2026-08-12,GOOGL,343.54,23857798,45.74,39.04,315.71,378.00,314.90,384.48,-60.96,27,ThreeRisingValleys,176.49,HOLD,11.93,325.64,379.34,325.64,349.51,2.63,-5.49,8.13,346.86,351.19,354.47,330.56,0.72,uptrend,0.00,0.20,false
2026-08-12,INTC,100.95,161584069,49.98,87.61,84.35,107.80,81.79,106.85,-12.39,27,ThreeRisingValleys|AscendingScallop,425.37,BUY,7.39,89.86,123.13,89.86,104.65,-3.76,-8.23,4.47,96.07,99.37,109.67,69.50,1.34,uptrend,0.67,0.83,true
2026-08-12,IONQ,45.20,18434071,57.56,97.52,29.58,45.52,31.81,45.54,-2.48,27,ThreeRisingValleys|AscendingScallop,450.54,HOLD,3.12,40.52,54.55,40.52,46.76,1.05,-2.73,3.78,37.55,40.69,47.07,45.41,0.86,downtrend,0.00,0.42,false
2026-08-12,OPEN,3.49,18971309,37.05,13.10,3.19,4.65,3.38,4.80,-86.90,27,ThreeDescendingPeaks|DescendingScallop,185.00,HOLD,0.29,3.06,4.36,3.06,3.63,-0.41,-0.43,0.02,3.92,3.89,4.35,5.44,0.34,downtrend,0.00,0.08,false
2026-08-12,PLTR,171.04,35000125,69.75,86.13,101.37,181.08,117.89,179.60,-13.87,27,DoubleBottom|ThreeRisingValleys|AscendingScallop,552.92,BUY,8.54,158.23,196.66,158.23,175.31,10.13,3.17,6.96,141.22,147.69,133.81,152.20,0.75,uptrend,0.83,0.62,true
2026-08-12,POET,8.87,10065408,53.61,87.21,6.27,9.23,6.28,9.25,-12.79,27,ThreeRisingValleys|AscendingScallop,452.73,HOLD,0.81,7.65,11.30,7.65,9.28,-0.00,-0.48,0.48,7.75,8.24,9.59,7.94,0.78,uptrend,0.00,0.42,false
2026-08-12,TSLA,327.51,27695899,41.42,77.61,278.21,389.04,297.38,395.31,-22.39,27,DoubleBottom|ThreeRisingValleys|DescendingScallop,218.70,HOLD,13.52,307.23,368.07,307.23,334.27,-29.03,-37.43,8.40,333.62,337.47,374.39,407.10,0.71,downtrend,0.00,0.08,false
2026-08-12,UPST,29.10,4537778,46.32,36.48,26.20,31.59,25.89,34.69,-63.52,27,DoubleBottom,171.02,HOLD,1.81,26.39,34.52,26.39,30.00,-0.56,-1.88,1.31,28.90,29.65,30.96,35.24,1.03,downtrend,0.00,0.08,false
2026-08-13,ABCL,10.97,19017352,82.76,98.44,3.15,10.25,4.98,11.06,-1.56,29,ThreeRisingValleys|AscendingScallop,592.85,BUY,0.79,9.79,13.33,9.79,11.36,0.67,-0.32,0.99,6.70,7.45,6.51,4.58,2.13,uptrend,0.83,0.98,true
2026-08-13,BE,236.22,11273639,53.05,82.19,169.35,252.12,157.33,253.31,-17.81,29,ThreeRisingValleys|AscendingScallop,438.20,BUY,26.42,196.59,315.48,196.59,249.43,-0.15,-18.16,18.01,210.73,222.46,248.39,183.96,0.64,uptrend,0.67,0.75,true
2026-08-13,CIEN,442.79,2908705,57.24,85.72,341.46,442.72,323.29,462.69,-14.28,29,IslandReversal|ThreeRisingValleys|AscendingScallop,566.55,BUY,31.87,394.98,538.40,394.98,458.73,-6.11,-21.04,14.93,392.09,406.61,431.90,361.97,1.33,uptrend,0.83,0.64,true
2026-08-13,DLO,14.76,3651955,54.33,51.58,13.95,15.43,13.81,15.65,-48.42,29,DoubleBottom|HeadAndShoulders,241.82,HOLD,0.55,13.94,16.40,13.94,15.03,0.04,0.08,-0.04,14.69,14.58,13.79,13.38,2.03,uptrend,0.00,0.48,false
2026-08-13,DNA,7.24,1118489,38.10,2.03,6.72,9.19,7.19,9.65,-97.97,29,DoubleBottom|HeadAndShoulders,160.00,HOLD,0.60,6.34,9.03,6.34,7.54,-0.08,-0.41,0.34,7.96,8.10,8.61,8.59,1.12,downtrend,0.00,0.04,false
2026-08-13,GEV,1049.42,1698934,54.70,90.48,926.59,1091.93,897.68,1140.99,-9.52,29,,286.57,HOLD,52.84,970.16,1207.94,970.16,1075.84,-21.36,-40.11,18.75,1009.26,1016.80,1025.46,855.14,0.63,uptrend,0.67,0.61,true
2026-08-13,GLW,158.54,8517112,48.25,78.74,127.28,175.00,114.50,170.43,-21.26,29,ThreeRisingValleys|AscendingScallop,405.36,HOLD,12.79,139.35,196.92,139.35,164.94,-5.85,-17.46,11.61,151.14,159.08,177.16,138.53,0.62,uptrend,0.00,0.20,false
2026-08-13,GOOGL,346.36,17607761,47.27,36.51,315.50,377.40,314.90,384.48,-63.49,29,,109.93,HOLD,11.40,329.27,380.55,329.27,352.06,4.29,-3.89,8.18,346.45,350.73,354.16,330.99,0.55,uptrend,0.00,0.32,false
2026-08-13,INTC,104.56,111979671,53.41,88.32,84.16,108.75,81.79,107.57,-11.68,29,DoubleTop|ThreeRisingValleys|AscendingScallop,381.84,HOLD,7.38,93.48,126.71,93.48,108.25,-2.02,-7.00,4.98,96.45,99.86,109.61,69.83,0.93,uptrend,0.67,0.75,true
2026-08-13,IONQ,44.98,18996469,57.06,81.62,29.54,46.55,31.81,47.94,-18.38,29,ThreeRisingValleys|AscendingScallop,422.84,HOLD,3.12,40.29,54.35,40.29,46.54,1.98,-1.80,3.78,38.05,41.10,46.54,45.34,0.89,downtrend,0.00,0.35,false
2026-08-13,OPEN,3.65,170611139,41.78,43.56,3.20,4.55,3.21,4.58,-56.44,29,DescendingScallop,202.40,SELL,0.30,4.10,2.75,4.10,3.50,-0.39,-0.43,0.04,3.87,3.86,4.31,5.42,3.00,downtrend,0.00,0.08,false
2026-08-13,PLTR,179.01,36295380,72.89,98.55,100.50,186.40,117.89,179.91,-1.45,29,DoubleBottom|ThreeRisingValleys|AscendingScallop,570.53,HOLD,8.57,166.16,204.71,166.16,183.29,12.95,4.51,8.44,143.45,150.67,134.35,152.17,0.77,uptrend,0.83,0.82,true
2026-08-13,POET,8.91,17493287,53.90,81.68,6.25,9.38,6.28,9.50,-18.32,29,CupWithHandle|ThreeRisingValleys|AscendingScallop,532.22,HOLD,0.81,7.69,11.34,7.69,9.32,0.16,-0.36,0.52,7.81,8.31,9.49,7.95,1.35,uptrend,0.00,0.50,false
2026-08-13,TSLA,339.96,33336616,47.72,96.20,282.15,379.99,297.38,386.61,-3.80,29,DoubleBottom|ThreeRisingValleys|DescendingScallop,251.38,HOLD,13.73,319.37,381.14,319.37,346.82,-24.23,-36.34,12.11,331.07,337.71,372.71,406.63,0.85,downtrend,0.00,0.20,false
2026-08-13,UPST,30.97,4818954,54.58,57.73,26.20,31.61,25.89,34.69,-42.27,29,DoubleBottom|ThreeRisingValleys|AscendingScallop,419.46,HOLD,1.84,28.21,36.48,28.21,31.89,-0.27,-1.60,1.33,28.90,29.78,30.93,35.13,1.07,downtrend,0.00,0.28,false
2026-08-14,ABCL,11.38,12310285,83.89,98.16,2.86,11.03,4.98,11.50,-1.84,29,ThreeRisingValleys|AscendingScallop,538.37,BUY,0.80,10.17,13.79,10.17,11.78,1.02,-0.11,1.13,6.95,7.82,6.62,4.61,1.31,uptrend,0.83,0.90,true
2026-08-14,BE,229.94,12191188,51.08,75.65,169.28,253.68,157.33,253.31,-24.35,29,ThreeRisingValleys|AscendingScallop,408.22,BUY,26.03,190.90,308.02,190.90,242.95,6.41,-13.93,20.34,211.48,223.17,247.24,184.56,0.70,uptrend,0.67,0.75,true
2026-08-14,CIEN,428.77,2514748,53.75,75.67,342.46,447.16,323.29,462.69,-24.33,29,ThreeRisingValleys|AscendingScallop,463.54,HOLD,31.35,381.74,522.82,381.74,444.45,3.38,-16.67,20.05,394.81,408.72,428.07,363.20,1.17,uptrend,0.00,0.50,false
2026-08-14,DLO,14.17,5065120,46.80,19.48,13.90,15.39,13.81,15.65,-80.52,29,DoubleBottom|HeadAndShoulders,171.90,HOLD,0.61,13.26,15.99,13.26,14.47,-0.00,0.06,-0.06,14.64,14.52,13.77,13.38,2.54,uptrend,0.00,0.21,false
2026-08-14,DNA,6.79,1446242,34.66,0.52,6.57,9.26,6.78,9.65,-99.48,29,HeadAndShoulders,185.00,HOLD,0.60,5.89,8.60,5.89,7.09,-0.18,-0.50,0.31,7.92,8.00,8.61,8.61,1.35,downtrend,0.00,0.04,false
2026-08-14,GEV,1063.25,1472679,56.60,95.82,926.20,1092.87,897.68,1140.99,-4.18,29,ThreeRisingValleys,380.69,BUY,51.31,986.28,1217.19,986.28,1088.91,-7.32,-35.97,28.65,1009.53,1021.23,1027.53,857.53,0.57,uptrend,0.83,0.61,true
2026-08-14,GLW,165.99,8284297,51.89,92.06,127.02,176.40,114.50,170.43,-7.94,29,ThreeRisingValleys|AscendingScallop,451.09,HOLD,12.55,147.16,203.65,147.16,172.27,-1.34,-14.32,12.98,151.71,159.73,176.47,138.92,0.61,uptrend,0.00,0.27,false
2026-08-14,GOOGL,345.90,16891717,47.04,35.74,315.46,377.36,314.90,384.48,-64.26,29,HeadAndShoulders,59.26,HOLD,11.01,329.39,378.92,329.39,351.40,5.55,-2.20,7.75,346.41,350.27,353.89,331.38,0.54,uptrend,0.00,0.20,false
2026-08-14,INTC,102.50,94307788,51.25,80.33,84.27,109.37,81.79,107.57,-19.67,29,DoubleTop|ThreeRisingValleys|AscendingScallop,352.42,BUY,7.20,91.70,124.10,91.70,106.10,0.08,-5.66,5.75,96.82,100.11,109.40,70.14,0.79,uptrend,0.67,0.75,true
2026-08-14,IONQ,46.26,18010821,59.28,89.56,29.54,47.70,31.81,47.94,-10.44,29,ThreeRisingValleys|AscendingScallop,489.29,BUY,3.11,41.60,55.58,41.60,47.81,3.11,-0.83,3.95,38.62,41.59,46.10,45.25,0.85,uptrend,0.83,0.56,true
2026-08-14,OPEN,3.64,43479866,41.57,42.57,3.22,4.44,3.21,4.54,-57.43,29,DescendingScallop,130.04,HOLD,0.29,3.20,4.52,3.20,3.79,-0.33,-0.42,0.10,3.83,3.84,4.29,5.39,0.81,downtrend,0.00,0.08,false
2026-08-14,PLTR,174.04,23948735,68.14,90.14,100.92,190.15,117.89,180.18,-9.86,29,ThreeRisingValleys|AscendingScallop,478.71,BUY,8.41,161.43,199.27,161.43,178.24,15.48,6.29,9.19,145.53,152.90,134.99,152.09,0.51,uptrend,0.83,0.69,true
2026-08-14,POET,9.58,15958834,58.65,97.35,6.19,9.65,6.28,9.67,-2.65,29,ThreeRisingValleys|AscendingScallop,515.19,BUY,0.81,8.37,12.00,8.37,9.98,0.40,-0.22,0.62,7.92,8.43,9.38,7.96,1.22,uptrend,0.83,0.72,true
2026-08-14,TSLA,342.27,44776096,48.82,83.31,285.46,372.82,297.38,386.61,-16.69,29,ThreeRisingValleys|DescendingScallop,196.16,HOLD,13.88,321.45,383.92,321.45,349.21,-18.10,-34.17,16.07,329.14,338.15,371.09,406.08,1.13,downtrend,0.00,0.28,false
2026-08-14,UPST,30.43,2956765,52.09,51.59,26.17,31.73,25.89,34.69,-48.41,29,ThreeRisingValleys|AscendingScallop,277.09,HOLD,1.79,27.75,35.79,27.75,31.32,0.16,-1.27,1.42,28.95,29.84,30.93,35.02,0.67,downtrend,0.00,0.20,false
2026-08-14,ABCL,11.38,12332100,83.89,98.16,2.86,11.03,4.98,11.50,-1.84,34,ThreeRisingValleys|AscendingScallop,523.37,BUY,0.80,10.17,13.79,10.17,11.78,1.02,-0.11,1.13,6.95,7.82,6.62,4.61,1.31,uptrend,0.83,0.90,true
2026-08-14,BE,229.94,12212000,51.08,75.65,169.28,253.68,157.33,253.31,-24.35,34,ThreeRisingValleys|AscendingScallop,393.22,BUY,26.03,190.90,308.02,190.90,242.95,6.41,-13.93,20.34,211.48,223.17,247.24,184.56,0.70,uptrend,0.67,0.75,true
2026-08-14,CIEN,428.77,2518000,53.75,75.67,342.46,447.16,323.29,462.69,-24.33,34,ThreeRisingValleys|AscendingScallop,448.54,HOLD,31.35,381.74,522.82,381.74,444.45,3.38,-16.67,20.05,394.81,408.72,428.07,363.20,1.17,uptrend,0.00,0.50,false
2026-08-14,DLO,14.17,5066700,46.29,19.48,13.91,15.44,13.81,15.65,-80.52,34,DoubleBottom|DoubleTop|HeadAndShoulders|MeasuredMoveDown,171.15,HOLD,0.60,13.27,15.97,13.27,14.47,0.02,0.06,-0.04,14.67,14.54,13.85,13.37,2.57,uptrend,0.00,0.21,false
2026-08-14,DNA,6.79,1448000,34.33,0.52,6.57,9.24,6.78,9.65,-99.48,34,HeadAndShoulders,160.00,HOLD,0.59,5.91,8.55,5.91,7.08,-0.03,-0.31,0.28,7.90,7.98,8.57,8.56,1.42,downtrend,0.00,0.04,false
2026-08-14,GEV,1063.25,1489000,56.60,95.82,926.20,1092.87,897.68,1140.99,-4.18,34,ThreeRisingValleys,365.69,BUY,51.31,986.28,1217.19,986.28,1088.91,-7.32,-35.97,28.65,1009.53,1021.23,1027.53,857.53,0.58,uptrend,0.83,0.61,true
2026-08-14,GLW,165.99,8301600,51.89,92.06,127.02,176.40,114.50,170.43,-7.94,34,ThreeRisingValleys|AscendingScallop,436.09,HOLD,12.55,147.16,203.65,147.16,172.27,-1.34,-14.32,12.98,151.71,159.73,176.47,138.92,0.61,uptrend,0.00,0.27,false
2026-08-14,GOOGL,345.90,17753300,47.04,35.74,315.46,377.36,314.90,384.48,-64.26,34,HeadAndShoulders,59.26,HOLD,11.01,329.39,378.92,329.39,351.40,5.55,-2.20,7.75,346.41,350.27,353.89,331.38,0.57,uptrend,0.00,0.20,false
2026-08-14,INTC,102.50,95105600,51.25,80.33,84.27,109.37,81.79,107.57,-19.67,34,DoubleTop|ThreeRisingValleys|AscendingScallop,337.42,BUY,7.20,91.70,124.10,91.70,106.10,0.08,-5.66,5.75,96.82,100.11,109.40,70.14,0.80,uptrend,0.67,0.75,true
2026-08-14,IONQ,46.26,18045900,59.28,89.56,29.54,47.70,31.81,47.94,-10.44,34,ThreeRisingValleys|AscendingScallop,474.29,BUY,3.11,41.60,55.59,41.60,47.81,3.11,-0.83,3.95,38.62,41.59,46.10,45.25,0.85,uptrend,0.83,0.56,true
2026-08-14,OPEN,3.64,43719100,41.57,42.57,3.22,4.44,3.21,4.54,-57.43,34,DescendingScallop,130.04,HOLD,0.29,3.20,4.52,3.20,3.79,-0.33,-0.42,0.10,3.83,3.84,4.29,5.39,0.81,downtrend,0.00,0.08,false
2026-08-14,PLTR,174.04,23985400,68.14,90.14,100.92,190.15,117.89,180.18,-9.86,34,ThreeRisingValleys|AscendingScallop,463.71,BUY,8.41,161.43,199.27,161.43,178.24,15.48,6.29,9.19,145.53,152.90,134.99,152.09,0.51,uptrend,0.83,0.69,true
2026-08-14,POET,9.58,16238200,58.65,97.35,6.19,9.65,6.28,9.67,-2.65,34,ThreeRisingValleys|AscendingScallop,500.19,BUY,0.81,8.37,12.00,8.37,9.98,0.40,-0.22,0.62,7.92,8.43,9.38,7.96,1.24,uptrend,0.83,0.72,true
2026-08-14,TSLA,342.27,45375100,48.82,83.31,285.46,372.82,297.38,386.61,-16.69,34,ThreeRisingValleys|DescendingScallop,181.16,HOLD,13.88,321.45,383.92,321.45,349.21,-18.10,-34.17,16.07,329.14,338.15,371.09,406.08,1.14,downtrend,0.00,0.28,false
2026-08-14,UPST,30.43,2960400,52.09,51.59,26.17,31.73,25.89,34.69,-48.41,34,ThreeRisingValleys|AscendingScallop,262.09,HOLD,1.79,27.75,35.79,27.75,31.32,0.16,-1.27,1.42,28.95,29.84,30.93,35.02,0.67,downtrend,0.00,0.20,false
2026-08-14,ABCL,11.38,12332100,83.89,98.16,2.86,11.03,4.98,11.50,-1.84,34,ThreeRisingValleys|AscendingScallop,523.37,BUY,0.80,10.17,13.79,10.17,11.78,1.02,-0.11,1.13,6.95,7.82,6.62,4.61,1.31,uptrend,0.83,0.90,true
2026-08-14,BE,229.94,12212000,51.08,75.65,169.28,253.68,157.33,253.31,-24.35,34,ThreeRisingValleys|AscendingScallop,393.22,BUY,26.03,190.90,308.02,190.90,242.95,6.41,-13.93,20.34,211.48,223.17,247.24,184.56,0.70,uptrend,0.67,0.75,true
2026-08-14,CIEN,428.77,2518000,53.75,75.67,342.46,447.16,323.29,462.69,-24.33,34,ThreeRisingValleys|AscendingScallop,448.54,HOLD,31.35,381.74,522.82,381.74,444.45,3.38,-16.67,20.05,394.81,408.72,428.07,363.20,1.17,uptrend,0.00,0.50,false
2026-08-14,DLO,14.17,5066700,46.29,19.48,13.91,15.44,13.81,15.65,-80.52,34,DoubleBottom|DoubleTop|HeadAndShoulders|MeasuredMoveDown,171.15,HOLD,0.60,13.27,15.97,13.27,14.47,0.02,0.06,-0.04,14.67,14.54,13.85,13.37,2.57,uptrend,0.00,0.21,false
2026-08-14,DNA,6.79,1448000,34.33,0.52,6.57,9.24,6.78,9.65,-99.48,34,HeadAndShoulders,160.00,HOLD,0.59,5.91,8.55,5.91,7.08,-0.03,-0.31,0.28,7.90,7.98,8.57,8.56,1.42,downtrend,0.00,0.04,false
2026-08-14,GEV,1063.25,1489000,56.60,95.82,926.20,1092.87,897.68,1140.99,-4.18,34,ThreeRisingValleys,365.69,BUY,51.31,986.28,1217.19,986.28,1088.91,-7.32,-35.97,28.65,1009.53,1021.23,1027.53,857.53,0.58,uptrend,0.83,0.61,true
2026-08-14,GLW,165.99,8301600,51.89,92.06,127.02,176.40,114.50,170.43,-7.94,34,ThreeRisingValleys|AscendingScallop,436.09,HOLD,12.55,147.16,203.65,147.16,172.27,-1.34,-14.32,12.98,151.71,159.73,176.47,138.92,0.61,uptrend,0.00,0.27,false
2026-08-14,GOOGL,345.90,17753300,47.04,35.74,315.46,377.36,314.90,384.48,-64.26,34,HeadAndShoulders,59.26,HOLD,11.01,329.39,378.92,329.39,351.40,5.55,-2.20,7.75,346.41,350.27,353.89,331.38,0.57,uptrend,0.00,0.20,false
2026-08-14,INTC,102.50,95105600,51.25,80.33,84.27,109.37,81.79,107.57,-19.67,34,DoubleTop|ThreeRisingValleys|AscendingScallop,337.42,BUY,7.20,91.70,124.10,91.70,106.10,0.08,-5.66,5.75,96.82,100.11,109.40,70.14,0.80,uptrend,0.67,0.75,true
2026-08-14,IONQ,46.26,18045900,59.28,89.56,29.54,47.70,31.81,47.94,-10.44,34,ThreeRisingValleys|AscendingScallop,474.29,BUY,3.11,41.60,55.59,41.60,47.81,3.11,-0.83,3.95,38.62,41.59,46.10,45.25,0.85,uptrend,0.83,0.56,true
2026-08-14,OPEN,3.64,43719100,41.57,42.57,3.22,4.44,3.21,4.54,-57.43,34,DescendingScallop,130.04,HOLD,0.29,3.20,4.52,3.20,3.79,-0.33,-0.42,0.10,3.83,3.84,4.29,5.39,0.81,downtrend,0.00,0.08,false
2026-08-14,PLTR,174.04,23985400,68.14,90.14,100.92,190.15,117.89,180.18,-9.86,34,ThreeRisingValleys|AscendingScallop,463.71,BUY,8.41,161.43,199.27,161.43,178.24,15.48,6.29,9.19,145.53,152.90,134.99,152.09,0.51,uptrend,0.83,0.69,true
2026-08-14,POET,9.58,16238200,58.65,97.35,6.19,9.65,6.28,9.67,-2.65,34,ThreeRisingValleys|AscendingScallop,500.19,BUY,0.81,8.37,12.00,8.37,9.98,0.40,-0.22,0.62,7.92,8.43,9.38,7.96,1.24,uptrend,0.83,0.72,true
2026-08-14,TSLA,342.27,45375100,48.82,83.31,285.46,372.82,297.38,386.61,-16.69,34,ThreeRisingValleys|DescendingScallop,181.16,HOLD,13.88,321.45,383.92,321.45,349.21,-18.10,-34.17,16.07,329.14,338.15,371.09,406.08,1.14,downtrend,0.00,0.28,false
2026-08-14,UPST,30.43,2960400,52.09,51.59,26.17,31.73,25.89,34.69,-48.41,34,ThreeRisingValleys|AscendingScallop,262.09,HOLD,1.79,27.75,35.79,27.75,31.32,0.16,-1.27,1.42,28.95,29.84,30.93,35.02,0.67,downtrend,0.00,0.20,false
2026-08-17,ABCL,11.20,7706678,81.37,93.07,2.77,11.66,4.98,11.65,-6.93,31,ThreeRisingValleys|AscendingScallop,501.65,BUY,0.82,9.97,13.66,9.97,11.61,1.31,0.13,1.18,7.22,8.14,6.72,4.64,0.81,uptrend,0.83,0.75,true
2026-08-17,BE,232.16,10592111,51.76,77.96,170.67,255.81,157.33,253.31,-22.04,31,AscendingScallop,329.21,HOLD,25.26,194.27,307.95,194.27,244.79,8.97,-9.64,18.61,213.24,224.03,246.06,185.16,0.62,uptrend,0.67,0.75,true
2026-08-17,CIEN,445.18,2189056,57.05,87.44,341.98,454.27,323.29,462.69,-12.56,31,AscendingScallop,409.21,HOLD,31.29,398.24,539.06,398.24,460.83,10.07,-12.19,22.26,398.13,412.20,426.26,364.51,1.01,uptrend,0.00,0.50,false
2026-08-17,DLO,13.91,2689358,43.26,5.33,13.80,15.47,13.81,15.65,-94.67,31,DoubleBottom|DoubleTop|HeadAndShoulders,126.00,HOLD,0.60,13.01,15.71,13.01,14.21,-0.02,0.05,-0.06,14.63,14.48,13.89,13.37,1.33,uptrend,0.00,0.28,false
2026-08-17,DNA,6.92,614012,36.29,9.90,6.47,9.27,6.62,9.65,-90.10,31,MeasuredMoveDown,185.00,HOLD,0.57,6.06,8.64,6.06,7.21,-0.05,-0.24,0.19,7.87,7.88,8.53,8.53,0.61,downtrend,0.00,0.04,false
2026-08-17,GEV,1079.00,1651438,58.72,89.77,926.22,1092.83,897.68,1140.99,-10.23,31,ThreeRisingValleys,382.98,BUY,50.25,1003.63,1229.75,1003.63,1104.12,1.25,-30.62,31.87,1009.52,1026.73,1029.85,860.07,0.65,uptrend,0.83,0.75,true
2026-08-17,GLW,173.21,11353793,55.18,93.13,126.30,179.13,114.50,176.94,-6.87,31,ThreeRisingValleys|AscendingScallop,451.42,HOLD,12.44,154.55,210.52,154.55,179.43,2.51,-11.06,13.56,152.71,161.02,175.98,139.35,0.83,uptrend,0.00,0.35,false
2026-08-17,GOOGL,344.00,18214810,46.03,25.23,315.15,376.87,314.90,384.48,-74.77,31,CupWithHandle,164.12,HOLD,10.60,328.10,375.80,328.10,349.30,6.92,-0.47,7.39,346.01,349.67,353.33,331.76,0.59,uptrend,0.00,0.27,false
2026-08-17,INTC,103.49,86440747,52.25,84.17,84.26,110.03,81.79,107.57,-15.83,31,DoubleTop|ThreeRisingValleys,282.79,HOLD,6.98,93.01,124.44,93.01,106.98,1.36,-4.36,5.71,97.15,100.44,109.24,70.45,0.73,uptrend,0.67,0.75,true
2026-08-17,IONQ,46.84,12498010,60.28,93.15,29.74,48.76,31.81,47.94,-6.85,31,ThreeRisingValleys|AscendingScallop,481.92,HOLD,3.06,42.26,56.01,42.26,48.37,3.88,0.12,3.76,39.25,42.09,45.73,45.20,0.59,uptrend,0.00,0.42,false
2026-08-17,OPEN,3.54,49620677,39.43,32.67,3.23,4.34,3.21,4.53,-67.33,31,DescendingScallop,142.50,HOLD,0.29,3.11,4.40,3.11,3.68,-0.30,-0.41,0.11,3.79,3.81,4.26,5.37,0.95,downtrend,0.00,0.08,false
2026-08-17,PLTR,172.55,24117006,66.73,87.40,101.60,193.24,117.89,180.18,-12.60,31,ThreeRisingValleys|AscendingScallop,451.17,HOLD,8.09,160.41,196.83,160.41,176.60,17.91,8.27,9.64,147.42,154.77,135.60,152.01,0.52,uptrend,0.83,0.69,true
2026-08-17,POET,9.40,11655357,56.96,83.52,6.19,9.85,6.28,10.00,-16.48,31,ThreeRisingValleys|AscendingScallop,461.53,BUY,0.80,8.20,11.80,8.20,9.80,0.53,-0.09,0.62,8.02,8.52,9.25,7.97,0.89,uptrend,0.83,0.56,true
2026-08-17,TSLA,339.30,25419203,47.44,77.80,287.72,367.53,297.38,384.07,-22.20,31,ThreeRisingValleys|DescendingScallop,158.32,HOLD,13.46,319.11,379.68,319.11,346.03,-12.93,-31.15,18.22,327.63,338.26,369.50,405.47,0.65,downtrend,0.00,0.20,false
2026-08-17,UPST,29.75,3969389,49.05,43.86,26.20,31.80,25.89,34.69,-56.14,31,,91.07,HOLD,1.77,27.09,35.07,27.09,30.64,0.50,-0.92,1.42,29.00,29.83,30.88,34.91,0.88,downtrend,0.00,0.20,false
2026-08-18,ABCL,11.12,8169847,80.21,91.66,2.76,12.19,4.98,11.65,-8.34,41,ThreeRisingValleys|AscendingScallop,484.61,HOLD,0.82,9.89,13.58,9.89,11.53,1.58,0.39,1.19,7.47,8.43,6.83,4.67,0.85,uptrend,0.83,0.75,true
2026-08-18,BE,209.01,14581231,44.76,35.26,170.20,254.55,157.33,253.31,-64.74,41,,78.73,HOLD,25.36,170.97,285.10,170.97,221.69,10.18,-5.73,15.91,212.38,222.60,244.97,185.53,0.85,uptrend,0.00,0.67,true
2026-08-18,CIEN,405.54,3048527,48.12,46.93,341.92,454.01,323.29,462.69,-53.07,41,ThreeRisingValleys|AscendingScallop,287.76,HOLD,32.87,356.23,504.16,356.23,421.98,13.98,-7.85,21.83,397.97,411.56,424.61,365.59,1.37,uptrend,0.00,0.43,false
2026-08-18,DLO,13.64,3602514,40.30,2.90,13.64,15.51,13.58,15.65,-97.10,41,DoubleTop|HeadAndShoulders,151.00,HOLD,0.58,12.76,15.39,12.76,13.93,-0.09,0.03,-0.12,14.58,14.40,13.94,13.36,1.71,uptrend,0.00,0.28,false
2026-08-18,DNA,6.53,1110166,33.44,1.89,6.27,9.29,6.47,9.65,-98.11,41,,185.00,HOLD,0.58,5.67,8.26,5.67,6.82,-0.17,-0.35,0.18,7.78,7.77,8.52,8.55,1.06,downtrend,0.00,0.04,false
2026-08-18,GEV,1004.53,2322731,47.01,36.44,928.81,1082.81,897.68,1099.66,-63.56,41,ThreeRisingValleys,155.79,HOLD,53.29,924.59,1164.40,924.59,1031.18,3.90,-24.77,28.67,1005.81,1024.62,1031.27,862.21,0.93,uptrend,0.00,0.54,false
2026-08-18,GLW,159.90,10980530,48.59,63.70,126.34,178.84,114.50,176.94,-36.30,41,ThreeRisingValleys|AscendingScallop,333.49,HOLD,12.64,140.94,197.83,140.94,166.22,5.20,-7.95,13.16,152.59,160.91,175.63,139.70,0.80,uptrend,0.00,0.27,false
2026-08-18,GOOGL,344.20,19171000,46.16,25.60,315.00,376.73,314.90,384.48,-74.40,41,BearishFlag|DoubleTop,63.41,HOLD,10.18,328.93,374.73,328.93,349.29,6.24,1.13,5.12,345.86,349.15,352.84,332.11,0.62,uptrend,0.00,0.27,false
2026-08-18,INTC,96.68,121164464,45.37,50.41,84.40,109.01,81.79,107.57,-49.59,41,DoubleTop,50.00,HOLD,7.07,86.07,117.91,86.07,100.22,2.15,-3.13,5.27,96.71,100.08,109.19,70.73,1.01,uptrend,0.00,0.83,true
2026-08-18,IONQ,44.12,14307758,53.63,74.41,30.10,49.26,31.81,47.94,-25.59,41,ThreeRisingValleys|AscendingScallop,357.21,HOLD,3.07,39.52,53.33,39.52,45.65,4.32,1.02,3.30,39.68,42.28,45.47,45.12,0.69,downtrend,0.00,0.42,false
2026-08-18,OPEN,3.36,37253750,35.86,14.85,3.24,4.22,3.21,4.50,-85.15,41,ThreeDescendingPeaks|DescendingScallop,180.39,HOLD,0.28,2.94,4.20,2.94,3.50,-0.29,-0.40,0.10,3.73,3.77,4.24,5.35,0.74,downtrend,0.00,0.08,false
2026-08-18,PLTR,171.54,27979382,65.74,85.73,102.92,195.80,117.89,180.18,-14.27,41,ThreeRisingValleys|AscendingScallop,427.00,HOLD,7.82,159.80,195.01,159.80,175.45,20.35,10.49,9.86,149.36,156.36,136.32,151.87,0.60,uptrend,0.83,0.69,true
2026-08-18,POET,8.48,11615935,49.12,54.63,6.19,9.86,6.28,10.00,-45.37,41,ThreeRisingValleys|AscendingScallop,293.61,HOLD,0.81,7.26,10.92,7.26,8.89,0.64,0.05,0.59,8.02,8.52,9.19,7.98,0.89,uptrend,0.00,0.42,false
2026-08-18,TSLA,336.87,27113653,46.28,71.18,292.89,358.16,297.38,380.17,-28.82,41,ThreeRisingValleys|DescendingScallop,132.94,HOLD,13.17,317.11,376.38,317.11,343.46,-8.56,-27.58,19.02,325.52,338.12,368.42,404.85,0.69,downtrend,0.00,0.20,false
2026-08-18,UPST,29.11,3594605,46.31,36.59,26.19,31.78,25.89,34.69,-63.41,41,HeadAndShoulders,97.80,HOLD,1.72,26.53,34.26,26.53,29.97,0.73,-0.59,1.31,28.99,29.76,30.87,34.81,0.79,downtrend,0.00,0.08,false
2026-08-19,ABCL,12.01,10703704,83.09,97.89,2.75,12.82,4.98,12.15,-2.11,46,ThreeRisingValleys|AscendingScallop,508.18,BUY,0.83,10.76,14.51,10.76,12.43,1.89,0.67,1.22,7.79,8.77,6.96,4.70,1.07,uptrend,0.83,0.90,true
2026-08-19,BE,206.63,10231183,44.10,25.08,169.64,253.95,157.33,253.31,-74.92,46,,72.19,HOLD,24.40,170.04,279.82,170.04,218.83,10.62,-2.12,12.74,211.80,221.08,244.03,185.93,0.60,uptrend,0.00,0.35,false
2026-08-19,CIEN,399.47,1769437,46.91,41.29,342.04,454.13,323.29,462.69,-58.71,46,ThreeRisingValleys,189.09,HOLD,32.16,351.24,495.94,351.24,415.55,16.53,-3.55,20.08,398.08,410.41,423.26,366.65,0.79,uptrend,0.00,0.27,false
2026-08-19,DLO,14.30,5297456,49.40,34.78,13.64,15.51,13.58,15.65,-65.22,46,,148.37,HOLD,0.59,13.41,16.07,13.41,14.60,-0.15,0.01,-0.16,14.58,14.39,13.99,13.35,2.33,uptrend,0.00,0.35,false
2026-08-19,DNA,7.71,2252626,47.99,38.99,6.28,9.31,6.47,9.65,-61.01,46,ThreeDescendingPeaks|DescendingScallop|MeasuredMoveDown,165.71,HOLD,0.61,6.79,9.54,6.79,8.02,-0.13,-0.14,0.01,7.80,7.74,8.49,8.48,2.03,downtrend,0.00,0.04,false
2026-08-19,GEV,987.46,2038537,44.80,20.48,929.05,1082.81,897.68,1099.66,-79.52,46,,66.00,HOLD,52.40,908.87,1144.65,908.87,1013.66,5.31,-18.79,24.10,1005.93,1021.08,1032.34,864.27,0.85,uptrend,0.00,0.42,false
2026-08-19,GLW,152.46,10573108,45.33,44.43,126.27,178.75,114.50,176.94,-55.57,46,,101.30,HOLD,12.48,133.74,189.90,133.74,158.70,7.04,-5.02,12.06,152.51,160.11,174.92,140.01,0.77,uptrend,0.00,0.20,false
2026-08-19,GOOGL,344.72,19596813,46.52,10.61,315.17,376.81,314.90,384.48,-89.39,46,ThreeDescendingPeaks|AscendingScallop|MeasuredMoveDown,62.14,HOLD,9.88,329.89,374.37,329.89,349.66,4.41,2.43,1.99,345.99,348.73,352.47,332.42,0.66,uptrend,0.00,0.27,false
2026-08-19,INTC,92.80,108826782,41.98,32.71,84.11,108.32,81.79,107.57,-67.29,46,MeasuredMoveDown,62.40,HOLD,7.06,82.21,113.99,82.21,96.33,2.87,-1.94,4.81,96.22,99.39,108.84,70.99,0.90,uptrend,0.00,0.63,true
2026-08-19,IONQ,43.36,14896322,51.90,63.38,30.70,49.53,31.81,47.94,-36.62,46,ThreeRisingValleys|AscendingScallop,314.20,HOLD,2.99,38.87,52.34,38.87,44.86,4.54,1.84,2.70,40.11,42.39,45.08,45.03,0.71,downtrend,0.00,0.35,false
2026-08-19,OPEN,3.58,39849919,42.69,36.63,3.30,4.08,3.21,4.30,-63.37,46,DescendingScallop,127.03,HOLD,0.28,3.16,4.42,3.16,3.72,-0.29,-0.38,0.09,3.69,3.75,4.22,5.33,0.83,downtrend,0.00,0.08,false
2026-08-19,PLTR,175.19,35885884,67.61,91.76,105.62,198.17,117.89,180.18,-8.24,46,ThreeRisingValleys|AscendingScallop,442.31,HOLD,7.77,163.53,198.50,163.53,179.08,22.88,12.94,9.94,151.89,158.16,137.10,151.77,0.77,uptrend,0.83,0.69,true
2026-08-19,POET,8.44,7702931,48.81,53.43,6.23,9.90,6.28,10.00,-46.57,46,ThreeRisingValleys|AscendingScallop,287.33,HOLD,0.80,7.25,10.83,7.25,8.84,0.74,0.19,0.55,8.06,8.51,9.11,7.99,0.60,uptrend,0.00,0.49,false
2026-08-19,TSLA,351.12,35322838,53.43,98.99,297.53,351.23,297.38,351.62,-1.01,46,ThreeRisingValleys|AscendingScallop,392.67,HOLD,13.37,331.07,391.22,331.07,357.80,-4.41,-23.44,19.03,324.38,339.36,367.26,404.41,0.90,downtrend,0.00,0.27,false
2026-08-19,UPST,30.60,5872932,52.90,51.83,26.21,31.96,25.89,34.69,-48.17,46,AscendingScallop,192.91,HOLD,1.78,27.94,35.93,27.94,31.49,0.87,-0.26,1.13,29.09,29.84,30.86,34.74,1.25,downtrend,0.00,0.28,false
2026-08-20,ABCL,11.57,6176599,77.12,91.19,2.89,13.28,4.98,12.15,-8.81,62,ThreeRisingValleys|AscendingScallop,482.47,BUY,0.82,10.33,14.04,10.33,11.98,2.16,0.97,1.19,8.08,9.04,7.08,4.73,0.61,uptrend,0.83,0.75,true
2026-08-20,BE,202.48,9438400,42.91,18.42,168.79,253.32,157.33,253.31,-81.58,62,DoubleTop|HeadAndShoulders|AscendingScallop|MeasuredMoveDown,70.03,HOLD,23.38,167.42,272.61,167.42,214.17,9.91,1.11,8.80,211.05,219.31,242.89,186.28,0.55,uptrend,0.00,0.28,false
2026-08-20,CIEN,392.48,1452195,45.49,34.80,341.41,453.25,323.29,462.69,-65.20,62,ThreeRisingValleys,144.32,HOLD,30.95,346.06,485.32,346.06,407.95,15.98,0.34,15.64,397.33,408.70,422.33,367.66,0.66,uptrend,0.00,0.08,false
2026-08-20,DLO,14.34,2688463,50.19,36.71,13.63,15.45,13.58,15.65,-63.29,62,,96.62,HOLD,0.57,13.48,16.06,13.48,14.63,-0.20,-0.04,-0.17,14.54,14.37,13.98,13.35,1.11,uptrend,0.00,0.35,false
2026-08-20,DNA,6.96,1417887,41.65,15.41,6.19,9.29,6.47,9.65,-84.59,62,ThreeDescendingPeaks|DescendingScallop,264.68,SELL,0.63,7.91,5.06,7.91,6.64,-0.34,-0.27,-0.06,7.74,7.69,8.47,8.50,1.22,downtrend,0.00,0.04,false
2026-08-20,GEV,966.01,2655465,42.13,15.04,924.83,1080.51,897.68,1099.66,-84.96,62,,92.49,HOLD,51.88,888.20,1121.64,888.20,991.95,4.37,-13.58,17.94,1002.67,1015.83,1033.26,866.18,1.13,uptrend,0.00,0.28,false
2026-08-20,GLW,151.45,10573822,44.89,42.13,126.08,178.47,114.50,176.94,-57.87,62,AscendingScallop,160.01,HOLD,11.94,133.54,187.27,133.54,157.42,7.22,-2.41,9.63,152.28,159.28,174.47,140.32,0.76,uptrend,0.00,0.20,false
2026-08-20,GOOGL,340.67,18535291,44.03,4.58,319.04,375.25,317.32,384.48,-95.42,62,ThreeDescendingPeaks|AscendingScallop,170.89,HOLD,9.62,326.24,369.52,326.24,345.48,2.50,3.37,-0.87,347.14,347.96,352.00,332.72,0.68,uptrend,0.00,0.27,false
2026-08-20,INTC,92.13,85370362,41.40,29.66,83.73,107.90,81.79,107.57,-70.34,62,,81.82,HOLD,6.77,81.98,112.44,81.98,95.51,2.56,-0.88,3.44,95.81,98.69,108.52,71.26,0.72,uptrend,0.00,0.63,true
2026-08-20,IONQ,41.53,17118354,47.91,48.76,31.48,49.50,31.81,47.94,-51.24,62,AscendingScallop,155.99,HOLD,3.01,37.01,50.57,37.01,43.04,4.37,2.52,1.85,40.49,42.31,44.78,44.93,0.82,downtrend,0.00,0.27,false
2026-08-20,OPEN,3.47,28668149,40.38,25.74,3.28,4.06,3.21,4.22,-74.26,62,DescendingScallop,156.24,HOLD,0.27,3.06,4.29,3.06,3.61,-0.29,-0.36,0.06,3.67,3.72,4.21,5.31,0.64,downtrend,0.00,0.08,false
2026-08-20,PLTR,173.96,26985969,66.30,89.00,109.14,199.71,117.89,180.18,-11.00,62,ThreeRisingValleys|AscendingScallop,431.84,BUY,7.53,162.66,196.56,162.66,177.73,22.28,15.09,7.19,154.42,159.66,137.94,151.64,0.58,uptrend,0.83,0.69,true
2026-08-20,POET,8.27,6723224,47.42,48.36,6.27,9.92,6.28,10.00,-51.64,62,AscendingScallop,192.20,HOLD,0.76,7.12,10.56,7.12,8.65,0.72,0.31,0.41,8.10,8.49,9.06,8.00,0.53,uptrend,0.00,0.35,false
2026-08-20,TSLA,345.13,30691906,50.40,84.24,297.44,353.87,297.38,351.62,-15.76,62,ThreeRisingValleys|AscendingScallop,369.26,HOLD,13.28,325.21,384.97,325.21,351.77,-1.03,-18.91,17.88,325.65,339.91,366.23,403.85,0.87,downtrend,0.00,0.27,false
2026-08-20,UPST,28.86,7804757,45.83,13.44,26.35,31.95,25.89,34.69,-86.56,62,AscendingScallop,142.62,HOLD,1.84,26.10,34.37,26.10,29.78,0.85,0.02,0.83,29.15,29.75,30.82,34.65,1.58,downtrend,0.00,0.08,false
2026-08-21,ABCL,11.32,4536941,73.87,87.29,3.17,13.60,4.98,12.15,-12.71,72,ThreeRisingValleys|AscendingScallop,469.79,HOLD,0.81,10.10,13.76,10.10,11.73,2.41,1.27,1.15,8.38,9.25,7.21,4.76,0.45,uptrend,0.83,0.75,true
2026-08-21,BE,201.45,7491949,42.61,10.01,171.07,252.69,157.33,253.31,-89.99,72,DoubleTop|HeadAndShoulders|AscendingScallop,71.86,HOLD,22.58,167.58,269.18,167.58,212.74,7.37,3.86,3.51,211.88,217.61,242.23,186.57,0.45,uptrend,0.00,0.28,false
2026-08-21,CIEN,395.79,1234520,46.32,16.32,341.72,453.42,323.29,462.69,-83.68,72,AscendingScallop,144.58,HOLD,30.24,350.44,486.50,350.44,410.91,14.62,4.10,10.52,397.57,407.47,421.55,368.69,0.56,uptrend,0.00,0.08,false
2026-08-21,DLO,15.17,4464566,58.94,76.81,13.68,15.57,13.58,15.65,-23.19,72,,317.68,HOLD,0.59,14.28,16.94,14.28,15.47,-0.24,-0.06,-0.18,14.63,14.46,14.11,13.36,1.74,uptrend,0.00,0.55,false
2026-08-21,DNA,7.40,1325040,46.15,29.25,6.20,9.31,6.47,9.65,-70.75,72,ThreeDescendingPeaks,165.28,HOLD,0.62,6.47,9.26,6.47,7.71,-0.38,-0.14,-0.24,7.75,7.64,8.45,8.42,1.12,downtrend,0.00,0.04,false
2026-08-21,GEV,956.85,1174530,41.00,9.21,919.67,1079.88,897.68,1099.66,-90.79,72,,100.20,HOLD,49.96,881.90,1106.74,881.90,981.83,2.33,-8.74,11.07,999.78,1010.22,1035.05,868.06,0.52,uptrend,0.00,0.28,false
2026-08-21,GLW,149.84,5124351,44.15,6.20,126.34,178.53,114.50,176.94,-93.80,72,AscendingScallop,147.24,HOLD,11.62,132.42,184.69,132.42,155.65,6.98,-0.00,6.98,152.44,158.38,174.11,140.63,0.38,uptrend,0.00,0.20,false
2026-08-21,GOOGL,344.82,20779426,47.16,13.61,323.21,373.59,324.44,384.48,-86.39,72,CupWithHandle|InvertedCupWithHandle|ThreeDescendingPeaks|AscendingScallop,132.30,HOLD,9.34,330.80,372.85,330.80,349.49,1.40,3.81,-2.41,348.40,347.66,351.77,333.03,0.78,uptrend,0.00,0.27,false
2026-08-21,INTC,90.07,90790387,39.60,1.80,83.45,107.95,81.79,107.57,-98.20,72,HeadAndShoulders|MeasuredMoveDown,95.40,HOLD,6.50,80.32,109.57,80.32,93.32,1.91,0.03,1.88,95.70,97.87,108.18,71.51,0.79,uptrend,0.00,0.63,true
2026-08-21,IONQ,44.86,17079779,54.73,63.12,32.61,49.57,31.81,47.94,-36.88,72,AscendingScallop,267.52,HOLD,3.08,40.24,54.10,40.24,46.40,4.40,3.10,1.30,41.09,42.55,44.54,44.86,0.81,sideways,0.00,0.49,false
2026-08-21,OPEN,3.53,20960001,42.22,31.68,3.27,4.05,3.21,4.22,-68.32,72,ThreeDescendingPeaks|DescendingScallop,146.14,HOLD,0.26,3.14,4.32,3.14,3.66,-0.27,-0.33,0.06,3.66,3.71,4.19,5.29,0.48,downtrend,0.00,0.08,false
2026-08-21,PLTR,179.94,40929832,69.41,93.62,113.12,201.43,117.89,182.44,-6.38,72,AscendingScallop,381.57,HOLD,7.70,168.39,203.04,168.39,183.79,22.32,16.95,5.37,157.27,161.59,138.93,151.51,0.86,uptrend,0.83,0.82,true
2026-08-21,POET,8.25,5827251,47.25,20.45,6.43,9.90,6.28,10.00,-79.55,72,AscendingScallop,176.47,HOLD,0.73,7.15,10.44,7.15,8.62,0.71,0.42,0.29,8.16,8.46,9.01,8.01,0.47,uptrend,0.00,0.23,false
2026-08-21,TSLA,362.86,57808372,58.01,92.86,296.26,360.02,297.38,366.50,-7.14,72,ThreeRisingValleys|AscendingScallop,436.39,HOLD,13.86,342.07,404.44,342.07,369.79,3.49,-14.25,17.74,328.14,342.10,365.86,403.32,1.65,downtrend,0.00,0.43,false
2026-08-21,UPST,30.30,4567010,51.60,34.82,26.67,31.96,25.89,34.69,-65.18,72,AscendingScallop,144.45,HOLD,1.83,27.55,35.80,27.55,31.22,0.88,0.26,0.63,29.32,29.80,30.82,34.56,0.92,downtrend,0.00,0.34,false
2026-08-21,ABCL,11.32,4540600,73.87,87.29,3.17,13.60,4.98,12.15,-12.71,71,ThreeRisingValleys|AscendingScallop,469.79,HOLD,0.81,10.10,13.76,10.10,11.73,2.41,1.27,1.15,8.38,9.25,7.21,4.76,0.45,uptrend,0.83,0.75,true
2026-08-21,BE,201.45,9349100,42.61,10.01,171.07,252.69,157.33,253.31,-89.99,71,DoubleTop|HeadAndShoulders|AscendingScallop,71.86,HOLD,22.58,167.58,269.18,167.58,212.74,7.37,3.86,3.51,211.88,217.61,242.23,186.57,0.56,uptrend,0.00,0.28,false
2026-08-21,CIEN,395.79,1234900,46.32,16.31,341.72,453.42,323.29,462.69,-83.69,71,AscendingScallop,144.58,HOLD,30.24,350.44,486.50,350.44,410.91,14.62,4.10,10.52,397.57,407.47,421.55,368.69,0.56,uptrend,0.00,0.08,false
2026-08-21,DLO,15.17,4466000,58.94,76.81,13.68,15.57,13.58,15.65,-23.19,71,,317.68,HOLD,0.59,14.28,16.94,14.28,15.47,-0.24,-0.06,-0.18,14.63,14.46,14.11,13.36,1.74,uptrend,0.00,0.55,false
2026-08-21,DNA,7.40,1429700,46.15,29.25,6.20,9.31,6.47,9.65,-70.75,71,ThreeDescendingPeaks,165.28,HOLD,0.62,6.47,9.26,6.47,7.71,-0.38,-0.14,-0.24,7.75,7.64,8.45,8.42,1.20,downtrend,0.00,0.04,false
2026-08-21,GEV,956.85,1714000,41.00,9.21,919.67,1079.88,897.68,1099.66,-90.79,71,,100.20,HOLD,49.97,881.90,1106.75,881.90,981.83,2.33,-8.74,11.07,999.78,1010.22,1035.05,868.06,0.74,uptrend,0.00,0.28,false
2026-08-21,GLW,149.84,6164500,44.15,6.20,126.34,178.53,114.50,176.94,-93.80,71,AscendingScallop,147.24,HOLD,11.62,132.42,184.69,132.42,155.65,6.98,-0.00,6.98,152.44,158.38,174.11,140.63,0.45,uptrend,0.00,0.20,false
2026-08-21,GOOGL,344.82,20803700,47.16,13.61,323.21,373.59,324.44,384.48,-86.39,71,CupWithHandle|InvertedCupWithHandle|ThreeDescendingPeaks|AscendingScallop,132.30,HOLD,9.34,330.80,372.85,330.80,349.49,1.40,3.81,-2.41,348.40,347.66,351.77,333.03,0.78,uptrend,0.00,0.27,false
2026-08-21,INTC,90.07,91192100,39.60,1.80,83.45,107.95,81.79,107.57,-98.20,71,HeadAndShoulders|MeasuredMoveDown,95.40,HOLD,6.50,80.32,109.57,80.32,93.32,1.91,0.03,1.88,95.70,97.87,108.18,71.51,0.80,uptrend,0.00,0.63,true
2026-08-21,IONQ,44.86,19559900,54.73,63.12,32.61,49.57,31.81,47.94,-36.88,71,AscendingScallop,267.52,HOLD,3.08,40.24,54.10,40.24,46.40,4.40,3.10,1.30,41.09,42.55,44.54,44.86,0.93,sideways,0.00,0.49,false
2026-08-21,OPEN,3.53,21477200,42.22,31.68,3.27,4.05,3.21,4.22,-68.32,71,ThreeDescendingPeaks|DescendingScallop,146.14,HOLD,0.26,3.14,4.32,3.14,3.66,-0.27,-0.33,0.06,3.66,3.71,4.19,5.29,0.49,downtrend,0.00,0.08,false
2026-08-21,PLTR,179.94,40986600,69.41,93.62,113.12,201.43,117.89,182.44,-6.38,71,AscendingScallop,381.57,HOLD,7.70,168.39,203.04,168.39,183.79,22.32,16.95,5.37,157.27,161.59,138.93,151.51,0.86,uptrend,0.83,0.82,true
2026-08-21,POET,8.25,5848600,47.25,20.45,6.43,9.90,6.28,10.00,-79.55,71,AscendingScallop,176.47,HOLD,0.73,7.15,10.44,7.15,8.62,0.71,0.42,0.29,8.16,8.46,9.01,8.01,0.48,uptrend,0.00,0.23,false
2026-08-21,TSLA,362.86,58979800,58.01,92.86,296.26,360.02,297.38,366.50,-7.14,71,ThreeRisingValleys|AscendingScallop,436.39,HOLD,13.86,342.07,404.44,342.07,369.79,3.49,-14.25,17.74,328.14,342.10,365.86,403.32,1.68,downtrend,0.00,0.43,false
2026-08-21,UPST,30.30,4626500,51.60,34.82,26.67,31.96,25.89,34.69,-65.18,71,AscendingScallop,144.45,HOLD,1.84,27.54,35.81,27.54,31.22,0.88,0.26,0.63,29.32,29.80,30.82,34.56,0.93,downtrend,0.00,0.34,false
2026-08-21,ABCL,11.32,4540600,73.87,87.29,3.17,13.60,4.98,12.15,-12.71,66,ThreeRisingValleys|AscendingScallop,469.79,HOLD,0.81,10.10,13.76,10.10,11.73,2.41,1.27,1.15,8.38,9.25,7.21,4.76,0.45,uptrend,0.83,0.75,true
2026-08-21,BE,201.45,9349100,42.61,10.01,171.07,252.69,157.33,253.31,-89.99,66,DoubleTop|HeadAndShoulders|AscendingScallop,71.86,HOLD,22.58,167.58,269.18,167.58,212.74,7.37,3.86,3.51,211.88,217.61,242.23,186.57,0.56,uptrend,0.00,0.28,false
2026-08-21,CIEN,395.79,1234900,46.32,16.31,341.72,453.42,323.29,462.69,-83.69,66,AscendingScallop,144.58,HOLD,30.24,350.44,486.50,350.44,410.91,14.62,4.10,10.52,397.57,407.47,421.55,368.69,0.56,uptrend,0.00,0.08,false
2026-08-21,DLO,15.17,4466000,58.94,76.81,13.68,15.57,13.58,15.65,-23.19,66,,317.68,HOLD,0.59,14.28,16.94,14.28,15.47,-0.24,-0.06,-0.18,14.63,14.46,14.11,13.36,1.74,uptrend,0.00,0.55,false
2026-08-21,DNA,7.40,1429700,46.15,29.25,6.20,9.31,6.47,9.65,-70.75,66,ThreeDescendingPeaks,165.28,HOLD,0.62,6.47,9.26,6.47,7.71,-0.38,-0.14,-0.24,7.75,7.64,8.45,8.42,1.20,downtrend,0.00,0.04,false
2026-08-21,GEV,956.85,1714000,41.00,9.21,919.67,1079.88,897.68,1099.66,-90.79,66,,100.20,HOLD,49.97,881.90,1106.75,881.90,981.83,2.33,-8.74,11.07,999.78,1010.22,1035.05,868.06,0.74,uptrend,0.00,0.28,false
2026-08-21,GLW,149.84,6164500,44.15,6.20,126.34,178.53,114.50,176.94,-93.80,66,AscendingScallop,147.24,HOLD,11.62,132.42,184.69,132.42,155.65,6.98,-0.00,6.98,152.44,158.38,174.11,140.63,0.45,uptrend,0.00,0.20,false
2026-08-21,GOOGL,344.82,20803700,47.16,13.61,323.21,373.59,324.44,384.48,-86.39,66,CupWithHandle|InvertedCupWithHandle|ThreeDescendingPeaks|AscendingScallop,132.30,HOLD,9.34,330.80,372.85,330.80,349.49,1.40,3.81,-2.41,348.40,347.66,351.77,333.03,0.78,uptrend,0.00,0.27,false
2026-08-21,INTC,90.07,91192100,39.60,1.80,83.45,107.95,81.79,107.57,-98.20,66,HeadAndShoulders|MeasuredMoveDown,95.40,HOLD,6.50,80.32,109.57,80.32,93.32,1.91,0.03,1.88,95.70,97.87,108.18,71.51,0.80,uptrend,0.00,0.63,true
2026-08-21,IONQ,44.86,19559900,54.73,63.12,32.61,49.57,31.81,47.94,-36.88,66,AscendingScallop,267.52,HOLD,3.08,40.24,54.10,40.24,46.40,4.40,3.10,1.30,41.09,42.55,44.54,44.86,0.93,sideways,0.00,0.49,false
2026-08-21,OPEN,3.53,21477200,42.22,31.68,3.27,4.05,3.21,4.22,-68.32,66,ThreeDescendingPeaks|DescendingScallop,146.14,HOLD,0.26,3.14,4.32,3.14,3.66,-0.27,-0.33,0.06,3.66,3.71,4.19,5.29,0.49,downtrend,0.00,0.08,false
2026-08-21,PLTR,179.94,40986600,69.41,93.62,113.12,201.43,117.89,182.44,-6.38,66,AscendingScallop,381.57,HOLD,7.70,168.39,203.04,168.39,183.79,22.32,16.95,5.37,157.27,161.59,138.93,151.51,0.86,uptrend,0.83,0.82,true
2026-08-21,POET,8.25,5848600,47.25,20.45,6.43,9.90,6.28,10.00,-79.55,66,AscendingScallop,176.47,HOLD,0.73,7.15,10.44,7.15,8.62,0.71,0.42,0.29,8.16,8.46,9.01,8.01,0.48,uptrend,0.00,0.23,false
2026-08-21,TSLA,362.86,58979800,58.01,92.86,296.26,360.02,297.38,366.50,-7.14,66,ThreeRisingValleys|AscendingScallop,436.39,HOLD,13.86,342.07,404.44,342.07,369.79,3.49,-14.25,17.74,328.14,342.10,365.86,403.32,1.68,downtrend,0.00,0.43,false
2026-08-21,UPST,30.30,4626500,51.60,34.82,26.67,31.96,25.89,34.69,-65.18,66,AscendingScallop,144.45,HOLD,1.84,27.54,35.81,27.54,31.22,0.88,0.26,0.63,29.32,29.80,30.82,34.56,0.93,downtrend,0.00,0.34,false
2026-08-21,A,159.00,2730300,80.53,93.67,133.22,158.29,135.78,160.51,-6.33,66,ThreeRisingValleys|AscendingScallop,532.62,BUY,4.03,152.95,171.09,152.95,161.02,6.80,5.12,1.68,145.76,146.96,137.52,131.30,1.57,uptrend,0.83,0.98,true
2026-08-21,AAPL,309.35,46768100,47.28,44.55,290.44,338.23,300.00,344.57,-55.45,66,DoubleBottom|DescendingScallop,134.89,HOLD,7.63,297.90,332.25,297.90,313.17,-8.73,-8.45,-0.28,314.34,312.04,310.21,281.50,0.88,uptrend,0.00,0.23,false
2026-08-21,ABBV,264.96,5135400,64.11,92.20,238.65,267.94,241.20,267.47,-7.80,66,DoubleBottom|DoubleTop|ThreeRisingValleys|AscendingScallop,493.98,HOLD,6.16,255.71,283.45,255.71,268.04,-0.57,-2.05,1.48,253.29,254.14,247.99,226.56,0.95,uptrend,1.00,0.76,true
2026-08-21,ABT,116.64,9834800,77.80,99.84,102.64,115.88,102.89,116.66,-0.16,66,ThreeRisingValleys|AscendingScallop|MeasuredMoveUp,538.25,BUY,2.65,112.67,124.58,112.67,117.96,3.95,4.59,-0.64,109.26,109.05,99.94,107.08,1.16,uptrend,0.83,0.70,true
2026-08-21,ACN,185.28,4837600,66.96,89.67,157.88,188.23,149.58,188.45,-10.33,66,AscendingScallop,340.06,HOLD,8.03,173.24,209.36,173.24,189.29,11.76,14.12,-2.37,173.06,171.60,153.35,205.74,0.75,downtrend,0.00,0.27,false
2026-08-21,ADBE,275.30,4343100,62.51,94.31,241.18,279.76,229.79,277.10,-5.69,66,AscendingScallop,363.55,HOLD,11.06,258.70,308.49,258.70,280.83,13.58,15.29,-1.71,260.47,258.69,232.75,270.43,0.87,uptrend,0.00,0.42,false
2026-08-21,ADI,373.09,5456800,45.34,14.91,356.56,395.44,352.73,396.95,-85.09,66,DoubleTop|MeasuredMoveDown,71.73,HOLD,13.22,353.26,412.74,353.26,379.70,4.73,0.66,4.08,376.00,379.04,388.61,341.76,1.35,uptrend,0.00,0.08,false
2026-08-21,ADM,80.30,3959300,48.83,56.13,76.74,83.66,75.77,84.63,-43.87,66,DoubleBottom|DoubleTop|InvertedCupWithHandle|MeasuredMoveUp,169.66,HOLD,2.40,76.69,87.51,76.69,81.50,-1.43,-2.09,0.66,80.20,80.68,80.04,70.92,0.95,uptrend,0.00,0.47,false
2026-08-21,ADSK,253.83,1795300,62.05,77.74,227.79,261.47,212.19,260.74,-22.26,66,HeadAndShoulders|AscendingScallop,259.66,HOLD,9.57,239.47,282.54,239.47,258.62,13.38,15.07,-1.69,244.63,242.55,219.77,249.45,0.92,uptrend,0.00,0.35,false
2026-08-21,AKAM,110.42,3011500,40.87,15.72,105.91,127.34,107.11,127.04,-84.28,66,DoubleBottom|DoubleTop|HeadAndShoulders,131.28,HOLD,5.83,101.67,127.92,101.67,113.34,-0.27,-0.65,0.38,116.62,117.31,119.73,108.40,0.84,uptrend,0.00,0.08,false
2026-08-21,ALB,143.25,3302100,67.83,97.30,109.58,143.17,111.55,143.94,-2.70,66,ThreeRisingValleys|AscendingScallop,453.54,HOLD,5.56,134.91,159.94,134.91,146.03,8.15,3.88,4.26,126.37,130.25,132.74,155.00,1.41,downtrend,0.00,0.35,false
2026-08-21,ALGN,162.55,1074700,41.28,20.96,160.69,182.73,157.34,187.96,-79.04,66,DescendingScallop|MeasuredMoveDown,235.12,SELL,6.94,172.95,141.74,172.95,159.08,-1.40,-0.98,-0.41,171.71,170.64,174.72,169.49,1.12,downtrend,0.00,0.08,false
2026-08-21,ALLE,162.31,936200,57.97,22.53,155.59,170.92,153.39,170.87,-77.47,66,DoubleTop|AscendingScallop,81.00,HOLD,4.13,156.12,174.69,156.12,164.37,6.12,10.03,-3.90,163.26,160.35,147.82,151.48,0.80,uptrend,0.00,0.42,false
2026-08-21,AMAT,492.32,5526800,43.11,11.40,462.23,565.46,436.33,563.76,-88.60,66,DoubleTop|HeadAndShoulders|MeasuredMoveDown,75.31,HOLD,32.41,443.71,589.55,443.71,508.52,-1.26,-9.77,8.50,513.84,521.32,560.71,395.51,0.69,uptrend,0.00,0.57,true
2026-08-21,AMD,473.25,14310600,45.80,18.58,442.59,519.64,424.03,530.13,-81.42,66,DescendingScallop,71.14,HOLD,28.40,430.65,558.45,430.65,487.45,-8.51,-15.21,6.70,481.12,487.91,510.23,329.86,0.54,uptrend,0.00,0.63,true
2026-08-21,ANET,188.65,8123600,51.73,18.15,162.62,213.35,156.84,214.89,-81.85,66,DoubleTop|ThreeDescendingPeaks|AscendingScallop,67.44,HOLD,9.54,174.33,217.28,174.33,193.42,10.24,9.58,0.66,187.98,188.64,177.36,149.06,1.00,uptrend,0.00,0.63,true
2026-08-21,AOS,63.08,1140700,54.52,69.83,59.96,64.80,58.86,64.77,-30.17,66,DoubleTop,105.66,HOLD,1.69,60.55,68.14,60.55,63.92,0.98,1.15,-0.17,62.38,62.13,61.00,65.44,0.72,downtrend,0.00,0.20,false
2026-08-21,APD,305.10,1356000,55.67,72.74,289.50,311.47,288.00,311.51,-27.26,66,DoubleTop|HeadAndShoulders|AscendingScallop,195.78,HOLD,7.09,294.47,326.36,294.47,308.64,4.83,2.84,1.98,300.48,301.37,295.16,279.98,1.30,uptrend,0.00,0.42,false
2026-08-21,AVGO,368.45,19000300,38.71,14.43,353.79,438.34,357.61,432.73,-85.57,66,DoubleTop,202.45,SELL,15.28,391.37,322.61,391.37,360.81,5.04,10.86,-5.82,396.07,390.94,388.50,369.20,0.95,downtrend,0.00,0.08,false
2026-08-21,AVY,183.71,478100,67.06,89.32,165.05,186.76,161.05,187.91,-10.68,66,DoubleTop|ThreeRisingValleys|AscendingScallop,354.54,HOLD,5.17,175.95,199.23,175.95,186.30,7.64,8.02,-0.38,175.91,175.87,166.67,172.91,0.56,uptrend,0.00,0.20,false
2026-08-21,AZO,2957.95,258300,41.62,21.21,2950.65,3144.51,2903.57,3172.07,-78.79,66,DoubleBottom|DoubleTop,210.95,SELL,88.58,3090.82,2692.21,3090.82,2913.66,9.32,14.78,-5.45,3047.58,3034.59,3054.83,3420.26,1.36,downtrend,0.00,0.08,false
2026-08-21,BBY,85.89,2574300,53.65,61.19,80.54,90.89,79.00,91.27,-38.81,66,DoubleTop|ThreeRisingValleys|DescendingScallop|MeasuredMoveUp,171.73,HOLD,2.75,81.76,94.15,81.76,87.27,-0.99,-0.50,-0.48,85.72,85.16,82.19,71.09,0.80,uptrend,0.00,0.75,true
2026-08-21,BDX,192.00,2524400,78.51,98.82,158.99,193.99,157.09,192.30,-1.18,66,ThreeRisingValleys|AscendingScallop,510.05,BUY,4.58,185.13,205.74,185.13,194.29,11.34,10.33,1.02,176.49,177.25,161.40,157.66,1.28,uptrend,0.83,0.64,true
2026-08-21,BIIB,216.78,722300,58.79,75.83,198.76,218.41,199.40,222.15,-24.17,66,DoubleBottom|DoubleTop,294.40,HOLD,6.46,207.09,236.17,207.09,220.01,3.77,2.89,0.88,208.59,209.66,205.27,187.99,0.75,uptrend,0.00,0.49,false
2026-08-21,BKNG,209.62,4502800,60.78,73.90,187.93,221.90,180.59,216.42,-26.10,66,DoubleTop|AscendingScallop,254.74,HOLD,6.81,199.40,230.06,199.40,213.03,12.16,12.62,-0.46,204.91,203.81,188.06,185.67,0.75,uptrend,0.83,0.75,true
2026-08-21,BLDR,70.21,1629000,45.79,28.99,66.02,77.38,65.10,76.80,-71.01,66,DoubleTop|ThreeDescendingPeaks|DescendingScallop,125.75,HOLD,3.55,64.88,80.86,64.88,71.99,0.24,-0.15,0.38,71.70,72.09,75.79,92.13,0.74,downtrend,0.00,0.08,false
2026-08-21,BSX,50.37,35986800,56.86,55.52,44.93,53.51,42.55,52.99,-44.48,66,AscendingScallop,281.09,HOLD,1.74,47.75,55.60,47.75,51.24,2.81,2.74,0.07,49.22,49.32,46.42,69.43,1.70,downtrend,0.00,0.28,false
2026-08-21,CAH,229.51,1386800,46.31,4.48,226.24,240.96,224.11,258.30,-95.52,66,DoubleBottom|HeadAndShoulders,213.58,SELL,6.08,238.63,211.26,238.63,226.47,2.79,3.36,-0.58,233.60,232.84,231.68,213.92,0.69,uptrend,0.00,0.15,false
2026-08-21,CARR,60.37,5083700,34.57,7.51,58.74,67.24,59.07,69.86,-92.49,66,DoubleBottom|ThreeDescendingPeaks|DescendingScallop,169.20,HOLD,1.79,57.68,65.75,57.68,61.27,-1.67,-2.05,0.38,62.99,63.28,67.32,61.26,0.75,downtrend,0.00,0.08,false
2026-08-21,CDNS,319.02,2150600,37.23,20.06,311.38,348.54,311.47,355.59,-79.94,66,BearishFlag|ThreeDescendingPeaks|DescendingScallop,154.85,HOLD,11.03,302.47,352.11,302.47,324.54,-5.98,-8.17,2.19,329.96,329.52,353.85,327.08,0.93,downtrend,0.00,0.08,false
2026-08-21,CDW,137.25,2065600,49.49,58.43,129.61,151.51,113.00,154.50,-41.57,66,ThreeDescendingPeaks,64.98,HOLD,6.54,127.44,156.88,127.44,140.52,-1.22,1.95,-3.16,140.56,137.91,136.36,131.61,1.05,uptrend,0.00,0.37,false
2026-08-21,CEG,272.88,2034000,52.97,46.36,256.43,284.05,256.16,287.00,-53.64,66,HeadAndShoulders,81.00,HOLD,9.70,258.32,301.99,258.32,277.73,4.57,4.90,-0.33,270.24,270.79,263.12,299.84,0.74,downtrend,0.00,0.26,false
2026-08-21,CF,129.60,3900700,63.93,90.57,112.52,128.65,109.43,131.70,-9.43,66,ThreeRisingValleys|AscendingScallop,498.83,BUY,4.94,122.20,144.41,122.20,132.07,-1.70,-1.60,-0.09,120.58,120.62,116.02,105.70,1.60,uptrend,0.83,0.98,true
2026-08-21,CHD,98.80,1623100,47.37,31.47,96.41,104.64,94.88,104.31,-68.53,66,DoubleBottom|DoubleTop,81.00,HOLD,2.38,95.23,105.94,95.23,99.99,1.01,1.95,-0.95,100.53,99.76,98.56,94.15,0.83,uptrend,0.00,0.08,false
2026-08-21,CHRW,141.63,1034300,29.99,2.37,131.98,170.12,141.24,186.11,-97.63,66,DoubleBottom|DescendingScallop,175.00,HOLD,5.79,132.94,159.01,132.94,144.53,-17.11,-22.09,4.97,151.05,154.27,175.82,172.92,0.46,downtrend,0.00,0.08,false
2026-08-21,CIEN,395.79,1234900,46.32,16.31,341.72,453.42,323.29,462.69,-83.69,66,AscendingScallop,144.58,HOLD,30.24,350.44,486.50,350.44,410.91,14.62,4.10,10.52,397.57,407.47,421.55,368.69,0.56,uptrend,0.00,0.08,false
2026-08-21,CL,91.08,3667300,47.88,38.48,89.69,94.22,89.16,95.46,-61.52,66,DoubleBottom|DoubleTop|MeasuredMoveDown,138.19,HOLD,2.13,87.88,97.48,87.88,92.15,0.05,0.19,-0.14,91.95,91.63,91.77,87.10,0.80,uptrend,0.00,0.08,false
2026-08-21,CLX,106.69,2151200,60.13,79.32,95.80,111.72,94.20,108.95,-20.68,66,DoubleTop|AscendingScallop,263.66,HOLD,2.99,102.20,115.67,102.20,108.19,4.53,4.25,0.28,103.76,103.96,98.99,103.47,0.79,uptrend,0.00,0.20,false
2026-08-21,CMI,587.68,920700,32.55,11.96,593.98,667.99,577.72,671.34,-88.04,66,DoubleBottom|ThreeDescendingPeaks|DescendingScallop,253.19,SELL,21.42,619.80,523.43,619.80,576.97,-11.20,-9.96,-1.23,630.98,629.52,659.59,595.04,0.92,downtrend,0.00,0.08,false
2026-08-21,COHR,289.52,6000800,44.97,10.26,224.96,383.96,220.68,391.37,-89.74,66,DoubleTop|ThreeDescendingPeaks|AscendingScallop,81.44,HOLD,32.34,241.01,386.54,241.01,305.69,22.07,16.37,5.69,304.46,311.96,329.57,269.83,0.77,uptrend,0.00,0.08,false
2026-08-21,COO,76.22,1554100,60.77,65.38,71.02,78.41,70.26,78.11,-34.62,66,ThreeRisingValleys|AscendingScallop,367.06,HOLD,1.59,73.83,81.00,73.83,77.02,2.01,2.00,0.02,74.72,74.78,71.84,73.35,0.85,uptrend,0.00,0.20,false
2026-08-21,COP,134.87,8696600,73.95,95.23,110.28,135.61,113.21,135.88,-4.77,66,ThreeRisingValleys|AscendingScallop,507.93,BUY,3.26,129.98,144.66,129.98,136.50,4.86,3.42,1.44,122.95,124.59,115.70,110.51,1.23,uptrend,0.83,0.70,true
2026-08-21,COR,318.04,905400,55.07,51.38,303.66,328.90,301.23,333.95,-48.62,66,DoubleBottom|DoubleTop|HeadAndShoulders|InvertedCupWithHandle,81.00,HOLD,8.83,304.79,344.54,304.79,322.46,4.71,5.49,-0.78,316.28,314.21,302.44,323.54,0.61,downtrend,0.00,0.20,false
2026-08-21,CPRT,33.80,11079600,70.12,86.35,27.14,33.91,28.21,34.63,-13.65,66,DoubleBottom|AscendingScallop,424.02,HOLD,1.20,32.01,37.39,32.01,34.40,1.26,0.92,0.34,30.52,30.87,29.53,34.87,0.90,downtrend,0.00,0.20,false
2026-08-21,CRH,95.07,3154000,41.66,26.13,92.18,103.77,92.52,104.28,-73.87,66,DoubleBottom|DoubleTop|DescendingScallop,166.90,HOLD,2.89,90.74,103.73,90.74,96.51,-1.37,-1.56,0.19,97.97,97.73,102.88,112.41,0.67,downtrend,0.00,0.08,false
2026-08-21,CRL,295.19,887500,76.28,94.17,215.75,311.50,222.68,299.32,-5.83,66,ThreeRisingValleys|AscendingScallop,486.29,BUY,10.81,278.97,327.63,278.97,300.60,27.43,20.16,7.27,263.63,267.94,234.14,194.02,0.91,uptrend,0.83,0.82,true
2026-08-21,CRM,209.17,9612800,66.15,93.23,174.83,210.30,167.14,211.07,-6.77,66,AscendingScallop,369.95,BUY,8.06,197.08,233.35,197.08,213.20,11.25,11.50,-0.26,192.57,192.67,174.59,200.82,0.75,uptrend,0.83,0.56,true
2026-08-21,CRWD,191.95,8176900,42.79,12.20,173.80,234.68,174.14,227.50,-87.80,66,FallingWedge|HeadAndShoulders|AscendingScallop,141.50,HOLD,9.34,177.94,219.97,177.94,196.62,10.73,9.65,1.08,204.24,204.16,193.14,138.79,1.07,uptrend,0.00,0.63,true
2026-08-21,CSCO,111.04,18393400,42.42,11.69,107.00,125.13,109.23,124.71,-88.31,66,DoubleTop,185.20,HOLD,3.81,105.33,122.47,105.33,112.94,0.63,2.16,-1.53,116.07,114.78,116.24,92.93,0.80,uptrend,0.00,0.50,false
2026-08-21,CSGP,32.26,4751500,55.90,65.71,28.20,33.50,25.89,33.82,-34.29,66,ThreeRisingValleys|AscendingScallop,351.15,HOLD,1.59,29.88,37.02,29.88,33.05,1.33,1.00,0.33,30.85,31.13,30.07,45.55,0.66,downtrend,0.00,0.20,false
2026-08-21,CSX,51.59,12904800,61.80,92.74,49.53,51.62,49.42,53.60,-7.26,66,DoubleBottom,330.35,BUY,0.99,50.11,54.55,50.11,52.08,-0.24,-0.13,-0.11,50.57,50.49,49.39,42.40,1.14,uptrend,0.67,0.75,true
2026-08-21,CTAS,203.79,1731600,57.22,69.96,195.04,213.71,196.50,219.17,-30.04,66,DoubleBottom|DescendingScallop,155.58,HOLD,4.58,196.92,217.53,196.92,206.08,-1.98,1.21,-3.18,204.37,201.34,191.28,185.98,0.83,uptrend,0.00,0.35,false
2026-08-21,CTSH,61.87,6859000,72.38,87.97,49.97,63.58,46.18,63.11,-12.03,66,AscendingScallop,347.55,HOLD,2.51,58.11,69.40,58.11,63.12,4.97,5.84,-0.87,56.78,56.34,49.01,63.27,0.72,downtrend,0.00,0.35,false
2026-08-21,CTVA,81.79,4674900,54.75,95.29,70.04,89.59,74.51,90.97,-4.71,66,DoubleBottom|DescendingScallop,263.12,HOLD,2.22,78.45,88.46,78.45,82.90,-4.34,-4.56,0.21,79.81,79.64,81.86,76.34,0.93,uptrend,0.00,0.34,false
2026-08-21,DASH,223.49,3761400,69.93,90.78,187.36,229.59,177.29,225.95,-9.22,66,DoubleTop|ThreeRisingValleys|AscendingScallop,419.27,BUY,8.04,211.43,247.61,211.43,227.51,14.06,12.28,1.78,208.48,209.26,191.54,187.52,0.83,uptrend,0.83,0.82,true
2026-08-21,DD,138.33,1119100,44.83,42.33,135.86,147.33,130.19,149.42,-57.67,66,DoubleTop,104.71,HOLD,3.75,132.71,149.57,132.71,140.20,1.50,2.87,-1.37,141.59,140.91,139.77,135.87,0.64,sideways,0.00,0.08,false
2026-08-21,DECK,91.68,2292600,40.80,26.22,86.97,104.67,88.13,104.88,-73.78,66,ThreeDescendingPeaks|DescendingScallop,184.28,HOLD,3.27,86.78,101.49,86.78,93.31,-4.12,-3.61,-0.51,95.82,95.01,101.45,102.28,1.01,downtrend,0.00,0.08,false
2026-08-21,DHI,148.35,1849600,49.47,34.45,143.43,152.93,142.76,154.40,-65.55,66,DoubleBottom|DoubleTop,83.72,HOLD,4.67,141.35,162.36,141.35,150.68,0.97,0.43,0.54,148.18,148.53,151.69,149.76,0.85,downtrend,0.00,0.20,false
2026-08-21,DHR,218.85,4701700,68.30,93.44,189.42,216.30,189.85,220.67,-6.56,66,AscendingScallop,401.06,BUY,6.96,208.41,239.72,208.41,222.33,6.68,3.85,2.82,202.86,204.11,195.43,202.97,1.09,uptrend,0.83,0.57,true
2026-08-21,DOV,201.92,692000,40.49,14.00,198.57,213.20,197.21,214.57,-86.00,66,DoubleBottom|DoubleTop,128.88,HOLD,4.40,195.32,215.12,195.32,204.12,-0.10,-0.72,0.61,205.88,206.27,212.59,209.22,0.69,downtrend,0.00,0.08,false
2026-08-21,DVN,49.10,9005500,67.70,91.93,41.02,49.40,42.04,49.72,-8.07,66,ThreeRisingValleys|AscendingScallop,483.68,HOLD,1.30,47.15,53.01,47.15,49.75,1.12,0.49,0.63,45.21,45.90,43.87,42.82,0.82,uptrend,0.00,0.35,false
2026-08-21,DXCM,92.34,3481300,70.05,97.90,73.22,97.39,72.00,92.56,-2.10,66,ThreeRisingValleys|AscendingScallop,488.83,BUY,2.81,88.12,100.78,88.12,93.75,6.42,6.04,0.38,85.30,85.89,77.63,69.32,0.60,uptrend,0.83,0.82,true
2026-08-21,EBAY,104.13,3901400,43.00,24.74,98.30,117.88,100.50,117.63,-75.26,66,BearishFlag|ThreeDescendingPeaks|DescendingScallop,134.29,HOLD,3.36,99.09,114.21,99.09,105.81,-3.84,-2.67,-1.17,108.09,106.67,110.02,97.60,0.83,uptrend,0.00,0.22,false
2026-08-21,ECL,281.63,2403400,54.36,54.89,273.13,288.48,269.00,288.45,-45.11,66,DoubleBottom|DoubleTop|AscendingScallop|MeasuredMoveDown,217.85,HOLD,5.88,272.81,299.26,272.81,284.57,3.38,4.90,-1.52,280.80,279.49,276.08,271.58,1.66,uptrend,0.00,0.28,false
2026-08-21,EFX,192.62,1169300,63.14,84.78,169.75,193.52,171.51,196.28,-15.22,66,AscendingScallop,386.16,HOLD,7.13,181.93,214.01,181.93,196.18,3.95,3.00,0.95,181.64,181.88,172.00,188.73,0.91,uptrend,0.00,0.47,false
2026-08-21,EL,101.94,6020900,74.05,99.95,77.84,97.56,81.01,101.95,-0.05,66,AscendingScallop,445.92,HOLD,3.65,96.47,112.88,96.47,103.76,3.20,2.33,0.87,87.70,88.80,84.97,91.59,1.82,uptrend,0.83,0.57,true
2026-08-21,EMR,157.26,2081300,55.01,35.39,146.06,167.97,145.10,166.35,-64.61,66,DoubleTop|HeadAndShoulders|AscendingScallop,59.02,HOLD,4.14,151.04,169.69,151.04,159.33,6.51,8.57,-2.06,157.02,155.98,147.92,141.56,0.70,uptrend,0.00,0.54,false
2026-08-21,EOG,153.05,3129100,65.58,96.93,133.60,154.08,133.45,153.67,-3.07,66,ThreeRisingValleys|AscendingScallop,561.45,BUY,3.69,147.52,164.12,147.52,154.89,0.71,0.37,0.34,143.84,144.66,138.99,126.74,1.09,uptrend,1.00,0.78,true
2026-08-21,EQIX,1065.39,554600,51.71,55.24,1006.56,1105.41,1001.61,1109.22,-44.76,66,ThreeRisingValleys,255.34,HOLD,30.32,1019.91,1156.34,1019.91,1080.55,17.46,12.20,5.26,1055.99,1062.61,1052.76,949.15,0.90,uptrend,0.00,0.47,false
2026-08-21,EW,89.79,2819800,50.62,30.87,83.58,95.27,81.16,93.91,-69.13,66,HeadAndShoulders|CupWithHandle|AscendingScallop,233.69,HOLD,2.13,86.60,96.17,86.60,90.85,3.05,2.14,0.91,89.42,90.00,88.99,84.65,0.78,uptrend,0.00,0.41,false
2026-08-21,EXPD,187.81,872300,65.83,90.15,165.13,193.60,164.35,189.99,-9.85,66,DoubleTop|ThreeRisingValleys|AscendingScallop,398.55,BUY,4.25,181.44,200.56,181.44,189.93,4.80,2.29,2.51,179.36,181.41,173.11,156.20,0.81,uptrend,0.83,0.82,true
2026-08-21,EXPE,321.63,1361700,62.03,63.17,284.27,340.40,265.01,335.00,-36.83,66,DoubleTop|ThreeRisingValleys|AscendingScallop,307.62,HOLD,11.87,303.82,357.25,303.82,327.57,19.98,22.10,-2.13,312.34,310.46,279.07,255.18,0.83,uptrend,0.83,0.75,true
2026-08-21,FAST,51.26,4752400,61.36,72.05,46.62,53.71,46.35,52.92,-27.95,66,DoubleTop|HeadAndShoulders|AscendingScallop,185.59,HOLD,1.11,49.59,54.60,49.59,51.82,2.35,2.24,0.11,50.17,50.18,47.93,44.92,0.61,uptrend,0.00,0.61,true
2026-08-21,FCX,76.66,28496500,69.25,94.30,59.47,74.75,58.19,77.33,-5.70,66,AscendingScallop,486.05,BUY,3.00,72.16,85.66,72.16,78.16,3.40,3.17,0.23,67.11,67.78,64.68,59.15,2.11,uptrend,0.83,0.98,true
2026-08-21,FFIV,384.63,575500,41.65,17.04,377.19,426.13,366.93,425.61,-82.96,66,DoubleTop,178.72,HOLD,13.54,364.32,425.25,364.32,391.40,-0.55,-0.41,-0.14,401.66,399.46,403.76,319.50,0.79,uptrend,0.00,0.50,false
2026-08-21,FICO,1172.67,293200,54.08,90.72,927.66,1318.82,1015.00,1410.17,-9.28,66,DoubleBottom|DescendingScallop,174.74,HOLD,57.31,1086.71,1344.59,1086.71,1201.32,-63.45,-81.01,17.56,1123.24,1127.03,1173.19,1334.94,0.72,downtrend,0.00,0.20,false
2026-08-21,FIX,1655.61,370000,44.01,9.56,1574.64,1849.81,1491.24,1883.70,-90.44,66,,78.80,HOLD,99.08,1506.99,1952.85,1506.99,1705.15,-0.17,-1.54,1.37,1712.22,1726.13,1784.15,1460.43,0.82,uptrend,0.00,0.28,false
2026-08-21,FLEX,110.45,2772600,38.80,9.95,105.15,131.77,99.50,131.63,-90.05,66,DoubleTop|MeasuredMoveDown,92.06,HOLD,7.53,99.16,133.04,99.16,114.21,0.84,-0.89,1.73,118.46,120.39,131.34,92.47,0.61,uptrend,0.00,0.63,true
2026-08-21,FSLR,214.28,1502400,42.86,4.73,194.24,253.45,195.84,269.70,-95.27,66,InvertedCupWithHandle|ThreeDescendingPeaks|AscendingScallop,237.60,SELL,11.98,232.25,178.33,232.25,208.29,8.34,9.92,-1.58,223.85,223.59,229.99,233.58,0.56,downtrend,0.00,0.08,false
2026-08-21,FTNT,153.51,4054200,45.76,22.06,148.09,168.97,143.77,172.09,-77.94,66,ThreeDescendingPeaks,131.53,HOLD,6.23,144.16,172.20,144.16,156.63,0.53,1.54,-1.00,158.53,157.57,156.05,106.18,0.75,uptrend,0.00,0.63,true
2026-08-21,GDDY,97.07,1560300,55.17,66.02,83.87,104.83,73.10,106.00,-33.98,66,ThreeRisingValleys,280.63,HOLD,4.81,89.86,111.49,89.86,99.47,0.47,-0.19,0.66,94.35,94.01,88.99,97.77,0.69,downtrend,0.00,0.27,false
2026-08-21,GEHC,74.82,2247400,66.24,87.79,64.36,77.77,60.93,75.65,-12.21,66,ThreeRisingValleys|AscendingScallop,447.13,HOLD,1.94,71.92,80.63,71.92,75.79,4.03,4.02,0.01,71.07,71.18,66.66,72.84,0.53,uptrend,0.00,0.27,false
2026-08-21,GEV,956.85,1714000,41.00,9.21,919.67,1079.88,897.68,1099.66,-90.79,66,,100.20,HOLD,49.97,881.90,1106.75,881.90,981.83,2.33,-8.74,11.07,999.78,1010.22,1035.05,868.06,0.74,uptrend,0.00,0.28,false
2026-08-21,GILD,146.12,5384300,66.97,85.71,125.61,146.59,128.28,148.97,-14.29,66,ThreeRisingValleys|AscendingScallop,443.52,HOLD,4.06,140.04,158.29,140.04,148.15,3.72,1.65,2.07,136.10,137.75,131.90,133.06,0.80,uptrend,0.00,0.27,false
2026-08-21,GLW,149.84,6164500,44.15,6.20,126.34,178.53,114.50,176.94,-93.80,66,AscendingScallop,147.24,HOLD,11.62,132.42,184.69,132.42,155.65,6.98,-0.00,6.98,152.44,158.38,174.11,140.63,0.45,uptrend,0.00,0.20,false
2026-08-21,GNRC,205.98,751400,41.72,12.65,190.09,227.33,187.55,226.00,-87.35,66,DoubleTop|AscendingScallop,93.51,HOLD,10.22,190.66,236.63,190.66,211.09,3.92,-0.31,4.23,208.71,213.69,233.36,206.69,0.62,downtrend,0.00,0.08,false
2026-08-21,GOOGL,344.82,20803700,47.16,13.61,323.21,373.59,324.44,384.48,-86.39,66,CupWithHandle|InvertedCupWithHandle|ThreeDescendingPeaks|AscendingScallop,132.30,HOLD,9.34,330.80,372.85,330.80,349.49,1.40,3.81,-2.41,348.40,347.66,351.77,333.03,0.78,uptrend,0.00,0.27,false
2026-08-21,GPC,133.96,1245900,59.35,67.41,125.30,138.43,123.33,137.16,-32.59,66,DoubleTop|HeadAndShoulders|AscendingScallop,172.98,HOLD,3.67,128.46,144.96,128.46,135.79,4.48,4.49,-0.02,131.86,131.21,123.23,119.29,1.05,uptrend,0.00,0.83,true
2026-08-21,GRMN,294.85,706800,57.23,16.75,261.90,333.42,240.00,314.28,-83.25,66,DoubleTop|HeadAndShoulders|AscendingScallop,66.67,HOLD,8.25,282.47,319.61,282.47,298.98,19.77,27.47,-7.70,297.66,292.62,263.12,234.18,0.66,uptrend,0.00,0.62,true
2026-08-21,GWW,1312.24,233900,45.80,72.92,1251.19,1399.91,1260.22,1418.20,-27.08,66,DoubleBottom|ThreeRisingValleys|DescendingScallop,268.43,HOLD,27.41,1271.12,1394.47,1271.12,1325.95,-31.29,-32.35,1.06,1325.55,1321.66,1343.28,1159.16,0.82,uptrend,0.00,0.42,false
2026-08-21,HAL,35.34,8775800,59.20,84.05,30.31,35.93,30.98,36.08,-15.95,66,CupWithHandle|ThreeRisingValleys|AscendingScallop,502.27,HOLD,0.97,33.89,38.24,33.89,35.82,0.72,-0.30,1.02,33.12,33.95,34.18,34.36,0.86,uptrend,0.00,0.20,false
2026-08-21,HD,335.61,3391700,46.01,17.78,328.21,356.76,328.80,358.36,-82.22,66,DoubleBottom|DoubleTop|HeadAndShoulders,243.06,SELL,9.05,349.18,308.47,349.18,331.09,3.59,4.58,-0.99,342.48,340.96,340.08,346.04,0.85,downtrend,0.00,0.08,false
2026-08-21,HSY,186.46,927400,57.89,76.29,175.41,189.47,173.59,190.46,-23.71,66,DoubleTop|AscendingScallop,230.56,HOLD,4.10,180.32,198.75,180.32,188.51,4.34,3.97,0.37,182.44,182.59,178.54,192.09,0.64,downtrend,0.00,0.20,false
2026-08-21,HUBB,470.03,418281,40.33,3.31,456.36,529.83,455.07,529.39,-96.69,66,DoubleTop|HeadAndShoulders,226.30,SELL,15.16,492.77,424.56,492.77,462.45,7.40,9.28,-1.88,493.10,491.39,494.56,485.08,0.67,downtrend,0.00,0.08,false
2026-08-21,IBM,235.68,3840000,49.60,66.92,219.70,243.69,215.11,241.80,-33.08,66,DoubleTop|HeadAndShoulders|AscendingScallop,90.00,HOLD,8.10,223.54,259.97,223.54,239.73,8.28,4.42,3.86,231.70,234.46,247.36,266.00,0.58,downtrend,0.00,0.20,false
2026-08-21,IDXX,556.93,485700,47.46,21.79,538.03,598.58,538.20,624.15,-78.21,66,DoubleBottom|InvertedCupWithHandle|ThreeDescendingPeaks,193.26,HOLD,18.91,528.57,613.65,528.57,566.38,3.11,8.43,-5.32,568.30,563.09,560.00,615.10,0.75,downtrend,0.00,0.08,false
2026-08-21,IEX,234.39,1015400,54.19,24.52,225.33,243.10,219.25,243.80,-75.48,66,DoubleTop|AscendingScallop,151.59,HOLD,5.25,226.51,250.15,226.51,237.02,4.66,5.80,-1.14,234.21,233.62,227.57,202.84,1.40,uptrend,0.00,0.69,true
2026-08-21,INCY,127.81,1367400,65.41,85.09,115.46,129.61,115.77,132.60,-14.91,66,DoubleBottom|ThreeRisingValleys|AscendingScallop,494.44,BUY,3.77,122.16,139.12,122.16,129.69,1.59,1.63,-0.03,122.54,122.17,116.20,103.65,0.72,uptrend,0.83,0.75,true
2026-08-21,IR,80.51,6232200,42.32,10.63,78.88,90.52,79.17,91.78,-89.37,66,DoubleBottom|ThreeDescendingPeaks|DescendingScallop,214.22,SELL,2.39,84.10,73.33,84.10,79.31,-0.61,1.58,-2.19,84.70,83.11,81.62,82.00,1.50,downtrend,0.00,0.08,false
2026-08-21,ISRG,378.81,2010300,47.56,35.42,345.38,411.98,343.39,405.34,-64.58,66,AscendingScallop,132.10,HOLD,13.09,359.17,418.09,359.17,385.36,19.25,10.07,9.18,378.68,383.38,388.30,473.15,0.67,downtrend,0.00,0.20,false
2026-08-21,IT,195.90,1059800,68.40,97.83,145.13,208.37,143.20,196.79,-2.17,66,DoubleTop|AscendingScallop,303.08,BUY,9.65,181.42,224.86,181.42,200.73,18.94,19.79,-0.84,176.75,176.84,152.15,179.37,0.66,uptrend,0.83,0.76,true
2026-08-21,ITW,282.29,872300,46.33,6.41,280.17,299.68,281.04,301.92,-93.59,66,DoubleBottom|DoubleTop,141.00,HOLD,5.62,273.86,299.16,273.86,285.10,2.93,6.96,-4.03,289.93,286.29,277.40,265.28,0.68,uptrend,0.00,0.14,false
2026-08-21,JBHT,275.45,708300,49.27,53.17,263.21,284.28,261.28,289.25,-46.83,66,DoubleBottom|DoubleTop,139.78,HOLD,8.28,263.03,300.29,263.03,279.59,-3.93,-6.39,2.46,273.75,275.84,279.01,232.63,0.82,uptrend,0.00,0.67,true
2026-08-21,JBL,313.21,753500,40.98,3.03,286.16,380.04,285.80,376.97,-96.97,66,,98.89,HOLD,16.21,288.90,361.83,288.90,321.31,16.50,14.46,2.04,333.10,335.76,341.28,288.05,0.71,uptrend,0.00,0.15,false
2026-08-21,JCI,143.05,3197600,42.13,1.48,138.53,158.68,136.24,157.06,-98.52,66,DoubleTop,134.39,HOLD,4.40,136.45,156.25,136.45,145.25,3.37,4.41,-1.04,148.61,147.91,145.20,133.64,0.87,uptrend,0.00,0.14,false
2026-08-21,JNJ,270.24,6176100,61.82,76.07,251.20,273.09,250.44,276.47,-23.93,66,DoubleBottom|DoubleTop|ThreeRisingValleys,375.36,HOLD,5.86,261.45,287.83,261.45,273.17,3.27,1.99,1.29,262.15,262.57,254.83,231.81,0.88,uptrend,0.00,0.49,false
2026-08-21,KLAC,183.99,8906400,39.81,5.75,172.92,213.28,169.81,214.80,-94.25,66,DoubleTop,96.42,HOLD,11.64,166.53,218.92,166.53,189.81,-0.88,-7.64,6.76,193.10,198.02,220.07,168.52,0.76,uptrend,0.00,0.30,false
2026-08-21,KMB,109.31,2102600,50.64,51.08,106.47,113.25,105.77,115.47,-48.92,66,DoubleBottom,170.99,HOLD,2.71,105.24,117.45,105.24,110.67,-0.50,0.09,-0.59,109.86,109.27,108.63,102.93,0.61,uptrend,0.00,0.22,false
2026-08-21,KVUE,19.06,13572600,49.71,39.05,18.65,19.79,18.65,20.05,-60.95,66,DoubleBottom|DescendingScallop,91.07,HOLD,0.41,18.44,20.30,18.44,19.27,-0.13,0.01,-0.14,19.22,19.09,19.02,17.83,0.62,uptrend,0.00,0.22,false
2026-08-21,LH,336.34,792700,75.72,95.08,301.19,335.78,294.34,338.19,-4.92,66,AscendingScallop,416.33,BUY,7.97,324.38,360.26,324.38,340.33,13.17,15.27,-2.10,318.49,317.07,292.26,271.87,1.14,uptrend,0.83,0.84,true
2026-08-21,LII,402.87,424500,30.35,0.80,359.90,513.07,402.44,558.13,-99.20,66,ThreeDescendingPeaks|DescendingScallop,200.00,SELL,16.06,426.97,354.68,426.97,394.84,-39.05,-49.95,10.91,436.48,440.35,501.63,502.86,0.65,downtrend,0.00,0.08,false
2026-08-21,LIN,487.57,2048400,45.64,55.57,466.10,511.80,466.88,522.00,-44.43,66,DoubleBottom|DescendingScallop,106.48,HOLD,9.92,472.70,517.32,472.70,492.53,-9.84,-12.81,2.97,488.95,489.44,507.67,477.24,0.90,uptrend,0.00,0.08,false
2026-08-21,LITE,866.71,3660700,52.46,37.48,627.25,1007.36,594.84,999.67,-62.52,66,IslandReversal|ThreeRisingValleys|AscendingScallop,389.84,HOLD,80.99,745.23,1109.67,745.23,907.20,64.57,43.13,21.43,817.31,844.80,814.41,652.62,0.69,uptrend,0.00,0.42,false
2026-08-21,LLY,1255.40,2497300,59.45,79.70,1115.46,1280.74,1109.15,1292.65,-20.30,66,AscendingScallop,369.99,HOLD,41.92,1192.52,1381.17,1192.52,1276.36,25.96,7.78,18.18,1198.10,1207.34,1179.58,1052.98,0.87,uptrend,0.83,0.69,true
2026-08-21,LOW,216.09,2928700,49.98,34.28,209.18,224.11,206.02,225.79,-65.72,66,DoubleTop|AscendingScallop,170.00,HOLD,5.97,207.13,234.00,207.13,219.08,4.30,4.37,-0.08,216.64,216.40,215.92,237.52,1.00,downtrend,0.00,0.08,false
2026-08-21,LRCX,314.00,5940400,48.42,39.42,265.56,350.23,250.50,345.28,-60.58,66,AscendingScallop,209.75,BUY,20.66,283.01,375.98,283.01,324.33,10.09,-0.11,10.20,307.90,317.48,337.28,253.59,0.56,uptrend,0.33,0.56,true
2026-08-21,LULU,121.07,3247100,51.88,45.02,114.19,128.15,114.69,128.86,-54.98,66,DoubleBottom|DoubleTop|CupWithHandle,139.00,HOLD,4.30,114.62,133.97,114.62,123.22,1.81,2.91,-1.10,121.17,119.97,117.63,155.27,1.24,downtrend,0.00,0.28,false
2026-08-21,MAA,131.31,797100,44.62,17.06,129.78,136.44,130.14,137.82,-82.94,66,DoubleBottom|DoubleTop,186.84,HOLD,2.46,127.61,138.70,127.61,132.54,-0.65,-0.36,-0.29,133.11,132.79,134.89,132.21,0.78,downtrend,0.00,0.14,false
2026-08-21,MAS,73.29,1184500,44.27,13.47,70.03,80.43,70.93,83.64,-86.53,66,InvertedCupWithHandle|DescendingScallop,125.72,HOLD,2.30,69.84,80.19,69.84,74.44,-1.14,-1.27,0.13,75.23,75.08,76.59,69.07,0.41,uptrend,0.00,0.14,false
2026-08-21,MCHP,76.08,4628800,43.61,15.83,71.64,83.68,71.24,85.97,-84.17,66,DoubleTop,119.14,HOLD,3.85,70.30,87.64,70.30,78.01,0.18,-1.36,1.54,77.66,78.91,84.37,76.51,0.43,downtrend,0.00,0.08,false
2026-08-21,MCK,858.90,1580600,52.34,47.25,827.09,902.13,810.88,912.50,-52.75,66,DoubleTop|ThreeDescendingPeaks,85.67,HOLD,26.14,819.69,937.32,819.69,871.97,10.63,17.37,-6.74,864.61,855.62,821.25,840.68,1.51,uptrend,0.00,0.08,false
2026-08-21,MDLZ,64.45,5800000,60.66,92.23,60.66,64.90,60.07,66.65,-7.77,66,DoubleBottom|AscendingScallop,404.48,HOLD,1.43,62.31,68.73,62.31,65.16,0.73,0.98,-0.25,62.78,62.68,61.33,58.81,0.68,uptrend,0.00,0.34,false
2026-08-21,MDT,93.35,7494500,68.40,85.98,83.01,94.67,83.21,94.72,-14.02,66,ThreeRisingValleys|AscendingScallop,463.07,HOLD,2.15,90.12,99.81,90.12,94.43,3.27,2.78,0.50,88.84,89.21,84.35,89.80,1.05,uptrend,0.00,0.43,false
2026-08-21,MKC,55.41,2626500,62.12,77.12,49.77,56.40,49.76,56.87,-22.88,66,CupWithHandle|ThreeRisingValleys|AscendingScallop,468.96,HOLD,1.56,53.07,60.08,53.07,56.19,1.44,0.72,0.72,53.09,53.58,51.51,57.65,0.92,downtrend,0.00,0.20,false
2026-08-21,MLM,534.92,552200,44.44,32.07,515.66,576.92,522.19,588.00,-67.93,66,DoubleBottom|DescendingScallop,173.53,HOLD,14.96,512.48,579.79,512.48,542.40,-7.62,-8.29,0.67,546.29,544.85,568.05,605.39,0.88,downtrend,0.00,0.08,false
2026-08-21,MMM,178.96,2587900,56.14,29.17,175.72,185.13,173.52,184.90,-70.83,66,DoubleTop|HeadAndShoulders,59.73,HOLD,3.84,173.21,190.47,173.21,180.88,4.04,7.06,-3.02,180.42,178.22,169.12,160.51,0.84,uptrend,0.00,0.42,false
2026-08-21,MNST,47.79,12531300,42.33,5.24,20.63,116.36,45.05,99.29,-94.76,66,BearishFlag|ThreeDescendingPeaks|DescendingScallop,191.00,HOLD,10.34,32.29,78.80,32.29,52.96,-15.00,-9.23,-5.77,68.49,62.12,81.75,79.02,1.46,downtrend,0.00,0.08,false
2026-08-21,MPWR,1316.28,529600,45.30,24.60,1255.57,1449.08,1240.02,1568.21,-75.40,66,HeadAndShoulders,192.50,HOLD,75.20,1203.49,1541.87,1203.49,1353.88,13.62,14.41,-0.79,1352.33,1355.40,1379.61,1235.02,0.64,uptrend,0.00,0.08,false
2026-08-21,MRK,152.55,15961400,77.85,93.14,118.98,149.47,126.22,154.49,-6.86,66,DoubleBottom|ThreeRisingValleys|AscendingScallop,612.00,HOLD,4.41,145.94,165.77,145.94,154.75,4.53,2.43,2.11,134.23,136.30,128.00,115.30,1.52,uptrend,1.00,0.98,true
2026-08-21,MRVL,237.04,25467400,55.80,69.52,166.53,254.30,162.90,252.52,-30.48,66,IslandReversal|ThreeRisingValleys|AscendingScallop,505.07,BUY,18.37,209.49,292.14,209.49,246.22,15.67,6.17,9.51,210.42,221.21,233.85,145.07,1.06,uptrend,0.83,0.83,true
2026-08-21,MSFT,483.24,22489200,62.42,16.65,399.72,546.46,387.99,513.73,-83.35,66,BearishFlag|DoubleTop|HeadAndShoulders|AscendingScallop,80.00,HOLD,12.33,464.75,520.23,464.75,489.40,37.89,45.81,-7.92,473.09,469.98,419.84,431.31,0.61,uptrend,0.00,0.56,true
2026-08-21,MTD,1395.25,365600,53.58,18.69,1361.38,1463.40,1313.70,1474.19,-81.31,66,DoubleTop|AscendingScallop,157.00,HOLD,37.92,1338.37,1509.01,1338.37,1414.21,32.04,49.99,-17.95,1412.39,1396.56,1315.89,1321.53,2.02,uptrend,0.00,0.29,false
2026-08-21,MU,966.78,21741600,54.34,66.84,769.59,1022.90,737.88,1036.13,-33.16,66,ThreeRisingValleys|AscendingScallop,397.11,BUY,66.74,866.67,1167.00,866.67,1000.15,26.23,-4.90,31.14,896.24,928.32,964.59,571.10,0.55,uptrend,0.83,0.75,true
2026-08-21,NDSN,332.24,700300,72.53,83.26,288.72,328.38,292.97,338.55,-16.74,66,AscendingScallop,447.47,BUY,7.62,320.80,355.11,320.80,336.05,8.92,8.53,0.39,308.55,309.91,298.58,274.58,1.71,uptrend,0.83,0.90,true
2026-08-21,NEM,131.58,10513100,75.93,97.87,83.87,134.78,88.98,132.34,-2.13,66,ThreeRisingValleys|AscendingScallop,483.52,BUY,4.57,124.72,145.30,124.72,133.87,13.16,8.86,4.30,109.32,113.06,101.54,106.36,1.40,uptrend,0.83,0.63,true
2026-08-21,NKE,40.76,14691100,45.96,50.26,39.43,43.55,38.86,43.69,-49.74,66,ThreeDescendingPeaks|DescendingScallop,149.13,HOLD,1.23,38.91,44.46,38.91,41.38,-0.83,-0.69,-0.14,41.49,41.29,42.49,52.61,0.61,downtrend,0.00,0.08,false
2026-08-21,NOW,128.48,12456000,62.42,86.07,105.83,134.05,100.35,131.18,-13.93,66,AscendingScallop,365.03,BUY,6.27,119.08,147.28,119.08,131.61,9.48,8.71,0.76,119.94,120.08,108.92,120.31,0.58,uptrend,0.83,0.69,true
2026-08-21,NSC,350.72,825200,65.69,89.19,329.73,348.58,328.78,352.99,-10.81,66,BullishFlag|DoubleBottom|DoubleTop,395.44,BUY,6.97,340.27,371.63,340.27,354.20,0.46,0.93,-0.47,339.16,339.16,328.22,306.06,0.65,uptrend,0.83,0.61,true
2026-08-21,NTAP,192.27,1612300,56.29,42.02,167.58,213.50,163.68,209.06,-57.98,66,AscendingScallop,236.84,HOLD,7.25,181.40,214.01,181.40,195.89,13.76,13.38,0.38,190.54,190.58,173.10,126.87,0.64,uptrend,0.17,0.75,true
2026-08-21,NUE,243.63,2704800,40.03,12.08,241.57,285.21,238.62,280.11,-87.92,66,DoubleTop,160.12,HOLD,9.49,229.39,272.11,229.39,248.38,7.07,14.02,-6.95,263.39,257.90,248.15,200.61,1.62,uptrend,0.00,0.63,true
2026-08-21,NVDA,214.72,98545600,51.01,30.05,191.02,235.34,190.01,227.92,-69.95,66,DoubleTop|AscendingScallop,158.30,HOLD,6.26,205.32,233.51,205.32,217.85,8.82,6.18,2.64,213.18,215.45,207.58,195.29,0.85,uptrend,0.00,0.27,false
2026-08-21,NXPI,225.56,2172500,36.08,14.88,213.87,257.35,218.24,276.88,-85.12,66,DoubleBottom|HeadAndShoulders|DescendingScallop,167.97,HOLD,9.25,211.69,253.31,211.69,230.18,-12.58,-17.95,5.37,235.61,238.36,266.38,242.59,0.50,downtrend,0.00,0.08,false
2026-08-21,ODFL,206.47,1198300,39.76,23.86,201.38,225.80,202.23,233.92,-76.14,66,DoubleBottom|DescendingScallop,140.42,HOLD,6.65,196.49,226.42,196.49,209.80,-7.61,-8.05,0.45,213.59,213.36,221.30,193.70,0.69,uptrend,0.00,0.14,false
2026-08-21,ON,74.21,4524900,35.49,5.74,73.77,87.42,73.52,89.77,-94.26,66,DescendingScallop,175.00,HOLD,4.42,67.58,87.47,67.58,76.42,-2.87,-4.18,1.31,80.60,81.51,92.77,77.10,0.46,downtrend,0.00,0.08,false
2026-08-21,ORCL,146.47,19567800,52.71,41.41,118.53,163.05,114.50,159.26,-58.59,66,HeadAndShoulders|AscendingScallop,131.94,HOLD,7.05,135.89,167.62,135.89,150.00,10.80,9.65,1.16,140.79,143.25,145.43,173.07,0.67,downtrend,0.00,0.20,false
2026-08-21,ORLY,89.11,5717400,46.35,27.71,87.87,94.31,86.13,94.12,-72.29,66,DoubleBottom|DoubleTop,131.60,HOLD,2.41,85.49,96.35,85.49,90.32,1.46,2.39,-0.93,91.09,90.41,88.99,92.61,0.93,downtrend,0.00,0.08,false
2026-08-21,OTIS,71.49,3873400,45.65,26.28,70.51,74.71,70.31,75.32,-73.72,66,DoubleBottom|DoubleTop|DescendingScallop,188.27,HOLD,1.59,69.10,76.27,69.10,72.29,-0.01,0.14,-0.15,72.61,72.29,72.51,80.92,1.18,downtrend,0.00,0.08,false
2026-08-21,PANW,357.87,5136100,51.58,26.60,308.85,407.22,308.54,398.88,-73.40,66,HeadAndShoulders|AscendingScallop|MeasuredMoveDown,41.44,HOLD,15.40,334.77,404.07,334.77,365.57,19.40,15.72,3.68,358.03,360.19,335.84,226.00,0.91,uptrend,0.00,0.75,true
2026-08-21,PEP,143.48,6627600,59.36,97.83,136.65,143.72,136.73,145.43,-2.17,66,DoubleBottom|DoubleTop,236.04,HOLD,2.68,139.46,151.53,139.46,144.82,0.85,0.88,-0.03,140.18,140.18,140.05,148.95,0.96,downtrend,0.00,0.27,false
2026-08-21,PG,144.68,9785200,46.87,39.94,141.96,148.82,140.20,153.68,-60.06,66,DoubleBottom|DescendingScallop,183.50,HOLD,2.84,140.41,153.21,140.41,146.10,-1.44,-1.37,-0.06,145.39,145.25,147.61,147.64,1.00,downtrend,0.00,0.08,false
2026-08-21,PHM,129.00,996800,50.02,38.32,125.83,134.52,125.98,136.22,-61.68,66,DoubleBottom,154.02,HOLD,4.00,123.00,141.01,123.00,131.00,0.60,1.74,-1.14,130.18,129.24,128.78,124.83,0.69,uptrend,0.00,0.08,false
2026-08-21,PKG,252.79,461100,56.20,42.89,246.90,259.14,243.26,259.98,-57.11,66,DoubleBottom|DoubleTop|HeadAndShoulders,56.00,HOLD,5.90,243.95,270.48,243.95,255.74,5.31,8.89,-3.58,253.02,250.39,240.73,221.18,0.81,uptrend,0.00,0.35,false
2026-08-21,PLD,141.80,3178900,49.37,88.93,136.60,147.36,137.22,149.16,-11.07,66,DoubleBottom|DescendingScallop,143.75,HOLD,2.53,138.00,149.40,138.00,143.07,-2.83,-2.60,-0.23,141.98,141.69,142.85,136.52,0.67,uptrend,0.00,0.26,false
2026-08-21,PNR,64.40,2443300,42.74,15.77,62.60,69.96,63.08,70.97,-84.23,66,DoubleBottom|ThreeDescendingPeaks,180.93,HOLD,2.21,61.08,71.03,61.08,65.51,0.71,0.58,0.13,66.28,66.15,69.61,87.99,0.83,downtrend,0.00,0.08,false
2026-08-21,PODD,148.16,903600,46.83,48.80,128.46,175.64,126.40,172.92,-51.20,66,DescendingScallop,136.48,HOLD,7.19,137.37,169.74,137.37,151.76,-9.73,-7.58,-2.15,152.05,150.13,154.44,219.16,0.52,downtrend,0.00,0.20,false
2026-08-21,PPG,113.63,1010000,46.51,26.47,109.77,120.33,109.54,123.45,-73.53,66,DoubleBottom|DescendingScallop,180.01,HOLD,2.95,109.20,122.49,109.20,115.11,-0.42,-0.16,-0.25,115.05,114.85,117.18,110.56,0.56,uptrend,0.00,0.08,false
2026-08-21,PTC,154.68,857400,67.68,92.82,126.99,161.14,120.33,156.03,-7.18,66,AscendingScallop,385.05,HOLD,5.41,146.56,170.92,146.56,157.39,11.83,11.37,0.46,144.06,144.24,129.06,150.08,0.60,uptrend,0.00,0.27,false
2026-08-21,PWR,639.34,1215600,43.66,4.23,591.00,734.67,554.12,724.80,-95.77,66,AscendingScallop,131.00,HOLD,30.07,594.24,729.54,594.24,654.37,18.54,18.26,0.28,662.84,668.68,671.76,579.24,0.97,uptrend,0.00,0.28,false
2026-08-21,QCOM,160.75,8517400,43.56,40.51,149.85,171.36,142.89,171.19,-59.49,66,DoubleTop|HeadAndShoulders|DescendingScallop,65.00,HOLD,7.01,150.24,181.77,150.24,164.25,-0.42,-5.17,4.75,160.60,164.04,178.53,168.22,0.76,downtrend,0.00,0.20,false
2026-08-21,RDDT,153.29,4545500,43.94,22.97,138.74,183.21,135.22,185.91,-77.03,66,DoubleTop,139.40,HOLD,11.02,136.77,186.34,136.77,158.80,-6.53,-11.37,4.84,160.98,161.74,173.01,176.59,0.50,downtrend,0.00,0.27,false
2026-08-21,REGN,834.04,786800,76.43,87.04,684.04,869.35,659.53,847.00,-12.96,66,ThreeRisingValleys|AscendingScallop,456.18,HOLD,20.27,803.63,894.85,803.63,844.18,56.57,55.87,0.70,776.69,779.29,696.27,724.45,0.96,uptrend,0.83,0.62,true
2026-08-21,RL,372.59,533900,41.53,15.16,365.76,402.98,365.69,411.19,-84.84,66,DoubleBottom|DoubleTop,215.37,SELL,12.24,390.95,335.87,390.95,366.47,4.37,4.64,-0.27,384.37,383.33,390.04,364.93,0.87,uptrend,0.00,0.08,false
2026-08-21,RMD,231.52,1725300,63.53,91.85,204.21,235.44,195.80,234.14,-8.15,66,BullishFlag|ThreeRisingValleys|AscendingScallop,520.94,HOLD,7.09,220.89,252.78,220.89,235.06,9.79,10.35,-0.56,219.82,219.86,206.94,229.13,1.15,uptrend,0.00,0.35,false
2026-08-21,ROK,437.08,558100,42.49,27.49,420.46,481.08,428.22,489.35,-72.51,66,DoubleBottom|DescendingScallop,153.27,HOLD,12.86,417.79,475.65,417.79,443.51,-12.19,-8.10,-4.09,450.77,447.27,461.19,417.98,0.63,uptrend,0.00,0.28,false
2026-08-21,ROL,36.91,3772500,35.69,48.21,35.37,39.27,35.83,40.15,-51.79,66,DoubleBottom|DescendingScallop,157.50,HOLD,1.02,35.38,39.97,35.38,37.42,-1.88,-2.59,0.70,37.32,37.77,41.35,53.39,0.71,downtrend,0.00,0.08,false
2026-08-21,ROP,411.79,588200,65.96,93.59,380.26,414.07,367.51,413.54,-6.41,66,DoubleTop|AscendingScallop,300.46,BUY,11.98,393.83,447.72,393.83,417.78,13.03,16.98,-3.96,397.17,393.53,366.81,377.59,0.75,uptrend,0.83,0.76,true
2026-08-21,ROST,239.04,6967600,48.48,38.70,231.36,262.27,228.05,257.00,-61.30,66,DoubleTop,148.46,HOLD,6.35,229.52,258.08,229.52,242.21,-0.17,6.83,-7.00,246.82,241.33,234.47,209.05,2.50,uptrend,0.00,0.49,false
2026-08-21,RSG,220.67,1075300,60.34,81.68,206.51,222.50,204.80,224.23,-18.32,66,DoubleTop,240.53,HOLD,4.31,214.21,233.59,214.21,222.82,0.63,-2.43,3.06,214.50,216.02,214.87,214.23,0.75,uptrend,0.00,0.34,false
2026-08-21,RVTY,124.75,2289700,68.60,98.72,107.86,123.32,107.48,124.97,-1.28,66,AscendingScallop,434.56,BUY,3.97,118.79,136.67,118.79,126.74,3.25,2.32,0.93,115.59,116.40,111.18,100.58,1.42,uptrend,0.83,0.90,true
2026-08-21,SHW,346.59,1686400,49.15,19.24,332.95,375.06,320.00,372.16,-80.76,66,DoubleTop|ThreeDescendingPeaks|AscendingScallop,80.00,HOLD,9.26,332.70,374.36,332.70,351.22,10.75,14.87,-4.12,354.00,350.30,339.44,334.07,0.85,uptrend,0.00,0.08,false
2026-08-21,SLB,53.87,7094100,61.21,87.67,48.15,55.29,48.30,54.58,-12.33,66,ThreeRisingValleys|AscendingScallop,455.06,HOLD,1.46,51.69,58.24,51.69,54.60,2.12,1.82,0.29,51.72,51.95,49.66,48.07,0.70,uptrend,0.00,0.27,false
2026-08-21,SMCI,37.24,36409900,61.74,61.71,24.15,41.54,25.68,42.31,-38.29,66,ThreeRisingValleys|AscendingScallop,356.60,HOLD,2.47,33.54,44.64,33.54,38.47,3.89,2.77,1.12,32.85,34.02,30.48,31.45,0.66,uptrend,0.00,0.42,false
2026-08-21,SNDK,1596.08,7530100,53.70,65.12,982.21,1780.06,998.19,1827.99,-34.88,66,ThreeRisingValleys|AscendingScallop,358.13,BUY,154.48,1364.37,2059.51,1364.37,1673.32,64.78,-51.85,116.62,1381.13,1497.35,1654.17,939.21,0.44,uptrend,0.67,0.75,true
2026-08-21,SNPS,397.87,1256400,43.51,12.18,373.83,427.08,370.20,425.78,-87.82,66,AscendingScallop,115.37,HOLD,12.42,379.24,435.13,379.24,404.08,13.13,5.06,8.07,400.46,405.20,420.09,446.11,0.80,downtrend,0.00,0.20,false
2026-08-21,STE,237.93,440100,61.85,87.11,224.26,242.38,214.54,241.39,-12.89,66,DoubleTop|HeadAndShoulders|AscendingScallop,191.83,HOLD,5.68,229.41,254.97,229.41,240.77,6.74,8.69,-1.95,233.32,231.59,219.90,234.19,0.58,uptrend,0.00,0.27,false
2026-08-21,STLD,228.68,1999800,37.72,19.26,228.06,279.74,218.02,273.36,-80.74,66,DoubleTop,139.76,HOLD,10.10,213.52,258.99,213.52,233.73,1.72,9.54,-7.82,253.90,247.60,246.90,206.16,1.63,uptrend,0.00,0.35,false
2026-08-21,STX,850.00,2843500,48.23,34.97,734.30,969.91,698.99,1013.99,-65.03,66,ThreeRisingValleys|AscendingScallop,216.41,HOLD,69.56,745.66,1058.68,745.66,884.78,20.55,9.37,11.18,852.11,868.46,891.44,565.87,0.54,uptrend,0.00,0.75,true
2026-08-21,SWKS,67.14,6948300,52.05,60.15,60.79,72.36,57.50,70.75,-39.85,66,DoubleTop|HeadAndShoulders|AscendingScallop,129.41,HOLD,2.91,62.78,75.87,62.78,68.59,3.24,3.47,-0.22,66.58,66.81,65.74,63.92,1.19,uptrend,0.00,0.35,false
2026-08-21,SYK,329.45,3163300,47.38,21.15,324.58,353.58,317.62,352.49,-78.85,66,DoubleBottom|DoubleTop|HeadAndShoulders,133.33,HOLD,10.36,313.91,360.54,313.91,334.63,3.80,7.08,-3.28,339.08,334.85,326.60,340.48,1.30,downtrend,0.00,0.08,false
2026-08-21,TECH,72.32,3958000,67.73,58.90,71.77,72.53,71.58,72.62,-41.10,66,DoubleBottom|DoubleTop,247.99,HOLD,0.45,71.64,73.67,71.64,72.55,0.19,0.24,-0.05,72.15,71.84,68.87,60.35,1.09,uptrend,0.83,0.90,true
2026-08-21,TEL,203.52,2966100,44.16,18.06,199.44,222.60,199.45,221.98,-81.94,66,DoubleBottom|DoubleTop|HeadAndShoulders,197.15,HOLD,6.53,193.73,223.10,193.73,206.78,2.48,4.95,-2.47,211.02,208.99,206.53,218.11,1.34,downtrend,0.00,0.08,false
2026-08-21,TER,375.74,1907400,48.22,14.37,319.27,440.10,301.00,444.17,-85.63,66,AscendingScallop,145.78,HOLD,28.80,332.54,462.15,332.54,390.14,20.18,20.11,0.07,379.68,385.64,386.03,307.46,0.53,uptrend,0.00,0.35,false
2026-08-21,TGT,165.44,6232700,76.04,99.80,139.13,162.45,137.45,165.48,-0.20,66,AscendingScallop,503.26,BUY,4.98,157.97,180.38,157.97,167.93,6.48,6.13,0.35,150.79,151.28,140.93,118.82,1.39,uptrend,1.00,0.90,true
2026-08-21,TJX,140.53,9696100,25.39,5.26,141.92,167.51,139.31,163.04,-94.74,66,DoubleTop|ThreeDescendingPeaks|DescendingScallop,191.00,HOLD,3.63,135.09,151.42,135.09,142.34,-2.72,0.64,-3.36,154.72,151.86,156.01,155.23,1.57,downtrend,0.00,0.08,false
2026-08-21,TMO,629.27,1556000,74.64,92.48,552.33,626.76,556.01,634.70,-7.52,66,AscendingScallop,478.27,BUY,16.07,605.17,677.47,605.17,637.30,22.44,22.21,0.22,589.54,588.78,541.68,533.80,0.82,uptrend,1.00,0.82,true
2026-08-21,TPL,383.64,330400,52.21,63.57,333.03,413.81,335.10,421.16,-36.43,66,DoubleBottom|DescendingScallop,111.06,HOLD,18.45,355.96,438.99,355.96,392.87,-24.73,-22.40,-2.33,373.42,374.40,387.65,389.45,0.78,downtrend,0.00,0.20,false
2026-08-21,TPR,130.17,3381300,34.66,10.42,120.75,173.04,126.14,164.80,-89.58,66,DoubleTop,189.80,HOLD,5.52,121.89,146.72,121.89,132.93,-2.88,3.66,-6.54,146.90,141.59,145.24,137.25,1.08,downtrend,0.00,0.08,false
2026-08-21,TRMB,60.25,2760800,62.15,75.99,55.42,60.59,53.83,62.00,-24.01,66,DoubleBottom|HeadAndShoulders|AscendingScallop,300.21,HOLD,2.17,57.00,66.75,57.00,61.33,1.57,2.35,-0.78,58.00,57.39,54.03,65.75,0.96,downtrend,0.00,0.20,false
2026-08-21,TSCO,34.98,8636800,60.46,63.34,30.04,37.54,29.46,36.89,-36.66,66,BullishFlag|ThreeRisingValleys|AscendingScallop,403.79,HOLD,1.14,33.27,38.39,33.27,35.55,2.20,1.89,0.31,33.79,34.00,31.83,42.86,0.74,downtrend,0.00,0.20,false
2026-08-21,TSLA,362.86,58979800,58.01,92.86,296.26,360.02,297.38,366.50,-7.14,66,ThreeRisingValleys|AscendingScallop,436.39,HOLD,13.86,342.07,404.44,342.07,369.79,3.49,-14.25,17.74,328.14,342.10,365.86,403.32,1.68,downtrend,0.00,0.43,false
2026-08-21,TT,453.43,825700,40.25,7.00,441.39,495.56,439.82,493.71,-93.00,66,DoubleTop|HeadAndShoulders,107.07,HOLD,12.63,434.48,491.32,434.48,459.75,1.74,0.35,1.38,468.47,468.49,474.09,443.25,0.71,uptrend,0.00,0.14,false
2026-08-21,TTD,13.18,13017500,31.48,5.21,10.87,20.76,12.83,19.55,-94.79,66,DoubleBottom|ThreeDescendingPeaks|DescendingScallop,216.00,SELL,0.94,14.60,10.35,14.60,12.71,-2.33,-1.49,-0.84,15.81,15.21,17.50,26.54,0.42,downtrend,0.00,0.08,false
2026-08-21,TXN,264.36,5459900,39.04,9.75,264.17,287.92,261.63,289.62,-90.25,66,DoubleBottom|DoubleTop|HeadAndShoulders|MeasuredMoveDown,150.00,HOLD,10.59,248.48,296.12,248.48,269.65,-2.74,-5.31,2.57,276.05,276.99,290.16,234.47,0.78,uptrend,0.00,0.15,false
2026-08-21,TYL,350.73,541600,65.59,90.68,296.66,350.85,299.73,355.97,-9.32,66,ThreeRisingValleys|AscendingScallop,423.34,HOLD,14.07,329.62,392.95,329.62,357.77,9.30,5.32,3.97,323.76,325.59,309.21,362.49,0.62,downtrend,0.00,0.42,false
2026-08-21,UBER,78.80,12709300,61.98,89.47,66.88,80.82,65.41,80.22,-10.53,66,CupWithHandle|AscendingScallop,443.66,HOLD,2.74,74.70,87.01,74.70,80.17,3.18,1.50,1.68,73.85,74.91,72.92,77.10,0.63,uptrend,0.00,0.35,false
2026-08-21,ULTA,521.46,468400,53.26,38.51,483.76,562.65,474.46,566.73,-61.49,66,DoubleTop|AscendingScallop,106.00,HOLD,17.00,495.96,572.45,495.96,529.96,13.45,24.15,-10.70,523.20,516.46,490.52,555.20,0.82,downtrend,0.00,0.08,false
2026-08-21,UNP,308.05,2684600,66.94,98.82,286.93,305.26,284.79,308.29,-1.18,66,DoubleBottom|DoubleTop|AscendingScallop|MeasuredMoveUp,510.14,BUY,6.34,298.54,327.07,298.54,311.22,0.79,-0.13,0.92,296.10,296.88,286.22,256.33,0.99,uptrend,1.00,0.75,true
2026-08-21,UPS,102.01,3584100,39.17,8.29,99.72,110.12,101.34,114.87,-91.71,66,DoubleBottom|ThreeDescendingPeaks|DescendingScallop,175.00,HOLD,2.46,98.32,109.39,98.32,103.24,-3.80,-4.10,0.29,104.92,105.15,108.40,104.42,0.65,downtrend,0.00,0.08,false
2026-08-21,URI,1098.51,472100,47.24,14.54,1058.12,1187.14,1052.32,1179.18,-85.46,66,DoubleTop,103.10,HOLD,33.10,1048.86,1197.81,1048.86,1115.06,24.28,30.98,-6.70,1122.63,1117.59,1098.22,918.22,1.04,uptrend,0.00,0.63,true
2026-08-21,VLTO,98.77,2001700,59.16,69.82,93.85,100.49,92.31,102.25,-30.18,66,DoubleTop|AscendingScallop,216.37,HOLD,2.28,95.35,105.62,95.35,99.91,1.90,2.05,-0.15,97.17,96.75,92.37,93.46,1.26,uptrend,0.67,0.62,true
2026-08-21,VMC,276.04,903200,45.87,30.62,268.29,292.14,266.68,300.63,-69.38,66,DoubleBottom|DescendingScallop,153.13,HOLD,7.55,264.71,298.70,264.71,279.82,-0.75,-1.25,0.51,280.21,279.84,288.31,289.34,0.87,downtrend,0.00,0.08,false
2026-08-21,VRSN,281.80,603500,50.84,33.97,269.81,302.06,271.10,303.00,-66.03,66,DoubleBottom|ThreeDescendingPeaks,83.98,HOLD,8.54,269.00,307.41,269.00,286.07,1.17,7.16,-5.99,285.93,281.49,273.37,259.50,0.78,uptrend,0.00,0.37,false
2026-08-21,VRT,261.95,3207800,42.18,20.34,230.93,307.22,220.92,300.30,-79.66,66,DoubleTop,65.00,HOLD,16.76,236.82,312.22,236.82,270.33,1.28,-8.48,9.77,269.07,276.38,293.89,253.17,0.49,uptrend,0.00,0.20,false
2026-08-21,VRTX,548.05,1074900,67.04,91.91,454.68,556.47,465.51,555.32,-8.09,66,AscendingScallop,406.32,HOLD,16.02,524.02,596.11,524.02,556.06,22.81,12.24,10.57,505.57,513.25,490.86,459.97,0.80,uptrend,0.83,0.70,true
2026-08-21,WAB,297.57,1048000,58.22,53.72,288.68,303.61,287.75,306.64,-46.28,66,DoubleBottom|DoubleTop,174.78,HOLD,6.70,287.51,317.68,287.51,300.92,3.59,8.97,-5.38,296.14,292.67,279.87,250.04,1.07,uptrend,0.00,0.75,true
2026-08-21,WAT,410.70,816900,59.42,73.86,368.94,428.90,367.67,421.74,-26.14,66,AscendingScallop,342.84,HOLD,12.79,391.51,449.07,391.51,417.10,17.29,14.82,2.47,398.92,400.32,381.24,358.96,0.92,uptrend,0.83,0.69,true
2026-08-21,WDAY,200.01,3430900,66.88,57.86,146.17,211.23,140.19,227.49,-42.14,66,ThreeRisingValleys|AscendingScallop,367.69,HOLD,10.85,183.74,232.56,183.74,205.43,20.11,18.18,1.92,178.70,179.85,150.48,161.65,0.65,uptrend,0.83,0.75,true
2026-08-21,WELL,239.22,3140500,56.30,88.29,226.97,245.25,224.97,255.20,-11.71,66,DoubleBottom|DescendingScallop,297.56,HOLD,4.98,231.75,254.16,231.75,241.71,-3.72,-3.80,0.08,236.11,235.83,232.02,208.47,0.99,uptrend,0.00,0.54,false
2026-08-21,WM,224.06,1820300,42.25,20.21,218.23,236.73,222.16,243.61,-79.79,66,DoubleBottom|DescendingScallop,175.00,HOLD,4.32,217.59,237.01,217.59,226.22,-4.18,-4.87,0.69,227.48,226.88,227.87,224.35,0.89,downtrend,0.00,0.14,false
2026-08-21,WSM,237.58,884200,50.49,19.71,228.54,254.47,228.52,254.89,-80.29,66,DoubleTop|HeadAndShoulders,93.26,HOLD,6.76,227.43,257.87,227.43,240.96,6.56,9.47,-2.92,241.50,239.20,232.04,202.39,1.01,uptrend,0.00,0.49,false
2026-08-21,WST,353.08,511100,55.33,58.82,334.40,359.69,325.27,360.29,-41.18,66,DoubleTop|CupWithHandle|AscendingScallop,314.63,BUY,8.58,340.21,378.82,340.21,357.37,2.39,-0.76,3.15,347.04,349.46,347.81,290.20,0.83,uptrend,0.83,0.75,true
2026-08-21,WY,24.43,3577300,48.99,35.66,23.46,26.07,23.16,26.00,-64.34,66,DoubleBottom|DoubleTop|ThreeDescendingPeaks|AscendingScallop,73.78,HOLD,0.65,23.46,26.37,23.46,24.75,0.17,0.53,-0.36,24.76,24.57,24.35,24.21,0.64,uptrend,0.00,0.14,false
2026-08-21,XOM,165.11,14300700,67.87,81.94,149.52,167.14,149.09,168.64,-18.06,66,ThreeRisingValleys|AscendingScallop|MeasuredMoveUp,608.54,HOLD,3.66,159.63,176.08,159.63,166.94,3.74,3.69,0.05,158.33,158.71,148.97,142.56,1.00,uptrend,0.00,0.49,false
2026-08-21,XYL,113.42,1457200,39.39,8.00,112.84,125.80,112.50,127.16,-92.00,66,DescendingScallop,216.00,SELL,3.04,117.98,104.30,117.98,111.90,-0.73,-0.06,-0.66,119.32,118.11,117.79,126.16,0.81,downtrend,0.00,0.08,false
2026-08-21,ZBRA,368.51,718600,68.05,68.78,263.82,426.29,261.93,386.23,-31.22,66,DoubleTop|HeadAndShoulders|AscendingScallop|MeasuredMoveDown,124.96,HOLD,13.50,348.27,409.00,348.27,375.26,45.47,46.45,-0.98,345.05,345.51,290.88,252.05,0.80,uptrend,0.00,0.75,true
2026-08-21,A,159.00,2730300,80.53,93.67,133.22,158.29,135.78,160.51,-6.33,66,ThreeRisingValleys|AscendingScallop,532.62,BUY,4.03,152.95,171.09,152.95,161.02,6.80,5.12,1.68,145.76,146.96,137.52,131.30,1.57,uptrend,0.83,0.98,true
2026-08-21,AAPL,309.35,46768100,47.28,44.55,290.44,338.23,300.00,344.57,-55.45,66,DoubleBottom|DescendingScallop,134.89,HOLD,7.63,297.90,332.25,297.90,313.17,-8.73,-8.45,-0.28,314.34,312.04,310.21,281.50,0.88,uptrend,0.00,0.23,false
2026-08-21,ABBV,264.96,5135400,64.11,92.20,238.65,267.94,241.20,267.47,-7.80,66,DoubleBottom|DoubleTop|ThreeRisingValleys|AscendingScallop,493.98,HOLD,6.16,255.71,283.45,255.71,268.04,-0.57,-2.05,1.48,253.29,254.14,247.99,226.56,0.95,uptrend,1.00,0.76,true
2026-08-21,ABT,116.64,9834800,77.80,99.84,102.64,115.88,102.89,116.66,-0.16,66,ThreeRisingValleys|AscendingScallop|MeasuredMoveUp,538.25,BUY,2.65,112.67,124.58,112.67,117.96,3.95,4.59,-0.64,109.26,109.05,99.94,107.08,1.16,uptrend,0.83,0.70,true
2026-08-21,ACN,185.28,4837600,66.96,89.67,157.88,188.23,149.58,188.45,-10.33,66,AscendingScallop,340.06,HOLD,8.03,173.24,209.36,173.24,189.29,11.76,14.12,-2.37,173.06,171.60,153.35,205.74,0.75,downtrend,0.00,0.27,false
2026-08-21,ADBE,275.30,4343100,62.51,94.31,241.18,279.76,229.79,277.10,-5.69,66,AscendingScallop,363.55,HOLD,11.06,258.70,308.49,258.70,280.83,13.58,15.29,-1.71,260.47,258.69,232.75,270.43,0.87,uptrend,0.00,0.42,false
2026-08-21,ADI,373.09,5456800,45.34,14.91,356.56,395.44,352.73,396.95,-85.09,66,DoubleTop|MeasuredMoveDown,71.73,HOLD,13.22,353.26,412.74,353.26,379.70,4.73,0.66,4.08,376.00,379.04,388.61,341.76,1.35,uptrend,0.00,0.08,false
2026-08-21,ADM,80.30,3959300,48.83,56.13,76.74,83.66,75.77,84.63,-43.87,66,DoubleBottom|DoubleTop|InvertedCupWithHandle|MeasuredMoveUp,169.66,HOLD,2.40,76.69,87.51,76.69,81.50,-1.43,-2.09,0.66,80.20,80.68,80.04,70.92,0.95,uptrend,0.00,0.47,false
2026-08-21,ADSK,253.83,1795300,62.05,77.74,227.79,261.47,212.19,260.74,-22.26,66,HeadAndShoulders|AscendingScallop,259.66,HOLD,9.57,239.47,282.54,239.47,258.62,13.38,15.07,-1.69,244.63,242.55,219.77,249.45,0.92,uptrend,0.00,0.35,false
2026-08-21,AKAM,110.42,3011500,40.87,15.72,105.91,127.34,107.11,127.04,-84.28,66,DoubleBottom|DoubleTop|HeadAndShoulders,131.28,HOLD,5.83,101.67,127.92,101.67,113.34,-0.27,-0.65,0.38,116.62,117.31,119.73,108.40,0.84,uptrend,0.00,0.08,false
2026-08-21,ALB,143.25,3302100,67.83,97.30,109.58,143.17,111.55,143.94,-2.70,66,ThreeRisingValleys|AscendingScallop,453.54,HOLD,5.56,134.91,159.94,134.91,146.03,8.15,3.88,4.26,126.37,130.25,132.74,155.00,1.41,downtrend,0.00,0.35,false
2026-08-21,ALGN,162.55,1074700,41.28,20.96,160.69,182.73,157.34,187.96,-79.04,66,DescendingScallop|MeasuredMoveDown,235.12,SELL,6.94,172.95,141.74,172.95,159.08,-1.40,-0.98,-0.41,171.71,170.64,174.72,169.49,1.12,downtrend,0.00,0.08,false
2026-08-21,ALLE,162.31,936200,57.97,22.53,155.59,170.92,153.39,170.87,-77.47,66,DoubleTop|AscendingScallop,81.00,HOLD,4.13,156.12,174.69,156.12,164.37,6.12,10.03,-3.90,163.26,160.35,147.82,151.48,0.80,uptrend,0.00,0.42,false
2026-08-21,AMAT,492.32,5526800,43.11,11.40,462.23,565.46,436.33,563.76,-88.60,66,DoubleTop|HeadAndShoulders|MeasuredMoveDown,75.31,HOLD,32.41,443.71,589.55,443.71,508.52,-1.26,-9.77,8.50,513.84,521.32,560.71,395.51,0.69,uptrend,0.00,0.57,true
2026-08-21,AMD,473.25,14310600,45.80,18.58,442.59,519.64,424.03,530.13,-81.42,66,DescendingScallop,71.14,HOLD,28.40,430.65,558.45,430.65,487.45,-8.51,-15.21,6.70,481.12,487.91,510.23,329.86,0.54,uptrend,0.00,0.63,true
2026-08-21,ANET,188.65,8123600,51.73,18.15,162.62,213.35,156.84,214.89,-81.85,66,DoubleTop|ThreeDescendingPeaks|AscendingScallop,67.44,HOLD,9.54,174.33,217.28,174.33,193.42,10.24,9.58,0.66,187.98,188.64,177.36,149.06,1.00,uptrend,0.00,0.63,true
2026-08-21,AOS,63.08,1140700,54.52,69.83,59.96,64.80,58.86,64.77,-30.17,66,DoubleTop,105.66,HOLD,1.69,60.55,68.14,60.55,63.92,0.98,1.15,-0.17,62.38,62.13,61.00,65.44,0.72,downtrend,0.00,0.20,false
2026-08-21,APD,305.10,1356000,55.67,72.74,289.50,311.47,288.00,311.51,-27.26,66,DoubleTop|HeadAndShoulders|AscendingScallop,195.78,HOLD,7.09,294.47,326.36,294.47,308.64,4.83,2.84,1.98,300.48,301.37,295.16,279.98,1.30,uptrend,0.00,0.42,false
2026-08-21,AVGO,368.45,19000300,38.71,14.43,353.79,438.34,357.61,432.73,-85.57,66,DoubleTop,202.45,SELL,15.28,391.37,322.61,391.37,360.81,5.04,10.86,-5.82,396.07,390.94,388.50,369.20,0.95,downtrend,0.00,0.08,false
2026-08-21,AVY,183.71,478100,67.06,89.32,165.05,186.76,161.05,187.91,-10.68,66,DoubleTop|ThreeRisingValleys|AscendingScallop,354.54,HOLD,5.17,175.95,199.23,175.95,186.30,7.64,8.02,-0.38,175.91,175.87,166.67,172.91,0.56,uptrend,0.00,0.20,false
2026-08-21,AZO,2957.95,258300,41.62,21.21,2950.65,3144.51,2903.57,3172.07,-78.79,66,DoubleBottom|DoubleTop,210.95,SELL,88.58,3090.82,2692.21,3090.82,2913.66,9.32,14.78,-5.45,3047.58,3034.59,3054.83,3420.26,1.36,downtrend,0.00,0.08,false
2026-08-21,BBY,85.89,2574300,53.65,61.19,80.54,90.89,79.00,91.27,-38.81,66,DoubleTop|ThreeRisingValleys|DescendingScallop|MeasuredMoveUp,171.73,HOLD,2.75,81.76,94.15,81.76,87.27,-0.99,-0.50,-0.48,85.72,85.16,82.19,71.09,0.80,uptrend,0.00,0.75,true
2026-08-21,BDX,192.00,2524400,78.51,98.82,158.99,193.99,157.09,192.30,-1.18,66,ThreeRisingValleys|AscendingScallop,510.05,BUY,4.58,185.13,205.74,185.13,194.29,11.34,10.33,1.02,176.49,177.25,161.40,157.66,1.28,uptrend,0.83,0.64,true
2026-08-21,BIIB,216.78,722300,58.79,75.83,198.76,218.41,199.40,222.15,-24.17,66,DoubleBottom|DoubleTop,294.40,HOLD,6.46,207.09,236.17,207.09,220.01,3.77,2.89,0.88,208.59,209.66,205.27,187.99,0.75,uptrend,0.00,0.49,false
2026-08-21,BKNG,209.62,4502800,60.78,73.90,187.93,221.90,180.59,216.42,-26.10,66,DoubleTop|AscendingScallop,254.74,HOLD,6.81,199.40,230.06,199.40,213.03,12.16,12.62,-0.46,204.91,203.81,188.06,185.67,0.75,uptrend,0.83,0.75,true
2026-08-21,BLDR,70.21,1629000,45.79,28.99,66.02,77.38,65.10,76.80,-71.01,66,DoubleTop|ThreeDescendingPeaks|DescendingScallop,125.75,HOLD,3.55,64.88,80.86,64.88,71.99,0.24,-0.15,0.38,71.70,72.09,75.79,92.13,0.74,downtrend,0.00,0.08,false
2026-08-21,BSX,50.37,35986800,56.86,55.52,44.93,53.51,42.55,52.99,-44.48,66,AscendingScallop,281.09,HOLD,1.74,47.75,55.60,47.75,51.24,2.81,2.74,0.07,49.22,49.32,46.42,69.43,1.70,downtrend,0.00,0.28,false
2026-08-21,CAH,229.51,1386800,46.31,4.48,226.24,240.96,224.11,258.30,-95.52,66,DoubleBottom|HeadAndShoulders,213.58,SELL,6.08,238.63,211.26,238.63,226.47,2.79,3.36,-0.58,233.60,232.84,231.68,213.92,0.69,uptrend,0.00,0.15,false
2026-08-21,CARR,60.37,5083700,34.57,7.51,58.74,67.24,59.07,69.86,-92.49,66,DoubleBottom|ThreeDescendingPeaks|DescendingScallop,169.20,HOLD,1.79,57.68,65.75,57.68,61.27,-1.67,-2.05,0.38,62.99,63.28,67.32,61.26,0.75,downtrend,0.00,0.08,false
2026-08-21,CDNS,319.02,2150600,37.23,20.06,311.38,348.54,311.47,355.59,-79.94,66,BearishFlag|ThreeDescendingPeaks|DescendingScallop,154.85,HOLD,11.03,302.47,352.11,302.47,324.54,-5.98,-8.17,2.19,329.96,329.52,353.85,327.08,0.93,downtrend,0.00,0.08,false
2026-08-21,CDW,137.25,2065600,49.49,58.43,129.61,151.51,113.00,154.50,-41.57,66,ThreeDescendingPeaks,64.98,HOLD,6.54,127.44,156.88,127.44,140.52,-1.22,1.95,-3.16,140.56,137.91,136.36,131.61,1.05,uptrend,0.00,0.37,false
2026-08-21,CEG,272.88,2034000,52.97,46.36,256.43,284.05,256.16,287.00,-53.64,66,HeadAndShoulders,81.00,HOLD,9.70,258.32,301.99,258.32,277.73,4.57,4.90,-0.33,270.24,270.79,263.12,299.84,0.74,downtrend,0.00,0.26,false
2026-08-21,CF,129.60,3900700,63.93,90.57,112.52,128.65,109.43,131.70,-9.43,66,ThreeRisingValleys|AscendingScallop,498.83,BUY,4.94,122.20,144.41,122.20,132.07,-1.70,-1.60,-0.09,120.58,120.62,116.02,105.70,1.60,uptrend,0.83,0.98,true
2026-08-21,CHD,98.80,1623100,47.37,31.47,96.41,104.64,94.88,104.31,-68.53,66,DoubleBottom|DoubleTop,81.00,HOLD,2.38,95.23,105.94,95.23,99.99,1.01,1.95,-0.95,100.53,99.76,98.56,94.15,0.83,uptrend,0.00,0.08,false
2026-08-21,CHRW,141.63,1034300,29.99,2.37,131.98,170.12,141.24,186.11,-97.63,66,DoubleBottom|DescendingScallop,175.00,HOLD,5.79,132.94,159.01,132.94,144.53,-17.11,-22.09,4.97,151.05,154.27,175.82,172.92,0.46,downtrend,0.00,0.08,false
2026-08-21,CIEN,395.79,1234900,46.32,16.31,341.72,453.42,323.29,462.69,-83.69,66,AscendingScallop,144.58,HOLD,30.24,350.44,486.50,350.44,410.91,14.62,4.10,10.52,397.57,407.47,421.55,368.69,0.56,uptrend,0.00,0.08,false
2026-08-21,CL,91.08,3667300,47.88,38.48,89.69,94.22,89.16,95.46,-61.52,66,DoubleBottom|DoubleTop|MeasuredMoveDown,138.19,HOLD,2.13,87.88,97.48,87.88,92.15,0.05,0.19,-0.14,91.95,91.63,91.77,87.10,0.80,uptrend,0.00,0.08,false
2026-08-21,CLX,106.69,2151200,60.13,79.32,95.80,111.72,94.20,108.95,-20.68,66,DoubleTop|AscendingScallop,263.66,HOLD,2.99,102.20,115.67,102.20,108.19,4.53,4.25,0.28,103.76,103.96,98.99,103.47,0.79,uptrend,0.00,0.20,false
2026-08-21,CMI,587.68,920700,32.55,11.96,593.98,667.99,577.72,671.34,-88.04,66,DoubleBottom|ThreeDescendingPeaks|DescendingScallop,253.19,SELL,21.42,619.80,523.43,619.80,576.97,-11.20,-9.96,-1.23,630.98,629.52,659.59,595.04,0.92,downtrend,0.00,0.08,false
2026-08-21,COHR,289.52,6000800,44.97,10.26,224.96,383.96,220.68,391.37,-89.74,66,DoubleTop|ThreeDescendingPeaks|AscendingScallop,81.44,HOLD,32.34,241.01,386.54,241.01,305.69,22.07,16.37,5.69,304.46,311.96,329.57,269.83,0.77,uptrend,0.00,0.08,false
2026-08-21,COO,76.22,1554100,60.77,65.38,71.02,78.41,70.26,78.11,-34.62,66,ThreeRisingValleys|AscendingScallop,367.06,HOLD,1.59,73.83,81.00,73.83,77.02,2.01,2.00,0.02,74.72,74.78,71.84,73.35,0.85,uptrend,0.00,0.20,false
2026-08-21,COP,134.87,8696600,73.95,95.23,110.28,135.61,113.21,135.88,-4.77,66,ThreeRisingValleys|AscendingScallop,507.93,BUY,3.26,129.98,144.66,129.98,136.50,4.86,3.42,1.44,122.95,124.59,115.70,110.51,1.23,uptrend,0.83,0.70,true
2026-08-21,COR,318.04,905400,55.07,51.38,303.66,328.90,301.23,333.95,-48.62,66,DoubleBottom|DoubleTop|HeadAndShoulders|InvertedCupWithHandle,81.00,HOLD,8.83,304.79,344.54,304.79,322.46,4.71,5.49,-0.78,316.28,314.21,302.44,323.54,0.61,downtrend,0.00,0.20,false
2026-08-21,CPRT,33.80,11079600,70.12,86.35,27.14,33.91,28.21,34.63,-13.65,66,DoubleBottom|AscendingScallop,424.02,HOLD,1.20,32.01,37.39,32.01,34.40,1.26,0.92,0.34,30.52,30.87,29.53,34.87,0.90,downtrend,0.00,0.20,false
2026-08-21,CRH,95.07,3154000,41.66,26.13,92.18,103.77,92.52,104.28,-73.87,66,DoubleBottom|DoubleTop|DescendingScallop,166.90,HOLD,2.89,90.74,103.73,90.74,96.51,-1.37,-1.56,0.19,97.97,97.73,102.88,112.41,0.67,downtrend,0.00,0.08,false
2026-08-21,CRL,295.19,887500,76.28,94.17,215.75,311.50,222.68,299.32,-5.83,66,ThreeRisingValleys|AscendingScallop,486.29,BUY,10.81,278.97,327.63,278.97,300.60,27.43,20.16,7.27,263.63,267.94,234.14,194.02,0.91,uptrend,0.83,0.82,true
2026-08-21,CRM,209.17,9612800,66.15,93.23,174.83,210.30,167.14,211.07,-6.77,66,AscendingScallop,369.95,BUY,8.06,197.08,233.35,197.08,213.20,11.25,11.50,-0.26,192.57,192.67,174.59,200.82,0.75,uptrend,0.83,0.56,true
2026-08-21,CRWD,191.95,8176900,42.79,12.20,173.80,234.68,174.14,227.50,-87.80,66,FallingWedge|HeadAndShoulders|AscendingScallop,141.50,HOLD,9.34,177.94,219.97,177.94,196.62,10.73,9.65,1.08,204.24,204.16,193.14,138.79,1.07,uptrend,0.00,0.63,true
2026-08-21,CSCO,111.04,18393400,42.42,11.69,107.00,125.13,109.23,124.71,-88.31,66,DoubleTop,185.20,HOLD,3.81,105.33,122.47,105.33,112.94,0.63,2.16,-1.53,116.07,114.78,116.24,92.93,0.80,uptrend,0.00,0.50,false
2026-08-21,CSGP,32.26,4751500,55.90,65.71,28.20,33.50,25.89,33.82,-34.29,66,ThreeRisingValleys|AscendingScallop,351.15,HOLD,1.59,29.88,37.02,29.88,33.05,1.33,1.00,0.33,30.85,31.13,30.07,45.55,0.66,downtrend,0.00,0.20,false
2026-08-21,CSX,51.59,12904800,61.80,92.74,49.53,51.62,49.42,53.60,-7.26,66,DoubleBottom,330.35,BUY,0.99,50.11,54.55,50.11,52.08,-0.24,-0.13,-0.11,50.57,50.49,49.39,42.40,1.14,uptrend,0.67,0.75,true
2026-08-21,CTAS,203.79,1731600,57.22,69.96,195.04,213.71,196.50,219.17,-30.04,66,DoubleBottom|DescendingScallop,155.58,HOLD,4.58,196.92,217.53,196.92,206.08,-1.98,1.21,-3.18,204.37,201.34,191.28,185.98,0.83,uptrend,0.00,0.35,false
2026-08-21,CTSH,61.87,6859000,72.38,87.97,49.97,63.58,46.18,63.11,-12.03,66,AscendingScallop,347.55,HOLD,2.51,58.11,69.40,58.11,63.12,4.97,5.84,-0.87,56.78,56.34,49.01,63.27,0.72,downtrend,0.00,0.35,false
2026-08-21,CTVA,81.79,4674900,54.75,95.29,70.04,89.59,74.51,90.97,-4.71,66,DoubleBottom|DescendingScallop,263.12,HOLD,2.22,78.45,88.46,78.45,82.90,-4.34,-4.56,0.21,79.81,79.64,81.86,76.34,0.93,uptrend,0.00,0.34,false
2026-08-21,DASH,223.49,3761400,69.93,90.78,187.36,229.59,177.29,225.95,-9.22,66,DoubleTop|ThreeRisingValleys|AscendingScallop,419.27,BUY,8.04,211.43,247.61,211.43,227.51,14.06,12.28,1.78,208.48,209.26,191.54,187.52,0.83,uptrend,0.83,0.82,true
2026-08-21,DD,138.33,1119100,44.83,42.33,135.86,147.33,130.19,149.42,-57.67,66,DoubleTop,104.71,HOLD,3.75,132.71,149.57,132.71,140.20,1.50,2.87,-1.37,141.59,140.91,139.77,135.87,0.64,sideways,0.00,0.08,false
2026-08-21,DECK,91.68,2292600,40.80,26.22,86.97,104.67,88.13,104.88,-73.78,66,ThreeDescendingPeaks|DescendingScallop,184.28,HOLD,3.27,86.78,101.49,86.78,93.31,-4.12,-3.61,-0.51,95.82,95.01,101.45,102.28,1.01,downtrend,0.00,0.08,false
2026-08-21,DHI,148.35,1849600,49.47,34.45,143.43,152.93,142.76,154.40,-65.55,66,DoubleBottom|DoubleTop,83.72,HOLD,4.67,141.35,162.36,141.35,150.68,0.97,0.43,0.54,148.18,148.53,151.69,149.76,0.85,downtrend,0.00,0.20,false
2026-08-21,DHR,218.85,4701700,68.30,93.44,189.42,216.30,189.85,220.67,-6.56,66,AscendingScallop,401.06,BUY,6.96,208.41,239.72,208.41,222.33,6.68,3.85,2.82,202.86,204.11,195.43,202.97,1.09,uptrend,0.83,0.57,true
2026-08-21,DOV,201.92,692000,40.49,14.00,198.57,213.20,197.21,214.57,-86.00,66,DoubleBottom|DoubleTop,128.88,HOLD,4.40,195.32,215.12,195.32,204.12,-0.10,-0.72,0.61,205.88,206.27,212.59,209.22,0.69,downtrend,0.00,0.08,false
2026-08-21,DVN,49.10,9005500,67.70,91.93,41.02,49.40,42.04,49.72,-8.07,66,ThreeRisingValleys|AscendingScallop,483.68,HOLD,1.30,47.15,53.01,47.15,49.75,1.12,0.49,0.63,45.21,45.90,43.87,42.82,0.82,uptrend,0.00,0.35,false
2026-08-21,DXCM,92.34,3481300,70.05,97.90,73.22,97.39,72.00,92.56,-2.10,66,ThreeRisingValleys|AscendingScallop,488.83,BUY,2.81,88.12,100.78,88.12,93.75,6.42,6.04,0.38,85.30,85.89,77.63,69.32,0.60,uptrend,0.83,0.82,true
2026-08-21,EBAY,104.13,3901400,43.00,24.74,98.30,117.88,100.50,117.63,-75.26,66,BearishFlag|ThreeDescendingPeaks|DescendingScallop,134.29,HOLD,3.36,99.09,114.21,99.09,105.81,-3.84,-2.67,-1.17,108.09,106.67,110.02,97.60,0.83,uptrend,0.00,0.22,false
2026-08-21,ECL,281.63,2403400,54.36,54.89,273.13,288.48,269.00,288.45,-45.11,66,DoubleBottom|DoubleTop|AscendingScallop|MeasuredMoveDown,217.85,HOLD,5.88,272.81,299.26,272.81,284.57,3.38,4.90,-1.52,280.80,279.49,276.08,271.58,1.66,uptrend,0.00,0.28,false
2026-08-21,EFX,192.62,1169300,63.14,84.78,169.75,193.52,171.51,196.28,-15.22,66,AscendingScallop,386.16,HOLD,7.13,181.93,214.01,181.93,196.18,3.95,3.00,0.95,181.64,181.88,172.00,188.73,0.91,uptrend,0.00,0.47,false
2026-08-21,EL,101.94,6020900,74.05,99.95,77.84,97.56,81.01,101.95,-0.05,66,AscendingScallop,445.92,HOLD,3.65,96.47,112.88,96.47,103.76,3.20,2.33,0.87,87.70,88.80,84.97,91.59,1.82,uptrend,0.83,0.57,true
2026-08-21,EMR,157.26,2081300,55.01,35.39,146.06,167.97,145.10,166.35,-64.61,66,DoubleTop|HeadAndShoulders|AscendingScallop,59.02,HOLD,4.14,151.04,169.69,151.04,159.33,6.51,8.57,-2.06,157.02,155.98,147.92,141.56,0.70,uptrend,0.00,0.54,false
2026-08-21,EOG,153.05,3129100,65.58,96.93,133.60,154.08,133.45,153.67,-3.07,66,ThreeRisingValleys|AscendingScallop,561.45,BUY,3.69,147.52,164.12,147.52,154.89,0.71,0.37,0.34,143.84,144.66,138.99,126.74,1.09,uptrend,1.00,0.78,true
2026-08-21,EQIX,1065.39,554600,51.71,55.24,1006.56,1105.41,1001.61,1109.22,-44.76,66,ThreeRisingValleys,255.34,HOLD,30.32,1019.91,1156.34,1019.91,1080.55,17.46,12.20,5.26,1055.99,1062.61,1052.76,949.15,0.90,uptrend,0.00,0.47,false
2026-08-21,EW,89.79,2819800,50.62,30.87,83.58,95.27,81.16,93.91,-69.13,66,HeadAndShoulders|CupWithHandle|AscendingScallop,233.69,HOLD,2.13,86.60,96.17,86.60,90.85,3.05,2.14,0.91,89.42,90.00,88.99,84.65,0.78,uptrend,0.00,0.41,false
2026-08-21,EXPD,187.81,872300,65.83,90.15,165.13,193.60,164.35,189.99,-9.85,66,DoubleTop|ThreeRisingValleys|AscendingScallop,398.55,BUY,4.25,181.44,200.56,181.44,189.93,4.80,2.29,2.51,179.36,181.41,173.11,156.20,0.81,uptrend,0.83,0.82,true
2026-08-21,EXPE,321.63,1361700,62.03,63.17,284.27,340.40,265.01,335.00,-36.83,66,DoubleTop|ThreeRisingValleys|AscendingScallop,307.62,HOLD,11.87,303.82,357.25,303.82,327.57,19.98,22.10,-2.13,312.34,310.46,279.07,255.18,0.83,uptrend,0.83,0.75,true
2026-08-21,FAST,51.26,4752400,61.36,72.05,46.62,53.71,46.35,52.92,-27.95,66,DoubleTop|HeadAndShoulders|AscendingScallop,185.59,HOLD,1.11,49.59,54.60,49.59,51.82,2.35,2.24,0.11,50.17,50.18,47.93,44.92,0.61,uptrend,0.00,0.61,true
2026-08-21,FCX,76.66,28496500,69.25,94.30,59.47,74.75,58.19,77.33,-5.70,66,AscendingScallop,486.05,BUY,3.00,72.16,85.66,72.16,78.16,3.40,3.17,0.23,67.11,67.78,64.68,59.15,2.11,uptrend,0.83,0.98,true
2026-08-21,FFIV,384.63,575500,41.65,17.04,377.19,426.13,366.93,425.61,-82.96,66,DoubleTop,178.72,HOLD,13.54,364.32,425.25,364.32,391.40,-0.55,-0.41,-0.14,401.66,399.46,403.76,319.50,0.79,uptrend,0.00,0.50,false
2026-08-21,FICO,1172.67,293200,54.08,90.72,927.66,1318.82,1015.00,1410.17,-9.28,66,DoubleBottom|DescendingScallop,174.74,HOLD,57.31,1086.71,1344.59,1086.71,1201.32,-63.45,-81.01,17.56,1123.24,1127.03,1173.19,1334.94,0.72,downtrend,0.00,0.20,false
2026-08-21,FIX,1655.61,370000,44.01,9.56,1574.64,1849.81,1491.24,1883.70,-90.44,66,,78.80,HOLD,99.08,1506.99,1952.85,1506.99,1705.15,-0.17,-1.54,1.37,1712.22,1726.13,1784.15,1460.43,0.82,uptrend,0.00,0.28,false
2026-08-21,FLEX,110.45,2772600,38.80,9.95,105.15,131.77,99.50,131.63,-90.05,66,DoubleTop|MeasuredMoveDown,92.06,HOLD,7.53,99.16,133.04,99.16,114.21,0.84,-0.89,1.73,118.46,120.39,131.34,92.47,0.61,uptrend,0.00,0.63,true
2026-08-21,FSLR,214.28,1502400,42.86,4.73,194.24,253.45,195.84,269.70,-95.27,66,InvertedCupWithHandle|ThreeDescendingPeaks|AscendingScallop,237.60,SELL,11.98,232.25,178.33,232.25,208.29,8.34,9.92,-1.58,223.85,223.59,229.99,233.58,0.56,downtrend,0.00,0.08,false
2026-08-21,FTNT,153.51,4054200,45.76,22.06,148.09,168.97,143.77,172.09,-77.94,66,ThreeDescendingPeaks,131.53,HOLD,6.23,144.16,172.20,144.16,156.63,0.53,1.54,-1.00,158.53,157.57,156.05,106.18,0.75,uptrend,0.00,0.63,true
2026-08-21,GDDY,97.07,1560300,55.17,66.02,83.87,104.83,73.10,106.00,-33.98,66,ThreeRisingValleys,280.63,HOLD,4.81,89.86,111.49,89.86,99.47,0.47,-0.19,0.66,94.35,94.01,88.99,97.77,0.69,downtrend,0.00,0.27,false
2026-08-21,GEHC,74.82,2247400,66.24,87.79,64.36,77.77,60.93,75.65,-12.21,66,ThreeRisingValleys|AscendingScallop,447.13,HOLD,1.94,71.92,80.63,71.92,75.79,4.03,4.02,0.01,71.07,71.18,66.66,72.84,0.53,uptrend,0.00,0.27,false
2026-08-21,GEV,956.85,1714000,41.00,9.21,919.67,1079.88,897.68,1099.66,-90.79,66,,100.20,HOLD,49.97,881.90,1106.75,881.90,981.83,2.33,-8.74,11.07,999.78,1010.22,1035.05,868.06,0.74,uptrend,0.00,0.28,false
2026-08-21,GILD,146.12,5384300,66.97,85.71,125.61,146.59,128.28,148.97,-14.29,66,ThreeRisingValleys|AscendingScallop,443.52,HOLD,4.06,140.04,158.29,140.04,148.15,3.72,1.65,2.07,136.10,137.75,131.90,133.06,0.80,uptrend,0.00,0.27,false
2026-08-21,GLW,149.84,6164500,44.15,6.20,126.34,178.53,114.50,176.94,-93.80,66,AscendingScallop,147.24,HOLD,11.62,132.42,184.69,132.42,155.65,6.98,-0.00,6.98,152.44,158.38,174.11,140.63,0.45,uptrend,0.00,0.20,false
2026-08-21,GNRC,205.98,751400,41.72,12.65,190.09,227.33,187.55,226.00,-87.35,66,DoubleTop|AscendingScallop,93.51,HOLD,10.22,190.66,236.63,190.66,211.09,3.92,-0.31,4.23,208.71,213.69,233.36,206.69,0.62,downtrend,0.00,0.08,false
2026-08-21,GOOGL,344.82,20803700,47.16,13.61,323.21,373.59,324.44,384.48,-86.39,66,CupWithHandle|InvertedCupWithHandle|ThreeDescendingPeaks|AscendingScallop,132.30,HOLD,9.34,330.80,372.85,330.80,349.49,1.40,3.81,-2.41,348.40,347.66,351.77,333.03,0.78,uptrend,0.00,0.27,false
2026-08-21,GPC,133.96,1245900,59.35,67.41,125.30,138.43,123.33,137.16,-32.59,66,DoubleTop|HeadAndShoulders|AscendingScallop,172.98,HOLD,3.67,128.46,144.96,128.46,135.79,4.48,4.49,-0.02,131.86,131.21,123.23,119.29,1.05,uptrend,0.00,0.83,true
2026-08-21,GRMN,294.85,706800,57.23,16.75,261.90,333.42,240.00,314.28,-83.25,66,DoubleTop|HeadAndShoulders|AscendingScallop,66.67,HOLD,8.25,282.47,319.61,282.47,298.98,19.77,27.47,-7.70,297.66,292.62,263.12,234.18,0.66,uptrend,0.00,0.62,true
2026-08-21,GWW,1312.24,233900,45.80,72.92,1251.19,1399.91,1260.22,1418.20,-27.08,66,DoubleBottom|ThreeRisingValleys|DescendingScallop,268.43,HOLD,27.41,1271.12,1394.47,1271.12,1325.95,-31.29,-32.35,1.06,1325.55,1321.66,1343.28,1159.16,0.82,uptrend,0.00,0.42,false
2026-08-21,HAL,35.34,8775800,59.20,84.05,30.31,35.93,30.98,36.08,-15.95,66,CupWithHandle|ThreeRisingValleys|AscendingScallop,502.27,HOLD,0.97,33.89,38.24,33.89,35.82,0.72,-0.30,1.02,33.12,33.95,34.18,34.36,0.86,uptrend,0.00,0.20,false
2026-08-21,HD,335.61,3391700,46.01,17.78,328.21,356.76,328.80,358.36,-82.22,66,DoubleBottom|DoubleTop|HeadAndShoulders,243.06,SELL,9.05,349.18,308.47,349.18,331.09,3.59,4.58,-0.99,342.48,340.96,340.08,346.04,0.85,downtrend,0.00,0.08,false
2026-08-21,HSY,186.46,927400,57.89,76.29,175.41,189.47,173.59,190.46,-23.71,66,DoubleTop|AscendingScallop,230.56,HOLD,4.10,180.32,198.75,180.32,188.51,4.34,3.97,0.37,182.44,182.59,178.54,192.09,0.64,downtrend,0.00,0.20,false
2026-08-21,HUBB,470.03,418281,40.33,3.31,456.36,529.83,455.07,529.39,-96.69,66,DoubleTop|HeadAndShoulders,226.30,SELL,15.16,492.77,424.56,492.77,462.45,7.40,9.28,-1.88,493.10,491.39,494.56,485.08,0.67,downtrend,0.00,0.08,false
2026-08-21,IBM,235.68,3840000,49.60,66.92,219.70,243.69,215.11,241.80,-33.08,66,DoubleTop|HeadAndShoulders|AscendingScallop,90.00,HOLD,8.10,223.54,259.97,223.54,239.73,8.28,4.42,3.86,231.70,234.46,247.36,266.00,0.58,downtrend,0.00,0.20,false
2026-08-21,IDXX,556.93,485700,47.46,21.79,538.03,598.58,538.20,624.15,-78.21,66,DoubleBottom|InvertedCupWithHandle|ThreeDescendingPeaks,193.26,HOLD,18.91,528.57,613.65,528.57,566.38,3.11,8.43,-5.32,568.30,563.09,560.00,615.10,0.75,downtrend,0.00,0.08,false
2026-08-21,IEX,234.39,1015400,54.19,24.52,225.33,243.10,219.25,243.80,-75.48,66,DoubleTop|AscendingScallop,151.59,HOLD,5.25,226.51,250.15,226.51,237.02,4.66,5.80,-1.14,234.21,233.62,227.57,202.84,1.40,uptrend,0.00,0.69,true
2026-08-21,INCY,127.81,1367400,65.41,85.09,115.46,129.61,115.77,132.60,-14.91,66,DoubleBottom|ThreeRisingValleys|AscendingScallop,494.44,BUY,3.77,122.16,139.12,122.16,129.69,1.59,1.63,-0.03,122.54,122.17,116.20,103.65,0.72,uptrend,0.83,0.75,true
2026-08-21,IR,80.51,6232200,42.32,10.63,78.88,90.52,79.17,91.78,-89.37,66,DoubleBottom|ThreeDescendingPeaks|DescendingScallop,214.22,SELL,2.39,84.10,73.33,84.10,79.31,-0.61,1.58,-2.19,84.70,83.11,81.62,82.00,1.50,downtrend,0.00,0.08,false
2026-08-21,ISRG,378.81,2010300,47.56,35.42,345.38,411.98,343.39,405.34,-64.58,66,AscendingScallop,132.10,HOLD,13.09,359.17,418.09,359.17,385.36,19.25,10.07,9.18,378.68,383.38,388.30,473.15,0.67,downtrend,0.00,0.20,false
2026-08-21,IT,195.90,1059800,68.40,97.83,145.13,208.37,143.20,196.79,-2.17,66,DoubleTop|AscendingScallop,303.08,BUY,9.65,181.42,224.86,181.42,200.73,18.94,19.79,-0.84,176.75,176.84,152.15,179.37,0.66,uptrend,0.83,0.76,true
2026-08-21,ITW,282.29,872300,46.33,6.41,280.17,299.68,281.04,301.92,-93.59,66,DoubleBottom|DoubleTop,141.00,HOLD,5.62,273.86,299.16,273.86,285.10,2.93,6.96,-4.03,289.93,286.29,277.40,265.28,0.68,uptrend,0.00,0.14,false
2026-08-21,JBHT,275.45,708300,49.27,53.17,263.21,284.28,261.28,289.25,-46.83,66,DoubleBottom|DoubleTop,139.78,HOLD,8.28,263.03,300.29,263.03,279.59,-3.93,-6.39,2.46,273.75,275.84,279.01,232.63,0.82,uptrend,0.00,0.67,true
2026-08-21,JBL,313.21,753500,40.98,3.03,286.16,380.04,285.80,376.97,-96.97,66,,98.89,HOLD,16.21,288.90,361.83,288.90,321.31,16.50,14.46,2.04,333.10,335.76,341.28,288.05,0.71,uptrend,0.00,0.15,false
2026-08-21,JCI,143.05,3197600,42.13,1.48,138.53,158.68,136.24,157.06,-98.52,66,DoubleTop,134.39,HOLD,4.40,136.45,156.25,136.45,145.25,3.37,4.41,-1.04,148.61,147.91,145.20,133.64,0.87,uptrend,0.00,0.14,false
2026-08-21,JNJ,270.24,6176100,61.82,76.07,251.20,273.09,250.44,276.47,-23.93,66,DoubleBottom|DoubleTop|ThreeRisingValleys,375.36,HOLD,5.86,261.45,287.83,261.45,273.17,3.27,1.99,1.29,262.15,262.57,254.83,231.81,0.88,uptrend,0.00,0.49,false
2026-08-21,KLAC,183.99,8906400,39.81,5.75,172.92,213.28,169.81,214.80,-94.25,66,DoubleTop,96.42,HOLD,11.64,166.53,218.92,166.53,189.81,-0.88,-7.64,6.76,193.10,198.02,220.07,168.52,0.76,uptrend,0.00,0.30,false
2026-08-21,KMB,109.31,2102600,50.64,51.08,106.47,113.25,105.77,115.47,-48.92,66,DoubleBottom,170.99,HOLD,2.71,105.24,117.45,105.24,110.67,-0.50,0.09,-0.59,109.86,109.27,108.63,102.93,0.61,uptrend,0.00,0.22,false
2026-08-21,KVUE,19.06,13572600,49.71,39.05,18.65,19.79,18.65,20.05,-60.95,66,DoubleBottom|DescendingScallop,91.07,HOLD,0.41,18.44,20.30,18.44,19.27,-0.13,0.01,-0.14,19.22,19.09,19.02,17.83,0.62,uptrend,0.00,0.22,false
2026-08-21,LH,336.34,792700,75.72,95.08,301.19,335.78,294.34,338.19,-4.92,66,AscendingScallop,416.33,BUY,7.97,324.38,360.26,324.38,340.33,13.17,15.27,-2.10,318.49,317.07,292.26,271.87,1.14,uptrend,0.83,0.84,true
2026-08-21,LII,402.87,424500,30.35,0.80,359.90,513.07,402.44,558.13,-99.20,66,ThreeDescendingPeaks|DescendingScallop,200.00,SELL,16.06,426.97,354.68,426.97,394.84,-39.05,-49.95,10.91,436.48,440.35,501.63,502.86,0.65,downtrend,0.00,0.08,false
2026-08-21,LIN,487.57,2048400,45.64,55.57,466.10,511.80,466.88,522.00,-44.43,66,DoubleBottom|DescendingScallop,106.48,HOLD,9.92,472.70,517.32,472.70,492.53,-9.84,-12.81,2.97,488.95,489.44,507.67,477.24,0.90,uptrend,0.00,0.08,false
2026-08-21,LITE,866.71,3660700,52.46,37.48,627.25,1007.36,594.84,999.67,-62.52,66,IslandReversal|ThreeRisingValleys|AscendingScallop,389.84,HOLD,80.99,745.23,1109.67,745.23,907.20,64.57,43.13,21.43,817.31,844.80,814.41,652.62,0.69,uptrend,0.00,0.42,false
2026-08-21,LLY,1255.40,2497300,59.45,79.70,1115.46,1280.74,1109.15,1292.65,-20.30,66,AscendingScallop,369.99,HOLD,41.92,1192.52,1381.17,1192.52,1276.36,25.96,7.78,18.18,1198.10,1207.34,1179.58,1052.98,0.87,uptrend,0.83,0.69,true
2026-08-21,LOW,216.09,2928700,49.98,34.28,209.18,224.11,206.02,225.79,-65.72,66,DoubleTop|AscendingScallop,170.00,HOLD,5.97,207.13,234.00,207.13,219.08,4.30,4.37,-0.08,216.64,216.40,215.92,237.52,1.00,downtrend,0.00,0.08,false
2026-08-21,LRCX,314.00,5940400,48.42,39.42,265.56,350.23,250.50,345.28,-60.58,66,AscendingScallop,209.75,BUY,20.66,283.01,375.98,283.01,324.33,10.09,-0.11,10.20,307.90,317.48,337.28,253.59,0.56,uptrend,0.33,0.56,true
2026-08-21,LULU,121.07,3247100,51.88,45.02,114.19,128.15,114.69,128.86,-54.98,66,DoubleBottom|DoubleTop|CupWithHandle,139.00,HOLD,4.30,114.62,133.97,114.62,123.22,1.81,2.91,-1.10,121.17,119.97,117.63,155.27,1.24,downtrend,0.00,0.28,false
2026-08-21,MAA,131.31,797100,44.62,17.06,129.78,136.44,130.14,137.82,-82.94,66,DoubleBottom|DoubleTop,186.84,HOLD,2.46,127.61,138.70,127.61,132.54,-0.65,-0.36,-0.29,133.11,132.79,134.89,132.21,0.78,downtrend,0.00,0.14,false
2026-08-21,MAS,73.29,1184500,44.27,13.47,70.03,80.43,70.93,83.64,-86.53,66,InvertedCupWithHandle|DescendingScallop,125.72,HOLD,2.30,69.84,80.19,69.84,74.44,-1.14,-1.27,0.13,75.23,75.08,76.59,69.07,0.41,uptrend,0.00,0.14,false
2026-08-21,MCHP,76.08,4628800,43.61,15.83,71.64,83.68,71.24,85.97,-84.17,66,DoubleTop,119.14,HOLD,3.85,70.30,87.64,70.30,78.01,0.18,-1.36,1.54,77.66,78.91,84.37,76.51,0.43,downtrend,0.00,0.08,false
2026-08-21,MCK,858.90,1580600,52.34,47.25,827.09,902.13,810.88,912.50,-52.75,66,DoubleTop|ThreeDescendingPeaks,85.67,HOLD,26.14,819.69,937.32,819.69,871.97,10.63,17.37,-6.74,864.61,855.62,821.25,840.68,1.51,uptrend,0.00,0.08,false
2026-08-21,MDLZ,64.45,5800000,60.66,92.23,60.66,64.90,60.07,66.65,-7.77,66,DoubleBottom|AscendingScallop,404.48,HOLD,1.43,62.31,68.73,62.31,65.16,0.73,0.98,-0.25,62.78,62.68,61.33,58.81,0.68,uptrend,0.00,0.34,false
2026-08-21,MDT,93.35,7494500,68.40,85.98,83.01,94.67,83.21,94.72,-14.02,66,ThreeRisingValleys|AscendingScallop,463.07,HOLD,2.15,90.12,99.81,90.12,94.43,3.27,2.78,0.50,88.84,89.21,84.35,89.80,1.05,uptrend,0.00,0.43,false
2026-08-21,MKC,55.41,2626500,62.12,77.12,49.77,56.40,49.76,56.87,-22.88,66,CupWithHandle|ThreeRisingValleys|AscendingScallop,468.96,HOLD,1.56,53.07,60.08,53.07,56.19,1.44,0.72,0.72,53.09,53.58,51.51,57.65,0.92,downtrend,0.00,0.20,false
2026-08-21,MLM,534.92,552200,44.44,32.07,515.66,576.92,522.19,588.00,-67.93,66,DoubleBottom|DescendingScallop,173.53,HOLD,14.96,512.48,579.79,512.48,542.40,-7.62,-8.29,0.67,546.29,544.85,568.05,605.39,0.88,downtrend,0.00,0.08,false
2026-08-21,MMM,178.96,2587900,56.14,29.17,175.72,185.13,173.52,184.90,-70.83,66,DoubleTop|HeadAndShoulders,59.73,HOLD,3.84,173.21,190.47,173.21,180.88,4.04,7.06,-3.02,180.42,178.22,169.12,160.51,0.84,uptrend,0.00,0.42,false
2026-08-21,MNST,47.79,12531300,42.33,5.24,20.63,116.36,45.05,99.29,-94.76,66,BearishFlag|ThreeDescendingPeaks|DescendingScallop,191.00,HOLD,10.34,32.29,78.80,32.29,52.96,-15.00,-9.23,-5.77,68.49,62.12,81.75,79.02,1.46,downtrend,0.00,0.08,false
2026-08-21,MPWR,1316.28,529600,45.30,24.60,1255.57,1449.08,1240.02,1568.21,-75.40,66,HeadAndShoulders,192.50,HOLD,75.20,1203.49,1541.87,1203.49,1353.88,13.62,14.41,-0.79,1352.33,1355.40,1379.61,1235.02,0.64,uptrend,0.00,0.08,false
2026-08-21,MRK,152.55,15961400,77.85,93.14,118.98,149.47,126.22,154.49,-6.86,66,DoubleBottom|ThreeRisingValleys|AscendingScallop,612.00,HOLD,4.41,145.94,165.77,145.94,154.75,4.53,2.43,2.11,134.23,136.30,128.00,115.30,1.52,uptrend,1.00,0.98,true
2026-08-21,MRVL,237.04,25467400,55.80,69.52,166.53,254.30,162.90,252.52,-30.48,66,IslandReversal|ThreeRisingValleys|AscendingScallop,505.07,BUY,18.37,209.49,292.14,209.49,246.22,15.67,6.17,9.51,210.42,221.21,233.85,145.07,1.06,uptrend,0.83,0.83,true
2026-08-21,MSFT,483.24,22489200,62.42,16.65,399.72,546.46,387.99,513.73,-83.35,66,BearishFlag|DoubleTop|HeadAndShoulders|AscendingScallop,80.00,HOLD,12.33,464.75,520.23,464.75,489.40,37.89,45.81,-7.92,473.09,469.98,419.84,431.31,0.61,uptrend,0.00,0.56,true
2026-08-21,MTD,1395.25,365600,53.58,18.69,1361.38,1463.40,1313.70,1474.19,-81.31,66,DoubleTop|AscendingScallop,157.00,HOLD,37.92,1338.37,1509.01,1338.37,1414.21,32.04,49.99,-17.95,1412.39,1396.56,1315.89,1321.53,2.02,uptrend,0.00,0.29,false
2026-08-21,MU,966.78,21741600,54.34,66.84,769.59,1022.90,737.88,1036.13,-33.16,66,ThreeRisingValleys|AscendingScallop,397.11,BUY,66.74,866.67,1167.00,866.67,1000.15,26.23,-4.90,31.14,896.24,928.32,964.59,571.10,0.55,uptrend,0.83,0.75,true
2026-08-21,NDSN,332.24,700300,72.53,83.26,288.72,328.38,292.97,338.55,-16.74,66,AscendingScallop,447.47,BUY,7.62,320.80,355.11,320.80,336.05,8.92,8.53,0.39,308.55,309.91,298.58,274.58,1.71,uptrend,0.83,0.90,true
2026-08-21,NEM,131.58,10513100,75.93,97.87,83.87,134.78,88.98,132.34,-2.13,66,ThreeRisingValleys|AscendingScallop,483.52,BUY,4.57,124.72,145.30,124.72,133.87,13.16,8.86,4.30,109.32,113.06,101.54,106.36,1.40,uptrend,0.83,0.63,true
2026-08-21,NKE,40.76,14691100,45.96,50.26,39.43,43.55,38.86,43.69,-49.74,66,ThreeDescendingPeaks|DescendingScallop,149.13,HOLD,1.23,38.91,44.46,38.91,41.38,-0.83,-0.69,-0.14,41.49,41.29,42.49,52.61,0.61,downtrend,0.00,0.08,false
2026-08-21,NOW,128.48,12456000,62.42,86.07,105.83,134.05,100.35,131.18,-13.93,66,AscendingScallop,365.03,BUY,6.27,119.08,147.28,119.08,131.61,9.48,8.71,0.76,119.94,120.08,108.92,120.31,0.58,uptrend,0.83,0.69,true
2026-08-21,NSC,350.72,825200,65.69,89.19,329.73,348.58,328.78,352.99,-10.81,66,BullishFlag|DoubleBottom|DoubleTop,395.44,BUY,6.97,340.27,371.63,340.27,354.20,0.46,0.93,-0.47,339.16,339.16,328.22,306.06,0.65,uptrend,0.83,0.61,true
2026-08-21,NTAP,192.27,1612300,56.29,42.02,167.58,213.50,163.68,209.06,-57.98,66,AscendingScallop,236.84,HOLD,7.25,181.40,214.01,181.40,195.89,13.76,13.38,0.38,190.54,190.58,173.10,126.87,0.64,uptrend,0.17,0.75,true
2026-08-21,NUE,243.63,2704800,40.03,12.08,241.57,285.21,238.62,280.11,-87.92,66,DoubleTop,160.12,HOLD,9.49,229.39,272.11,229.39,248.38,7.07,14.02,-6.95,263.39,257.90,248.15,200.61,1.62,uptrend,0.00,0.63,true
2026-08-21,NVDA,214.72,98545600,51.01,30.05,191.02,235.34,190.01,227.92,-69.95,66,DoubleTop|AscendingScallop,158.30,HOLD,6.26,205.32,233.51,205.32,217.85,8.82,6.18,2.64,213.18,215.45,207.58,195.29,0.85,uptrend,0.00,0.27,false
2026-08-21,NXPI,225.56,2172500,36.08,14.88,213.87,257.35,218.24,276.88,-85.12,66,DoubleBottom|HeadAndShoulders|DescendingScallop,167.97,HOLD,9.25,211.69,253.31,211.69,230.18,-12.58,-17.95,5.37,235.61,238.36,266.38,242.59,0.50,downtrend,0.00,0.08,false
2026-08-21,ODFL,206.47,1198300,39.76,23.86,201.38,225.80,202.23,233.92,-76.14,66,DoubleBottom|DescendingScallop,140.42,HOLD,6.65,196.49,226.42,196.49,209.80,-7.61,-8.05,0.45,213.59,213.36,221.30,193.70,0.69,uptrend,0.00,0.14,false
2026-08-21,ON,74.21,4524900,35.49,5.74,73.77,87.42,73.52,89.77,-94.26,66,DescendingScallop,175.00,HOLD,4.42,67.58,87.47,67.58,76.42,-2.87,-4.18,1.31,80.60,81.51,92.77,77.10,0.46,downtrend,0.00,0.08,false
2026-08-21,ORCL,146.47,19567800,52.71,41.41,118.53,163.05,114.50,159.26,-58.59,66,HeadAndShoulders|AscendingScallop,131.94,HOLD,7.05,135.89,167.62,135.89,150.00,10.80,9.65,1.16,140.79,143.25,145.43,173.07,0.67,downtrend,0.00,0.20,false
2026-08-21,ORLY,89.11,5717400,46.35,27.71,87.87,94.31,86.13,94.12,-72.29,66,DoubleBottom|DoubleTop,131.60,HOLD,2.41,85.49,96.35,85.49,90.32,1.46,2.39,-0.93,91.09,90.41,88.99,92.61,0.93,downtrend,0.00,0.08,false
2026-08-21,OTIS,71.49,3873400,45.65,26.28,70.51,74.71,70.31,75.32,-73.72,66,DoubleBottom|DoubleTop|DescendingScallop,188.27,HOLD,1.59,69.10,76.27,69.10,72.29,-0.01,0.14,-0.15,72.61,72.29,72.51,80.92,1.18,downtrend,0.00,0.08,false
2026-08-21,PANW,357.87,5136100,51.58,26.60,308.85,407.22,308.54,398.88,-73.40,66,HeadAndShoulders|AscendingScallop|MeasuredMoveDown,41.44,HOLD,15.40,334.77,404.07,334.77,365.57,19.40,15.72,3.68,358.03,360.19,335.84,226.00,0.91,uptrend,0.00,0.75,true
2026-08-21,PEP,143.48,6627600,59.36,97.83,136.65,143.72,136.73,145.43,-2.17,66,DoubleBottom|DoubleTop,236.04,HOLD,2.68,139.46,151.53,139.46,144.82,0.85,0.88,-0.03,140.18,140.18,140.05,148.95,0.96,downtrend,0.00,0.27,false
2026-08-21,PG,144.68,9785200,46.87,39.94,141.96,148.82,140.20,153.68,-60.06,66,DoubleBottom|DescendingScallop,183.50,HOLD,2.84,140.41,153.21,140.41,146.10,-1.44,-1.37,-0.06,145.39,145.25,147.61,147.64,1.00,downtrend,0.00,0.08,false
2026-08-21,PHM,129.00,996800,50.02,38.32,125.83,134.52,125.98,136.22,-61.68,66,DoubleBottom,154.02,HOLD,4.00,123.00,141.01,123.00,131.00,0.60,1.74,-1.14,130.18,129.24,128.78,124.83,0.69,uptrend,0.00,0.08,false
2026-08-21,PKG,252.79,461100,56.20,42.89,246.90,259.14,243.26,259.98,-57.11,66,DoubleBottom|DoubleTop|HeadAndShoulders,56.00,HOLD,5.90,243.95,270.48,243.95,255.74,5.31,8.89,-3.58,253.02,250.39,240.73,221.18,0.81,uptrend,0.00,0.35,false
2026-08-21,PLD,141.80,3178900,49.37,88.93,136.60,147.36,137.22,149.16,-11.07,66,DoubleBottom|DescendingScallop,143.75,HOLD,2.53,138.00,149.40,138.00,143.07,-2.83,-2.60,-0.23,141.98,141.69,142.85,136.52,0.67,uptrend,0.00,0.26,false
2026-08-21,PNR,64.40,2443300,42.74,15.77,62.60,69.96,63.08,70.97,-84.23,66,DoubleBottom|ThreeDescendingPeaks,180.93,HOLD,2.21,61.08,71.03,61.08,65.51,0.71,0.58,0.13,66.28,66.15,69.61,87.99,0.83,downtrend,0.00,0.08,false
2026-08-21,PODD,148.16,903600,46.83,48.80,128.46,175.64,126.40,172.92,-51.20,66,DescendingScallop,136.48,HOLD,7.19,137.37,169.74,137.37,151.76,-9.73,-7.58,-2.15,152.05,150.13,154.44,219.16,0.52,downtrend,0.00,0.20,false
2026-08-21,PPG,113.63,1010000,46.51,26.47,109.77,120.33,109.54,123.45,-73.53,66,DoubleBottom|DescendingScallop,180.01,HOLD,2.95,109.20,122.49,109.20,115.11,-0.42,-0.16,-0.25,115.05,114.85,117.18,110.56,0.56,uptrend,0.00,0.08,false
2026-08-21,PTC,154.68,857400,67.68,92.82,126.99,161.14,120.33,156.03,-7.18,66,AscendingScallop,385.05,HOLD,5.41,146.56,170.92,146.56,157.39,11.83,11.37,0.46,144.06,144.24,129.06,150.08,0.60,uptrend,0.00,0.27,false
2026-08-21,PWR,639.34,1215600,43.66,4.23,591.00,734.67,554.12,724.80,-95.77,66,AscendingScallop,131.00,HOLD,30.07,594.24,729.54,594.24,654.37,18.54,18.26,0.28,662.84,668.68,671.76,579.24,0.97,uptrend,0.00,0.28,false
2026-08-21,QCOM,160.75,8517400,43.56,40.51,149.85,171.36,142.89,171.19,-59.49,66,DoubleTop|HeadAndShoulders|DescendingScallop,65.00,HOLD,7.01,150.24,181.77,150.24,164.25,-0.42,-5.17,4.75,160.60,164.04,178.53,168.22,0.76,downtrend,0.00,0.20,false
2026-08-21,RDDT,153.29,4545500,43.94,22.97,138.74,183.21,135.22,185.91,-77.03,66,DoubleTop,139.40,HOLD,11.02,136.77,186.34,136.77,158.80,-6.53,-11.37,4.84,160.98,161.74,173.01,176.59,0.50,downtrend,0.00,0.27,false
2026-08-21,REGN,834.04,786800,76.43,87.04,684.04,869.35,659.53,847.00,-12.96,66,ThreeRisingValleys|AscendingScallop,456.18,HOLD,20.27,803.63,894.85,803.63,844.18,56.57,55.87,0.70,776.69,779.29,696.27,724.45,0.96,uptrend,0.83,0.62,true
2026-08-21,RL,372.59,533900,41.53,15.16,365.76,402.98,365.69,411.19,-84.84,66,DoubleBottom|DoubleTop,215.37,SELL,12.24,390.95,335.87,390.95,366.47,4.37,4.64,-0.27,384.37,383.33,390.04,364.93,0.87,uptrend,0.00,0.08,false
2026-08-21,RMD,231.52,1725300,63.53,91.85,204.21,235.44,195.80,234.14,-8.15,66,BullishFlag|ThreeRisingValleys|AscendingScallop,520.94,HOLD,7.09,220.89,252.78,220.89,235.06,9.79,10.35,-0.56,219.82,219.86,206.94,229.13,1.15,uptrend,0.00,0.35,false
2026-08-21,ROK,437.08,558100,42.49,27.49,420.46,481.08,428.22,489.35,-72.51,66,DoubleBottom|DescendingScallop,153.27,HOLD,12.86,417.79,475.65,417.79,443.51,-12.19,-8.10,-4.09,450.77,447.27,461.19,417.98,0.63,uptrend,0.00,0.28,false
2026-08-21,ROL,36.91,3772500,35.69,48.21,35.37,39.27,35.83,40.15,-51.79,66,DoubleBottom|DescendingScallop,157.50,HOLD,1.02,35.38,39.97,35.38,37.42,-1.88,-2.59,0.70,37.32,37.77,41.35,53.39,0.71,downtrend,0.00,0.08,false
2026-08-21,ROP,411.79,588200,65.96,93.59,380.26,414.07,367.51,413.54,-6.41,66,DoubleTop|AscendingScallop,300.46,BUY,11.98,393.83,447.72,393.83,417.78,13.03,16.98,-3.96,397.17,393.53,366.81,377.59,0.75,uptrend,0.83,0.76,true
2026-08-21,ROST,239.04,6967600,48.48,38.70,231.36,262.27,228.05,257.00,-61.30,66,DoubleTop,148.46,HOLD,6.35,229.52,258.08,229.52,242.21,-0.17,6.83,-7.00,246.82,241.33,234.47,209.05,2.50,uptrend,0.00,0.49,false
2026-08-21,RSG,220.67,1075300,60.34,81.68,206.51,222.50,204.80,224.23,-18.32,66,DoubleTop,240.53,HOLD,4.31,214.21,233.59,214.21,222.82,0.63,-2.43,3.06,214.50,216.02,214.87,214.23,0.75,uptrend,0.00,0.34,false
2026-08-21,RVTY,124.75,2289700,68.60,98.72,107.86,123.32,107.48,124.97,-1.28,66,AscendingScallop,434.56,BUY,3.97,118.79,136.67,118.79,126.74,3.25,2.32,0.93,115.59,116.40,111.18,100.58,1.42,uptrend,0.83,0.90,true
2026-08-21,SHW,346.59,1686400,49.15,19.24,332.95,375.06,320.00,372.16,-80.76,66,DoubleTop|ThreeDescendingPeaks|AscendingScallop,80.00,HOLD,9.26,332.70,374.36,332.70,351.22,10.75,14.87,-4.12,354.00,350.30,339.44,334.07,0.85,uptrend,0.00,0.08,false
2026-08-21,SLB,53.87,7094100,61.21,87.67,48.15,55.29,48.30,54.58,-12.33,66,ThreeRisingValleys|AscendingScallop,455.06,HOLD,1.46,51.69,58.24,51.69,54.60,2.12,1.82,0.29,51.72,51.95,49.66,48.07,0.70,uptrend,0.00,0.27,false
2026-08-21,SMCI,37.24,36409900,61.74,61.71,24.15,41.54,25.68,42.31,-38.29,66,ThreeRisingValleys|AscendingScallop,356.60,HOLD,2.47,33.54,44.64,33.54,38.47,3.89,2.77,1.12,32.85,34.02,30.48,31.45,0.66,uptrend,0.00,0.42,false
2026-08-21,SNDK,1596.08,7530100,53.70,65.12,982.21,1780.06,998.19,1827.99,-34.88,66,ThreeRisingValleys|AscendingScallop,358.13,BUY,154.48,1364.37,2059.51,1364.37,1673.32,64.78,-51.85,116.62,1381.13,1497.35,1654.17,939.21,0.44,uptrend,0.67,0.75,true
2026-08-21,SNPS,397.87,1256400,43.51,12.18,373.83,427.08,370.20,425.78,-87.82,66,AscendingScallop,115.37,HOLD,12.42,379.24,435.13,379.24,404.08,13.13,5.06,8.07,400.46,405.20,420.09,446.11,0.80,downtrend,0.00,0.20,false
2026-08-21,STE,237.93,440100,61.85,87.11,224.26,242.38,214.54,241.39,-12.89,66,DoubleTop|HeadAndShoulders|AscendingScallop,191.83,HOLD,5.68,229.41,254.97,229.41,240.77,6.74,8.69,-1.95,233.32,231.59,219.90,234.19,0.58,uptrend,0.00,0.27,false
2026-08-21,STLD,228.68,1999800,37.72,19.26,228.06,279.74,218.02,273.36,-80.74,66,DoubleTop,139.76,HOLD,10.10,213.52,258.99,213.52,233.73,1.72,9.54,-7.82,253.90,247.60,246.90,206.16,1.63,uptrend,0.00,0.35,false
2026-08-21,STX,850.00,2843500,48.23,34.97,734.30,969.91,698.99,1013.99,-65.03,66,ThreeRisingValleys|AscendingScallop,216.41,HOLD,69.56,745.66,1058.68,745.66,884.78,20.55,9.37,11.18,852.11,868.46,891.44,565.87,0.54,uptrend,0.00,0.75,true
2026-08-21,SWKS,67.14,6948300,52.05,60.15,60.79,72.36,57.50,70.75,-39.85,66,DoubleTop|HeadAndShoulders|AscendingScallop,129.41,HOLD,2.91,62.78,75.87,62.78,68.59,3.24,3.47,-0.22,66.58,66.81,65.74,63.92,1.19,uptrend,0.00,0.35,false
2026-08-21,SYK,329.45,3163300,47.38,21.15,324.58,353.58,317.62,352.49,-78.85,66,DoubleBottom|DoubleTop|HeadAndShoulders,133.33,HOLD,10.36,313.91,360.54,313.91,334.63,3.80,7.08,-3.28,339.08,334.85,326.60,340.48,1.30,downtrend,0.00,0.08,false
2026-08-21,TECH,72.32,3958000,67.73,58.90,71.77,72.53,71.58,72.62,-41.10,66,DoubleBottom|DoubleTop,247.99,HOLD,0.45,71.64,73.67,71.64,72.55,0.19,0.24,-0.05,72.15,71.84,68.87,60.35,1.09,uptrend,0.83,0.90,true
2026-08-21,TEL,203.52,2966100,44.16,18.06,199.44,222.60,199.45,221.98,-81.94,66,DoubleBottom|DoubleTop|HeadAndShoulders,197.15,HOLD,6.53,193.73,223.10,193.73,206.78,2.48,4.95,-2.47,211.02,208.99,206.53,218.11,1.34,downtrend,0.00,0.08,false
2026-08-21,TER,375.74,1907400,48.22,14.37,319.27,440.10,301.00,444.17,-85.63,66,AscendingScallop,145.78,HOLD,28.80,332.54,462.15,332.54,390.14,20.18,20.11,0.07,379.68,385.64,386.03,307.46,0.53,uptrend,0.00,0.35,false
2026-08-21,TGT,165.44,6232700,76.04,99.80,139.13,162.45,137.45,165.48,-0.20,66,AscendingScallop,503.26,BUY,4.98,157.97,180.38,157.97,167.93,6.48,6.13,0.35,150.79,151.28,140.93,118.82,1.39,uptrend,1.00,0.90,true
2026-08-21,TJX,140.53,9696100,25.39,5.26,141.92,167.51,139.31,163.04,-94.74,66,DoubleTop|ThreeDescendingPeaks|DescendingScallop,191.00,HOLD,3.63,135.09,151.42,135.09,142.34,-2.72,0.64,-3.36,154.72,151.86,156.01,155.23,1.57,downtrend,0.00,0.08,false
2026-08-21,TMO,629.27,1556000,74.64,92.48,552.33,626.76,556.01,634.70,-7.52,66,AscendingScallop,478.27,BUY,16.07,605.17,677.47,605.17,637.30,22.44,22.21,0.22,589.54,588.78,541.68,533.80,0.82,uptrend,1.00,0.82,true
2026-08-21,TPL,383.64,330400,52.21,63.57,333.03,413.81,335.10,421.16,-36.43,66,DoubleBottom|DescendingScallop,111.06,HOLD,18.45,355.96,438.99,355.96,392.87,-24.73,-22.40,-2.33,373.42,374.40,387.65,389.45,0.78,downtrend,0.00,0.20,false
2026-08-21,TPR,130.17,3381300,34.66,10.42,120.75,173.04,126.14,164.80,-89.58,66,DoubleTop,189.80,HOLD,5.52,121.89,146.72,121.89,132.93,-2.88,3.66,-6.54,146.90,141.59,145.24,137.25,1.08,downtrend,0.00,0.08,false
2026-08-21,TRMB,60.25,2760800,62.15,75.99,55.42,60.59,53.83,62.00,-24.01,66,DoubleBottom|HeadAndShoulders|AscendingScallop,300.21,HOLD,2.17,57.00,66.75,57.00,61.33,1.57,2.35,-0.78,58.00,57.39,54.03,65.75,0.96,downtrend,0.00,0.20,false
2026-08-21,TSCO,34.98,8636800,60.46,63.34,30.04,37.54,29.46,36.89,-36.66,66,BullishFlag|ThreeRisingValleys|AscendingScallop,403.79,HOLD,1.14,33.27,38.39,33.27,35.55,2.20,1.89,0.31,33.79,34.00,31.83,42.86,0.74,downtrend,0.00,0.20,false
2026-08-21,TSLA,362.86,58979800,58.01,92.86,296.26,360.02,297.38,366.50,-7.14,66,ThreeRisingValleys|AscendingScallop,436.39,HOLD,13.86,342.07,404.44,342.07,369.79,3.49,-14.25,17.74,328.14,342.10,365.86,403.32,1.68,downtrend,0.00,0.43,false
2026-08-21,TT,453.43,825700,40.25,7.00,441.39,495.56,439.82,493.71,-93.00,66,DoubleTop|HeadAndShoulders,107.07,HOLD,12.63,434.48,491.32,434.48,459.75,1.74,0.35,1.38,468.47,468.49,474.09,443.25,0.71,uptrend,0.00,0.14,false
2026-08-21,TTD,13.18,13017500,31.48,5.21,10.87,20.76,12.83,19.55,-94.79,66,DoubleBottom|ThreeDescendingPeaks|DescendingScallop,216.00,SELL,0.94,14.60,10.35,14.60,12.71,-2.33,-1.49,-0.84,15.81,15.21,17.50,26.54,0.42,downtrend,0.00,0.08,false
2026-08-21,TXN,264.36,5459900,39.04,9.75,264.17,287.92,261.63,289.62,-90.25,66,DoubleBottom|DoubleTop|HeadAndShoulders|MeasuredMoveDown,150.00,HOLD,10.59,248.48,296.12,248.48,269.65,-2.74,-5.31,2.57,276.05,276.99,290.16,234.47,0.78,uptrend,0.00,0.15,false
2026-08-21,TYL,350.73,541600,65.59,90.68,296.66,350.85,299.73,355.97,-9.32,66,ThreeRisingValleys|AscendingScallop,423.34,HOLD,14.07,329.62,392.95,329.62,357.77,9.30,5.32,3.97,323.76,325.59,309.21,362.49,0.62,downtrend,0.00,0.42,false
2026-08-21,UBER,78.80,12709300,61.98,89.47,66.88,80.82,65.41,80.22,-10.53,66,CupWithHandle|AscendingScallop,443.66,HOLD,2.74,74.70,87.01,74.70,80.17,3.18,1.50,1.68,73.85,74.91,72.92,77.10,0.63,uptrend,0.00,0.35,false
2026-08-21,ULTA,521.46,468400,53.26,38.51,483.76,562.65,474.46,566.73,-61.49,66,DoubleTop|AscendingScallop,106.00,HOLD,17.00,495.96,572.45,495.96,529.96,13.45,24.15,-10.70,523.20,516.46,490.52,555.20,0.82,downtrend,0.00,0.08,false
2026-08-21,UNP,308.05,2684600,66.94,98.82,286.93,305.26,284.79,308.29,-1.18,66,DoubleBottom|DoubleTop|AscendingScallop|MeasuredMoveUp,510.14,BUY,6.34,298.54,327.07,298.54,311.22,0.79,-0.13,0.92,296.10,296.88,286.22,256.33,0.99,uptrend,1.00,0.75,true
2026-08-21,UPS,102.01,3584100,39.17,8.29,99.72,110.12,101.34,114.87,-91.71,66,DoubleBottom|ThreeDescendingPeaks|DescendingScallop,175.00,HOLD,2.46,98.32,109.39,98.32,103.24,-3.80,-4.10,0.29,104.92,105.15,108.40,104.42,0.65,downtrend,0.00,0.08,false
2026-08-21,URI,1098.51,472100,47.24,14.54,1058.12,1187.14,1052.32,1179.18,-85.46,66,DoubleTop,103.10,HOLD,33.10,1048.86,1197.81,1048.86,1115.06,24.28,30.98,-6.70,1122.63,1117.59,1098.22,918.22,1.04,uptrend,0.00,0.63,true
2026-08-21,VLTO,98.77,2001700,59.16,69.82,93.85,100.49,92.31,102.25,-30.18,66,DoubleTop|AscendingScallop,216.37,HOLD,2.28,95.35,105.62,95.35,99.91,1.90,2.05,-0.15,97.17,96.75,92.37,93.46,1.26,uptrend,0.67,0.62,true
2026-08-21,VMC,276.04,903200,45.87,30.62,268.29,292.14,266.68,300.63,-69.38,66,DoubleBottom|DescendingScallop,153.13,HOLD,7.55,264.71,298.70,264.71,279.82,-0.75,-1.25,0.51,280.21,279.84,288.31,289.34,0.87,downtrend,0.00,0.08,false
2026-08-21,VRSN,281.80,603500,50.84,33.97,269.81,302.06,271.10,303.00,-66.03,66,DoubleBottom|ThreeDescendingPeaks,83.98,HOLD,8.54,269.00,307.41,269.00,286.07,1.17,7.16,-5.99,285.93,281.49,273.37,259.50,0.78,uptrend,0.00,0.37,false
2026-08-21,VRT,261.95,3207800,42.18,20.34,230.93,307.22,220.92,300.30,-79.66,66,DoubleTop,65.00,HOLD,16.76,236.82,312.22,236.82,270.33,1.28,-8.48,9.77,269.07,276.38,293.89,253.17,0.49,uptrend,0.00,0.20,false
2026-08-21,VRTX,548.05,1074900,67.04,91.91,454.68,556.47,465.51,555.32,-8.09,66,AscendingScallop,406.32,HOLD,16.02,524.02,596.11,524.02,556.06,22.81,12.24,10.57,505.57,513.25,490.86,459.97,0.80,uptrend,0.83,0.70,true
2026-08-21,WAB,297.57,1048000,58.22,53.72,288.68,303.61,287.75,306.64,-46.28,66,DoubleBottom|DoubleTop,174.78,HOLD,6.70,287.51,317.68,287.51,300.92,3.59,8.97,-5.38,296.14,292.67,279.87,250.04,1.07,uptrend,0.00,0.75,true
2026-08-21,WAT,410.70,816900,59.42,73.86,368.94,428.90,367.67,421.74,-26.14,66,AscendingScallop,342.84,HOLD,12.79,391.51,449.07,391.51,417.10,17.29,14.82,2.47,398.92,400.32,381.24,358.96,0.92,uptrend,0.83,0.69,true
2026-08-21,WDAY,200.01,3430900,66.88,57.86,146.17,211.23,140.19,227.49,-42.14,66,ThreeRisingValleys|AscendingScallop,367.69,HOLD,10.85,183.74,232.56,183.74,205.43,20.11,18.18,1.92,178.70,179.85,150.48,161.65,0.65,uptrend,0.83,0.75,true
2026-08-21,WELL,239.22,3140500,56.30,88.29,226.97,245.25,224.97,255.20,-11.71,66,DoubleBottom|DescendingScallop,297.56,HOLD,4.98,231.75,254.16,231.75,241.71,-3.72,-3.80,0.08,236.11,235.83,232.02,208.47,0.99,uptrend,0.00,0.54,false
2026-08-21,WM,224.06,1820300,42.25,20.21,218.23,236.73,222.16,243.61,-79.79,66,DoubleBottom|DescendingScallop,175.00,HOLD,4.32,217.59,237.01,217.59,226.22,-4.18,-4.87,0.69,227.48,226.88,227.87,224.35,0.89,downtrend,0.00,0.14,false
2026-08-21,WSM,237.58,884200,50.49,19.71,228.54,254.47,228.52,254.89,-80.29,66,DoubleTop|HeadAndShoulders,93.26,HOLD,6.76,227.43,257.87,227.43,240.96,6.56,9.47,-2.92,241.50,239.20,232.04,202.39,1.01,uptrend,0.00,0.49,false
2026-08-21,WST,353.08,511100,55.33,58.82,334.40,359.69,325.27,360.29,-41.18,66,DoubleTop|CupWithHandle|AscendingScallop,314.63,BUY,8.58,340.21,378.82,340.21,357.37,2.39,-0.76,3.15,347.04,349.46,347.81,290.20,0.83,uptrend,0.83,0.75,true
2026-08-21,WY,24.43,3577300,48.99,35.66,23.46,26.07,23.16,26.00,-64.34,66,DoubleBottom|DoubleTop|ThreeDescendingPeaks|AscendingScallop,73.78,HOLD,0.65,23.46,26.37,23.46,24.75,0.17,0.53,-0.36,24.76,24.57,24.35,24.21,0.64,uptrend,0.00,0.14,false
2026-08-21,XOM,165.11,14300700,67.87,81.94,149.52,167.14,149.09,168.64,-18.06,66,ThreeRisingValleys|AscendingScallop|MeasuredMoveUp,608.54,HOLD,3.66,159.63,176.08,159.63,166.94,3.74,3.69,0.05,158.33,158.71,148.97,142.56,1.00,uptrend,0.00,0.49,false
2026-08-21,XYL,113.42,1457200,39.39,8.00,112.84,125.80,112.50,127.16,-92.00,66,DescendingScallop,216.00,SELL,3.04,117.98,104.30,117.98,111.90,-0.73,-0.06,-0.66,119.32,118.11,117.79,126.16,0.81,downtrend,0.00,0.08,false
2026-08-21,ZBRA,368.51,718600,68.05,68.78,263.82,426.29,261.93,386.23,-31.22,66,DoubleTop|HeadAndShoulders|AscendingScallop|MeasuredMoveDown,124.96,HOLD,13.50,348.27,409.00,348.27,375.26,45.47,46.45,-0.98,345.05,345.51,290.88,252.05,0.80,uptrend,0.00,0.75,true
2026-08-24,A,153.43,3945982,65.07,67.76,134.11,158.95,135.78,160.51,-32.24,73,AscendingScallop,403.21,BUY,4.23,147.08,166.12,147.08,155.55,6.96,5.42,1.54,146.53,147.58,138.00,131.34,2.14,uptrend,0.83,0.83,true
2026-08-24,AAPL,310.34,34379936,48.23,49.57,291.44,334.58,300.00,344.57,-50.43,73,DoubleBottom|InvertedCupWithHandle|DescendingScallop,112.60,HOLD,7.37,299.28,332.46,299.28,314.03,-8.00,-9.08,1.08,313.01,311.88,310.50,281.70,0.66,uptrend,0.00,0.23,false
2026-08-24,ABBV,264.52,3873934,63.47,90.49,238.29,269.06,241.20,267.47,-9.51,73,DoubleBottom|DoubleTop|ThreeRisingValleys,411.52,BUY,6.00,255.51,282.53,255.51,267.52,0.76,-1.91,2.67,253.67,255.13,248.78,226.81,0.72,uptrend,1.00,0.62,true
2026-08-24,ABT,116.67,5916525,77.84,94.90,102.88,116.85,102.89,117.34,-5.10,73,ThreeRisingValleys|AscendingScallop,449.12,BUY,2.57,112.82,124.37,112.82,117.95,4.06,4.43,-0.37,109.87,109.77,100.48,107.04,0.72,uptrend,0.83,0.62,true
2026-08-24,ACN,186.53,6687539,67.77,93.74,161.12,188.24,156.95,188.45,-6.26,73,AscendingScallop,358.68,HOLD,7.79,174.85,209.89,174.85,190.42,11.39,13.64,-2.25,174.68,173.03,153.73,205.46,1.04,downtrend,0.00,0.35,false
2026-08-24,ADBE,276.27,3444005,62.94,90.31,244.96,279.83,241.23,279.00,-9.69,73,ThreeRisingValleys|AscendingScallop,430.59,HOLD,10.68,260.24,308.32,260.24,281.61,13.41,14.91,-1.50,262.39,260.36,233.90,270.13,0.70,uptrend,0.00,0.42,false
2026-08-24,ADI,371.17,4730640,44.25,25.49,356.49,395.44,352.73,396.95,-74.51,73,DoubleTop|HeadAndShoulders|CupWithHandle,79.11,HOLD,13.04,351.61,410.29,351.61,377.69,4.38,1.76,2.62,375.96,378.29,387.79,342.47,1.18,uptrend,0.00,0.08,false
2026-08-24,ADM,78.16,3461493,42.57,29.62,76.67,83.23,75.77,84.63,-70.38,73,DoubleTop,104.14,HOLD,2.44,74.50,85.49,74.50,79.38,-1.08,-2.01,0.92,79.95,80.44,80.03,71.01,0.84,uptrend,0.00,0.35,false
2026-08-24,ADSK,254.42,1397200,62.40,75.20,231.07,261.04,227.99,260.74,-24.80,73,DoubleTop|HeadAndShoulders|ThreeRisingValleys|AscendingScallop,251.53,HOLD,9.23,240.58,282.10,240.58,259.03,12.99,14.70,-1.71,246.05,243.68,220.75,249.22,0.74,uptrend,0.00,0.35,false
2026-08-24,AKAM,105.66,2759186,36.73,2.11,104.62,127.90,105.20,127.04,-97.89,73,DoubleBottom|DoubleTop|HeadAndShoulders|MeasuredMoveDown,255.00,SELL,5.79,114.34,88.29,114.34,102.77,-0.79,-0.34,-0.44,116.26,116.20,119.20,108.57,0.77,downtrend,0.00,0.08,false
2026-08-24,ALB,141.51,2105567,64.72,90.08,110.30,144.98,111.55,144.05,-9.92,73,ThreeRisingValleys|AscendingScallop,424.13,HOLD,5.45,133.33,157.87,133.33,144.24,8.69,4.94,3.75,127.64,131.33,132.38,155.27,0.91,downtrend,0.00,0.27,false
2026-08-24,ALGN,159.64,762024,39.07,9.25,159.16,183.42,157.34,187.96,-90.75,73,HeadAndShoulders|DescendingScallop,215.00,SELL,6.71,169.70,139.52,169.70,156.29,-1.52,-0.95,-0.58,171.29,169.60,174.38,169.61,0.80,downtrend,0.00,0.08,false
2026-08-24,ALLE,162.63,1329591,58.46,25.43,156.18,170.79,153.39,170.87,-74.57,73,BearishFlag|DoubleTop,81.00,HOLD,4.14,156.42,175.05,156.42,164.70,4.64,9.13,-4.49,163.48,160.57,148.40,151.46,1.17,uptrend,0.00,0.42,false
2026-08-24,AMAT,484.19,8790077,41.71,11.68,459.04,565.38,436.33,563.76,-88.32,73,DoubleTop,86.15,HOLD,31.43,437.05,578.47,437.05,499.90,-3.12,-7.03,3.90,512.21,517.78,559.34,396.78,1.09,uptrend,0.00,0.50,false
2026-08-24,AMD,456.74,16521739,42.46,8.41,439.84,518.57,424.03,530.13,-91.59,73,ThreeDescendingPeaks,97.58,HOLD,27.95,414.82,540.59,414.82,470.72,-9.72,-13.26,3.54,479.21,484.94,509.60,330.90,0.64,uptrend,0.00,0.63,true
2026-08-24,ANET,188.15,5304758,51.38,16.59,164.75,212.96,156.84,214.89,-83.41,73,DoubleTop|ThreeDescendingPeaks|AscendingScallop,120.00,HOLD,9.16,174.40,215.64,174.40,192.73,9.14,10.18,-1.04,188.85,188.59,177.99,149.24,0.65,uptrend,0.00,0.63,true
2026-08-24,AOS,62.72,1170009,53.09,57.45,59.97,64.82,58.86,64.77,-42.55,73,DoubleTop|DescendingScallop,91.67,HOLD,1.71,60.15,67.85,60.15,63.58,0.80,1.08,-0.28,62.39,62.18,61.08,65.43,0.75,downtrend,0.00,0.20,false
2026-08-24,APD,306.24,1182087,56.81,70.84,290.54,311.79,288.00,311.51,-29.16,73,DoubleTop|HeadAndShoulders|AscendingScallop,204.68,HOLD,6.89,295.90,326.92,295.90,309.69,4.95,3.36,1.58,301.17,301.83,295.72,280.31,1.14,uptrend,0.00,0.49,false
2026-08-24,AVGO,358.76,18635761,35.41,1.53,349.82,439.86,357.61,432.73,-98.47,73,DoubleTop|ThreeDescendingPeaks|DescendingScallop,201.67,SELL,14.89,381.09,314.10,381.09,351.32,0.35,9.95,-9.60,394.84,387.88,387.97,369.23,0.93,downtrend,0.00,0.08,false
2026-08-24,AVY,183.69,646498,67.01,85.82,167.32,186.56,165.39,187.91,-14.18,73,DoubleTop|ThreeRisingValleys|AscendingScallop,349.16,HOLD,5.06,176.10,198.87,176.10,186.22,7.55,8.03,-0.48,176.94,176.61,167.17,172.96,0.76,uptrend,0.00,0.20,false
2026-08-24,AZO,3009.44,254399,47.06,41.29,2946.87,3141.70,2903.57,3172.07,-58.71,73,DoubleBottom|DoubleTop,159.64,HOLD,87.32,2878.46,3271.39,2878.46,3053.10,5.73,12.86,-7.13,3044.29,3032.19,3053.38,3416.92,1.30,downtrend,0.00,0.08,false
2026-08-24,BBY,87.48,2748555,57.11,75.31,80.58,90.76,79.00,91.27,-24.69,73,DoubleTop|ThreeRisingValleys|DescendingScallop|MeasuredMoveUp,326.68,HOLD,2.77,83.32,95.79,83.32,88.87,-0.44,-0.67,0.23,85.67,85.38,82.40,71.13,0.85,uptrend,1.00,0.75,true
2026-08-24,BDX,190.74,1310990,75.54,90.81,161.49,194.66,161.62,193.04,-9.19,73,ThreeRisingValleys|AscendingScallop,485.56,BUY,4.45,184.07,204.08,184.07,192.96,11.23,10.57,0.66,178.08,178.53,162.27,157.91,0.67,uptrend,0.83,0.62,true
2026-08-24,BIIB,218.12,649816,59.91,80.95,199.62,219.35,199.40,222.15,-19.05,73,DoubleBottom|DoubleTop,310.77,HOLD,6.31,208.65,237.06,208.65,221.28,4.29,3.12,1.18,209.49,210.46,205.64,188.33,0.68,uptrend,0.00,0.49,false
2026-08-24,BKNG,213.36,4910595,63.91,78.59,191.07,221.41,188.48,216.42,-21.41,73,DoubleTop|AscendingScallop,293.13,HOLD,6.71,203.29,233.50,203.29,216.72,11.44,12.52,-1.08,206.24,204.72,189.05,185.74,0.82,uptrend,0.83,0.82,true
2026-08-24,BLDR,70.22,1914958,45.80,29.09,65.88,77.27,65.10,76.80,-70.91,73,DoubleTop|ThreeDescendingPeaks|DescendingScallop,125.61,HOLD,3.48,65.00,80.65,65.00,71.96,0.20,-0.00,0.20,71.57,71.92,75.63,91.93,0.87,downtrend,0.00,0.08,false
2026-08-24,BSX,49.01,22023419,50.80,32.43,45.46,53.34,42.55,52.99,-67.57,73,AscendingScallop,170.00,HOLD,1.73,46.41,54.21,46.41,49.88,2.59,2.79,-0.20,49.40,49.29,46.45,69.18,1.04,downtrend,0.00,0.28,false
2026-08-24,CAH,232.37,1398875,50.37,15.32,226.62,240.88,224.11,258.30,-84.68,73,DoubleBottom|HeadAndShoulders,124.88,HOLD,5.98,223.39,250.32,223.39,235.36,2.20,3.37,-1.17,233.75,232.79,231.91,214.10,0.69,uptrend,0.00,0.15,false
2026-08-24,CARR,59.97,3957333,33.44,5.45,59.21,65.84,59.07,68.30,-94.55,73,DoubleBottom|ThreeDescendingPeaks|DescendingScallop,175.00,HOLD,1.74,57.35,65.20,57.35,60.84,-1.67,-1.96,0.29,62.52,62.96,67.12,61.27,0.60,downtrend,0.00,0.08,false
2026-08-24,CDNS,315.92,1959616,35.38,12.24,309.73,347.92,311.43,355.59,-87.76,73,ThreeDescendingPeaks|DescendingScallop,174.53,HOLD,10.78,299.74,348.27,299.74,321.31,-7.30,-7.74,0.43,328.82,328.22,352.49,326.99,0.88,downtrend,0.00,0.08,false
2026-08-24,CDW,132.51,1597389,44.47,62.67,128.82,151.74,113.00,154.50,-37.33,73,InvertedCupWithHandle|ThreeDescendingPeaks|DescendingScallop,86.08,HOLD,6.62,122.58,152.36,122.58,135.82,-1.98,1.29,-3.26,140.28,137.40,136.42,131.56,0.80,uptrend,0.00,0.23,false
2026-08-24,CEG,273.43,2567282,53.42,48.45,256.53,284.29,256.16,287.00,-51.55,73,HeadAndShoulders|AscendingScallop,96.74,HOLD,9.45,259.26,301.77,259.26,278.15,4.79,4.88,-0.09,270.41,271.04,263.65,299.39,0.94,downtrend,0.00,0.26,false
2026-08-24,CF,129.24,2018089,63.27,85.70,112.17,129.94,109.43,132.54,-14.30,73,ThreeRisingValleys|AscendingScallop,524.23,BUY,4.92,121.86,144.00,121.86,131.70,-0.95,-1.70,0.75,121.06,121.44,116.48,105.92,0.83,uptrend,1.00,0.75,true
2026-08-24,CHD,102.53,1849521,58.21,77.86,96.60,104.83,94.88,104.31,-22.14,73,DoubleBottom|BearishFlag|DoubleTop|InvertedCupWithHandle|AscendingScallop,193.84,HOLD,2.48,98.81,109.96,98.81,103.77,0.77,1.79,-1.02,100.72,100.03,98.67,94.23,0.94,uptrend,0.00,0.27,false
2026-08-24,CHRW,142.86,1095905,31.93,9.86,133.42,165.52,141.24,174.27,-90.14,73,DoubleBottom|ThreeDescendingPeaks|DescendingScallop,175.00,HOLD,5.54,134.55,159.47,134.55,145.63,-14.91,-21.08,6.17,149.47,153.18,174.85,172.87,0.52,downtrend,0.00,0.08,false
2026-08-24,CIEN,371.95,1776808,41.43,9.45,341.02,453.59,323.29,462.69,-90.55,73,HeadAndShoulders|AscendingScallop,90.66,HOLD,30.46,326.27,463.32,326.27,387.18,12.06,7.42,4.64,397.31,404.09,420.09,369.64,0.80,uptrend,0.00,0.08,false
2026-08-24,CL,92.55,4012657,53.03,67.94,89.70,94.26,89.16,95.46,-32.06,73,DoubleBottom|DoubleTop,187.35,HOLD,2.09,89.42,98.81,89.42,93.59,0.03,0.17,-0.15,91.98,91.72,91.84,87.18,0.87,uptrend,0.00,0.20,false
2026-08-24,CLX,107.17,1818284,61.10,66.06,96.72,111.78,94.20,109.42,-33.94,73,DoubleTop|AscendingScallop,225.87,HOLD,2.97,102.71,116.09,102.71,108.66,4.25,4.34,-0.09,104.25,104.27,99.16,103.45,0.67,uptrend,0.00,0.20,false
2026-08-24,CMI,571.62,1242244,29.14,2.95,584.02,668.93,568.90,661.01,-97.05,73,DoubleBottom|DoubleTop|ThreeDescendingPeaks|DescendingScallop,215.00,SELL,21.23,603.46,507.94,603.46,561.01,-14.27,-10.16,-4.11,626.47,624.01,657.91,595.75,1.23,downtrend,0.00,0.08,false
2026-08-24,COHR,275.49,6899280,42.53,10.00,225.49,383.84,220.68,391.37,-90.00,73,ThreeDescendingPeaks|AscendingScallop,175.41,HOLD,31.95,227.56,371.35,227.56,291.47,17.25,18.79,-1.54,304.67,308.48,327.81,270.57,0.87,uptrend,0.00,0.08,false
2026-08-24,COO,75.80,1140684,58.32,57.69,71.88,78.10,71.07,78.11,-42.31,73,DoubleTop|AscendingScallop,183.00,HOLD,1.55,73.48,80.45,73.48,76.57,2.06,2.06,0.01,74.99,74.88,72.00,73.39,0.64,uptrend,0.00,0.20,false
2026-08-24,COP,133.35,6125422,69.77,88.05,110.87,136.80,113.21,135.88,-11.95,73,ThreeRisingValleys|AscendingScallop,478.57,HOLD,3.22,128.52,143.02,128.52,134.96,5.52,3.74,1.78,123.84,125.43,116.06,110.73,0.87,uptrend,0.83,0.62,true
2026-08-24,COR,323.77,756628,59.02,68.13,304.12,329.70,301.23,333.95,-31.87,73,DoubleBottom|BearishFlag|DoubleTop|HeadAndShoulders,65.70,HOLD,8.70,310.72,349.86,310.72,328.12,3.99,5.16,-1.17,316.91,315.12,303.29,323.44,0.51,uptrend,0.00,0.20,false
2026-08-24,CPRT,33.26,8496798,65.76,77.47,27.13,34.27,28.55,34.63,-22.53,73,DoubleBottom,331.26,HOLD,1.18,31.49,36.79,31.49,33.85,1.40,0.96,0.44,30.70,31.10,29.57,34.82,0.75,downtrend,0.00,0.20,false
2026-08-24,CRH,95.79,3872043,43.51,33.50,92.21,103.03,92.52,104.28,-66.50,73,DoubleBottom|DoubleTop|DescendingScallop,152.73,HOLD,2.78,91.63,104.12,91.63,97.18,-1.26,-1.53,0.27,97.62,97.54,102.70,112.30,0.82,downtrend,0.00,0.08,false
2026-08-24,CRL,298.58,786058,77.42,98.43,220.73,313.95,227.38,299.32,-1.57,73,ThreeRisingValleys|AscendingScallop,494.39,BUY,10.63,282.63,330.48,282.63,303.90,27.33,21.89,5.44,267.34,270.86,236.35,194.63,0.80,uptrend,0.83,0.82,true
2026-08-24,CRM,209.06,8432380,66.03,86.41,177.47,211.20,175.90,213.16,-13.59,73,ThreeRisingValleys|AscendingScallop,510.35,BUY,7.87,197.25,232.68,197.25,213.00,11.63,11.56,0.07,194.34,194.23,175.45,200.59,0.68,uptrend,1.00,0.56,true
2026-08-24,CRWD,190.68,7229076,42.01,9.06,175.69,233.85,174.14,227.50,-90.94,73,DoubleTop|AscendingScallop|MeasuredMoveDown,177.31,HOLD,9.17,176.93,218.18,176.93,195.26,9.82,10.39,-0.57,204.77,202.88,193.50,139.08,0.94,uptrend,0.00,0.63,true
2026-08-24,CSCO,110.23,12620795,41.16,6.46,106.45,125.25,109.23,124.71,-93.54,73,DoubleTop,176.67,HOLD,3.67,104.72,121.25,104.72,112.07,-0.19,1.90,-2.09,115.85,114.35,116.00,93.12,0.55,uptrend,0.00,0.50,false
2026-08-24,CSGP,32.84,5034975,58.02,78.46,28.36,33.70,25.89,33.82,-21.54,73,ThreeRisingValleys|AscendingScallop,401.18,HOLD,1.52,30.56,37.39,30.56,33.60,1.48,1.09,0.39,31.03,31.30,30.07,45.36,0.72,downtrend,0.00,0.20,false
2026-08-24,CSX,51.44,10378185,60.18,75.61,49.58,51.52,49.42,52.42,-24.39,73,DoubleBottom|DoubleTop,264.71,BUY,0.97,49.98,54.36,49.98,51.93,-0.21,-0.18,-0.03,50.55,50.58,49.47,42.47,0.95,uptrend,0.83,0.82,true
2026-08-24,CTAS,207.40,1819032,62.12,99.00,195.24,213.14,196.50,219.17,-1.00,73,DoubleBottom|DescendingScallop,227.87,HOLD,4.52,200.62,220.95,200.62,209.66,-1.65,0.23,-1.88,204.19,201.91,191.79,186.09,0.88,uptrend,0.00,0.54,false
2026-08-24,CTSH,62.20,4122692,72.96,91.17,51.97,63.10,48.28,63.11,-8.83,73,AscendingScallop,349.57,HOLD,2.40,58.60,69.40,58.60,63.40,4.74,5.69,-0.95,57.53,56.90,49.23,63.21,0.44,downtrend,0.00,0.35,false
2026-08-24,CTVA,82.81,9216202,57.36,85.13,70.35,88.80,74.51,90.97,-14.87,73,DoubleBottom|DescendingScallop,305.39,HOLD,2.27,79.40,89.63,79.40,83.95,-3.67,-4.65,0.97,79.57,79.94,82.02,76.44,1.74,uptrend,0.00,0.42,false
2026-08-24,DASH,229.06,3879915,73.17,96.29,190.85,230.57,185.55,230.06,-3.71,73,ThreeRisingValleys|AscendingScallop,494.18,BUY,8.18,216.78,253.61,216.78,233.15,13.65,12.82,0.83,210.71,211.15,193.03,187.47,0.86,uptrend,0.83,0.82,true
2026-08-24,DD,136.67,1013429,41.84,6.11,135.34,147.52,130.19,149.42,-93.89,73,DoubleTop|ThreeDescendingPeaks|DescendingScallop,112.71,HOLD,3.71,131.11,147.80,131.11,138.52,0.84,2.64,-1.81,141.43,140.51,139.70,135.99,0.58,sideways,0.00,0.08,false
2026-08-24,DECK,92.08,2745984,41.71,29.17,86.59,104.49,88.13,104.88,-70.83,73,BearishFlag|ThreeDescendingPeaks|DescendingScallop,177.52,HOLD,3.20,87.28,101.67,87.28,93.68,-4.05,-3.75,-0.30,95.54,94.73,101.00,102.35,1.21,downtrend,0.00,0.08,false
2026-08-24,DHI,148.97,1720524,50.23,41.17,143.49,153.01,142.76,154.40,-58.83,73,DoubleBottom|DoubleTop,100.57,HOLD,4.56,142.13,162.64,142.13,151.25,1.23,0.59,0.64,148.25,148.57,151.58,149.78,0.80,downtrend,0.00,0.20,false
2026-08-24,DHR,215.11,2510205,63.17,79.69,189.69,217.90,192.62,220.67,-20.31,73,AscendingScallop,353.28,HOLD,6.82,204.89,235.56,204.89,218.52,7.50,4.41,3.09,203.79,205.16,196.12,202.98,0.60,uptrend,0.00,0.41,false
2026-08-24,DOV,203.62,744728,43.83,25.56,198.39,213.15,197.21,214.57,-74.44,73,DoubleBottom|DoubleTop,112.23,HOLD,4.37,197.06,216.74,197.06,205.81,-0.30,-0.47,0.17,205.77,206.02,212.29,209.35,0.76,downtrend,0.00,0.08,false
2026-08-24,DVN,48.23,7558075,62.42,80.60,41.19,49.74,42.04,49.72,-19.40,73,ThreeRisingValleys|AscendingScallop,446.55,HOLD,1.32,46.25,52.19,46.25,48.89,1.37,0.62,0.76,45.46,46.12,43.95,42.90,0.70,uptrend,0.00,0.27,false
2026-08-24,DXCM,91.06,4450025,65.99,85.43,75.19,97.19,73.24,92.59,-14.57,73,ThreeRisingValleys|AscendingScallop,460.47,BUY,2.72,86.98,99.23,86.98,92.42,6.54,6.29,0.24,86.19,86.38,77.94,69.47,0.78,uptrend,0.83,0.82,true
2026-08-24,EBAY,107.08,3826319,49.13,44.85,98.27,117.30,100.50,117.63,-55.15,73,DescendingScallop,100.70,HOLD,3.38,102.01,117.21,102.01,108.77,-3.90,-2.99,-0.91,107.79,106.71,109.97,97.73,0.82,uptrend,0.00,0.35,false
2026-08-24,ECL,286.98,1664484,60.22,90.28,274.77,288.39,272.79,288.45,-9.72,73,DoubleBottom|DoubleTop,322.98,HOLD,5.87,278.18,304.58,278.18,289.91,3.12,4.61,-1.49,281.58,280.20,276.55,271.72,1.14,uptrend,0.00,0.35,false
2026-08-24,EFX,194.63,1251034,64.62,92.03,169.53,195.48,171.51,196.45,-7.97,73,AscendingScallop,402.03,HOLD,6.93,184.23,215.42,184.23,198.10,4.85,3.10,1.75,182.50,183.10,172.70,188.66,1.01,uptrend,1.00,0.69,true
2026-08-24,EL,104.13,4352790,75.84,99.78,76.80,100.70,82.61,104.18,-0.22,73,DoubleBottom|AscendingScallop,484.15,HOLD,3.60,98.73,114.92,98.73,105.93,3.91,2.55,1.36,88.75,90.26,85.30,91.65,1.27,uptrend,0.00,0.35,false
2026-08-24,EMR,157.57,1715755,55.45,28.44,147.07,167.79,145.10,166.35,-71.56,73,DoubleTop|HeadAndShoulders|AscendingScallop,61.37,HOLD,3.99,151.58,169.54,151.58,159.57,5.87,8.27,-2.39,157.43,156.13,148.23,141.66,0.59,uptrend,0.00,0.54,false
2026-08-24,EOG,150.21,2168831,60.02,82.89,133.88,154.80,133.45,153.67,-17.11,73,ThreeRisingValleys|AscendingScallop,464.30,HOLD,3.74,144.59,161.44,144.59,152.08,1.48,0.40,1.07,144.34,145.19,139.27,126.97,0.76,uptrend,0.00,0.55,false
2026-08-24,EQIX,1055.20,630672,48.99,31.02,1007.16,1105.66,1001.61,1109.22,-68.98,73,,118.59,HOLD,30.91,1008.83,1147.94,1008.83,1070.66,16.31,13.53,2.78,1056.41,1061.90,1053.00,950.27,1.02,uptrend,0.00,0.48,false
2026-08-24,EW,90.50,2722011,53.10,42.79,84.73,94.86,82.91,93.91,-57.21,73,DoubleTop|HeadAndShoulders|CupWithHandle|AscendingScallop,178.48,HOLD,2.09,87.36,96.78,87.36,91.55,2.96,2.47,0.49,89.80,90.05,89.09,84.68,0.80,uptrend,0.00,0.27,false
2026-08-24,EXPD,187.83,692430,65.85,83.71,166.00,194.38,164.35,189.99,-16.29,73,DoubleTop|HeadAndShoulders|ThreeRisingValleys|AscendingScallop,322.29,HOLD,4.21,181.51,200.47,181.51,189.94,5.38,2.93,2.45,180.19,182.02,173.54,156.47,0.65,uptrend,0.83,0.82,true
2026-08-24,EXPE,339.13,1562298,69.21,94.67,289.62,341.13,279.92,341.09,-5.33,73,ThreeRisingValleys|AscendingScallop,474.96,HOLD,12.42,320.50,376.37,320.50,345.33,19.99,22.02,-2.03,315.37,313.19,281.36,255.82,0.95,uptrend,0.83,0.82,true
2026-08-24,FAST,51.28,5432665,61.47,47.94,46.97,53.73,46.35,52.92,-52.06,73,DoubleTop|HeadAndShoulders|AscendingScallop,122.92,HOLD,1.10,49.63,54.57,49.63,51.83,2.17,2.28,-0.11,50.35,50.29,48.02,44.97,0.71,uptrend,0.00,0.67,true
2026-08-24,FCX,77.80,21326276,70.57,91.89,59.19,76.53,58.19,78.88,-8.11,73,AscendingScallop,462.13,BUY,2.98,73.32,86.75,73.32,79.29,3.45,3.27,0.19,67.86,68.74,64.90,59.34,1.51,uptrend,0.83,0.98,true
2026-08-24,FFIV,379.04,296869,39.33,5.73,374.05,426.38,366.93,425.61,-94.27,73,DoubleTop,159.86,HOLD,13.03,359.50,418.12,359.50,385.55,-2.23,-0.15,-2.08,400.22,397.51,403.46,320.19,0.45,uptrend,0.00,0.50,false
2026-08-24,FICO,1166.40,296471,53.32,87.11,934.39,1300.68,1015.00,1410.17,-12.89,73,DoubleBottom|DescendingScallop,161.10,HOLD,55.03,1083.86,1331.49,1083.86,1193.91,-48.76,-79.67,30.92,1117.53,1130.78,1172.81,1332.74,0.72,downtrend,0.00,0.20,false
2026-08-24,FIX,1609.69,451020,41.14,10.27,1561.90,1850.48,1491.24,1883.70,-89.73,73,HeadAndShoulders,178.69,HOLD,97.52,1463.41,1902.26,1463.41,1658.45,-6.35,0.29,-6.65,1706.19,1715.04,1779.48,1463.70,1.02,uptrend,0.00,0.20,false
2026-08-24,FLEX,106.65,2740233,36.16,6.49,103.74,132.24,99.50,131.63,-93.51,73,FallingWedge|DoubleTop|HeadAndShoulders|MeasuredMoveDown,115.28,HOLD,7.39,95.57,128.81,95.57,110.34,-0.01,-0.26,0.25,117.99,119.08,130.43,92.69,0.63,uptrend,0.00,0.63,true
2026-08-24,FSLR,208.31,1498251,39.62,0.26,194.64,253.29,195.84,269.70,-99.74,73,ThreeDescendingPeaks|AscendingScallop,220.50,SELL,11.57,225.66,173.61,225.66,202.53,5.49,9.94,-4.45,223.97,222.14,228.73,233.30,0.56,downtrend,0.00,0.08,false
2026-08-24,FTNT,151.99,3422183,44.16,15.69,148.02,169.00,143.77,172.09,-84.31,73,ThreeDescendingPeaks|MeasuredMoveDown,127.32,HOLD,6.03,142.94,170.09,142.94,155.01,0.23,1.55,-1.32,158.51,157.04,156.18,106.51,0.64,uptrend,0.00,0.63,true
2026-08-24,GDDY,100.52,1318159,58.94,89.73,83.77,105.34,73.10,106.00,-10.27,73,CupWithHandle|InvertedCupWithHandle|ThreeRisingValleys|DescendingScallop,301.76,HOLD,4.74,93.41,114.74,93.41,102.89,1.08,-0.21,1.29,94.55,94.63,89.50,97.60,0.59,uptrend,0.00,0.41,false
2026-08-24,GEHC,74.19,2485876,63.46,75.93,66.68,76.76,61.40,75.65,-24.07,73,ThreeRisingValleys|AscendingScallop,408.63,HOLD,1.89,71.36,79.85,71.36,75.13,3.93,4.09,-0.16,71.72,71.47,66.85,72.84,0.61,uptrend,0.00,0.27,false
2026-08-24,GEV,942.10,1890484,39.19,9.38,913.09,1081.02,897.68,1099.66,-90.62,73,HeadAndShoulders,116.02,HOLD,48.61,869.18,1087.94,869.18,966.41,1.93,-4.52,6.44,997.05,1003.73,1035.76,870.03,0.85,uptrend,0.00,0.28,false
2026-08-24,GILD,146.74,6181558,67.67,88.82,125.78,148.04,128.28,148.97,-11.18,73,ThreeRisingValleys|AscendingScallop,450.02,HOLD,3.93,140.85,158.52,140.85,148.70,4.57,2.16,2.41,136.91,138.60,132.32,133.18,0.91,uptrend,0.00,0.27,false
2026-08-24,GLW,145.55,10229949,42.17,11.10,126.59,178.51,114.50,176.94,-88.90,73,HeadAndShoulders|AscendingScallop,65.46,HOLD,11.37,128.49,179.67,128.49,151.24,6.36,2.06,4.29,152.55,157.16,173.49,140.93,0.76,uptrend,0.00,0.08,false
2026-08-24,GNRC,203.56,890689,40.20,16.89,190.93,227.08,187.55,226.00,-83.11,73,DoubleTop|AscendingScallop,104.21,HOLD,9.98,188.58,233.51,188.58,208.55,3.72,1.11,2.61,209.01,212.73,232.29,206.92,0.75,downtrend,0.00,0.08,false
2026-08-24,GOOGL,348.06,26279090,49.53,20.67,326.35,372.59,324.44,384.48,-79.33,73,ThreeDescendingPeaks|AscendingScallop,109.79,HOLD,9.33,334.07,376.04,334.07,352.72,0.54,3.83,-3.29,349.47,347.70,351.57,333.38,0.99,uptrend,0.00,0.27,false
2026-08-24,GPC,135.69,669778,62.09,81.06,125.79,138.74,123.33,137.16,-18.94,73,DoubleTop|HeadAndShoulders|AscendingScallop,222.44,BUY,3.53,130.39,146.29,130.39,137.46,4.30,4.54,-0.24,132.26,131.64,123.90,119.36,0.59,uptrend,0.83,0.82,true
2026-08-24,GRMN,291.25,1870110,53.75,2.95,274.53,325.67,245.05,314.28,-97.05,73,DoubleTop|AscendingScallop,155.11,HOLD,8.23,278.91,315.93,278.91,295.36,17.28,26.36,-9.08,300.10,292.49,264.18,234.61,1.73,uptrend,0.00,0.50,false
2026-08-24,GWW,1321.90,155701,48.96,82.23,1255.40,1388.00,1260.22,1418.20,-17.77,73,DescendingScallop|MeasuredMoveUp,203.43,HOLD,27.73,1280.30,1405.10,1280.30,1335.77,-25.20,-32.86,7.66,1321.70,1321.68,1343.44,1160.99,0.55,uptrend,0.00,0.42,false
2026-08-24,HAL,34.63,14648238,54.04,66.74,30.39,36.09,30.98,36.08,-33.26,73,CupWithHandle|ThreeRisingValleys|AscendingScallop,446.84,HOLD,0.98,33.16,37.57,33.16,35.12,0.92,-0.07,0.98,33.24,34.01,34.08,34.40,1.42,uptrend,0.00,0.28,false
2026-08-24,HD,337.43,3289739,47.56,24.36,328.38,356.72,328.80,358.36,-75.64,73,DoubleBottom|BearishFlag|DoubleTop|HeadAndShoulders,190.37,HOLD,8.90,324.07,364.14,324.07,341.88,2.64,4.42,-1.78,342.55,340.62,340.31,345.81,0.83,downtrend,0.00,0.08,false
2026-08-24,HSY,189.94,1072066,62.28,95.89,175.27,190.59,173.59,190.46,-4.11,73,DoubleTop|ThreeRisingValleys|AscendingScallop|MeasuredMoveUp,425.32,HOLD,4.07,183.83,202.16,183.83,191.98,4.21,3.98,0.23,182.93,183.29,178.72,192.21,0.77,downtrend,0.00,0.27,false
2026-08-24,HUBB,466.76,607924,39.19,2.34,453.15,529.92,455.07,529.39,-97.66,73,DoubleTop,198.77,HOLD,14.65,444.79,510.70,444.79,474.08,4.83,9.17,-4.34,491.54,489.04,494.51,485.12,1.01,downtrend,0.00,0.08,false
2026-08-24,IBM,231.04,3917215,45.88,25.28,222.73,242.14,215.11,241.80,-74.72,73,DoubleTop|HeadAndShoulders,115.00,HOLD,7.89,219.20,254.71,219.20,234.99,7.37,5.98,1.40,232.44,234.13,246.48,265.65,0.61,downtrend,0.00,0.20,false
2026-08-24,IDXX,559.51,382910,48.54,32.32,538.42,598.51,538.20,624.15,-67.68,73,BearishFlag|InvertedCupWithHandle|ThreeDescendingPeaks,178.09,HOLD,18.12,532.33,613.87,532.33,568.57,0.87,7.38,-6.51,568.47,562.75,560.03,614.29,0.60,downtrend,0.00,0.08,false
2026-08-24,IEX,233.69,406555,52.82,20.42,227.19,242.22,223.83,243.80,-79.58,73,DoubleTop|AscendingScallop,83.66,HOLD,5.15,225.96,249.15,225.96,236.27,4.32,5.68,-1.36,234.71,233.62,227.90,203.17,0.57,uptrend,0.00,0.42,false
2026-08-24,INCY,127.98,799410,65.66,86.29,115.75,130.23,115.77,132.60,-13.71,73,DoubleBottom|ThreeRisingValleys,510.95,BUY,3.65,122.51,138.92,122.51,129.80,1.98,1.55,0.43,122.99,122.73,116.60,103.78,0.45,uptrend,1.00,0.75,true
2026-08-24,IR,79.99,3866108,40.97,6.50,78.30,90.64,79.17,91.78,-93.50,73,DoubleBottom|ThreeDescendingPeaks|DescendingScallop,216.00,SELL,2.36,83.52,72.92,83.52,78.81,-1.21,1.10,-2.31,84.47,82.81,81.75,82.02,0.92,downtrend,0.00,0.08,false
2026-08-24,ISRG,373.57,1517119,45.23,16.61,347.65,411.39,346.45,405.34,-83.39,73,AscendingScallop|MeasuredMoveDown,121.71,HOLD,12.91,354.20,412.31,354.20,380.03,18.15,12.57,5.58,379.52,382.45,387.51,472.32,0.53,downtrend,0.00,0.08,false
2026-08-24,IT,202.78,1292029,71.40,99.26,148.97,210.06,147.45,203.01,-0.74,73,ThreeRisingValleys|AscendingScallop,456.31,BUY,9.56,188.44,231.46,188.44,207.56,18.03,19.77,-1.73,179.52,179.31,153.22,179.25,0.80,uptrend,0.83,0.82,true
2026-08-24,ITW,283.95,806026,48.95,14.93,280.03,299.73,281.04,301.92,-85.07,73,DoubleBottom|DoubleTop|DescendingScallop,129.85,HOLD,5.50,275.70,300.45,275.70,286.70,1.73,6.02,-4.29,289.88,286.06,277.99,265.47,0.67,uptrend,0.00,0.14,false
2026-08-24,JBHT,259.88,1266500,37.94,9.91,261.09,284.29,256.80,287.93,-90.09,73,HeadAndShoulders,150.00,HOLD,9.04,246.33,286.99,246.33,264.40,-3.33,-5.91,2.58,272.69,274.32,278.42,233.07,1.46,uptrend,0.00,0.42,false
2026-08-24,JBL,304.89,1063666,38.43,6.23,285.14,380.40,285.80,376.97,-93.77,73,HeadAndShoulders,199.01,HOLD,15.98,280.91,352.84,280.91,312.88,13.03,15.53,-2.49,332.77,332.82,339.84,288.53,0.99,uptrend,0.00,0.08,false
2026-08-24,JCI,142.99,2384890,42.04,13.47,138.47,158.70,136.24,157.06,-86.53,73,DoubleTop,121.55,HOLD,4.28,136.57,155.83,136.57,145.13,2.31,4.29,-1.98,148.59,147.44,145.18,133.80,0.65,uptrend,0.00,0.14,false
2026-08-24,JNJ,273.04,5411856,64.29,84.41,250.66,274.34,250.44,276.47,-15.59,73,BullishFlag|DoubleBottom|DoubleTop|ThreeRisingValleys|AscendingScallop|MeasuredMoveUp,607.18,HOLD,5.83,264.29,290.53,264.29,275.96,3.84,2.21,1.64,262.50,263.56,255.52,232.24,0.80,uptrend,0.00,0.49,false
2026-08-24,KLAC,181.57,9663565,38.68,13.35,171.81,212.21,169.81,214.80,-86.65,73,HeadAndShoulders,105.56,HOLD,11.35,164.55,215.62,164.55,187.24,-0.65,-5.94,5.29,192.01,196.45,218.88,168.83,0.84,uptrend,0.00,0.23,false
2026-08-24,KMB,111.37,2684825,55.58,76.08,106.47,113.24,105.77,115.47,-23.92,73,DoubleBottom,296.87,HOLD,2.74,107.26,119.58,107.26,112.74,-0.39,-0.01,-0.38,109.86,109.47,108.82,102.98,0.78,uptrend,0.00,0.34,false
2026-08-24,KVUE,19.43,16095934,56.04,74.29,18.65,19.79,18.65,20.05,-25.71,73,DoubleBottom,286.91,HOLD,0.42,18.80,20.69,18.80,19.64,-0.13,-0.02,-0.11,19.22,19.13,19.05,17.84,0.75,uptrend,0.00,0.34,false
2026-08-24,LH,339.34,466287,77.15,98.78,302.74,338.05,294.34,339.69,-1.22,73,ThreeRisingValleys|AscendingScallop,480.69,BUY,7.78,327.67,362.69,327.67,343.23,12.92,14.78,-1.86,320.40,319.19,293.74,272.30,0.68,uptrend,0.83,0.82,true
2026-08-24,LII,399.10,307784,29.48,6.98,370.19,487.96,394.80,553.38,-93.02,73,ThreeDescendingPeaks|DescendingScallop,200.00,SELL,15.67,422.61,352.09,422.61,391.26,-36.53,-48.42,11.89,429.07,436.42,499.27,502.40,0.48,downtrend,0.00,0.08,false
2026-08-24,LIN,490.03,2182504,47.71,64.98,466.79,509.42,466.88,522.00,-35.02,73,DoubleBottom|DescendingScallop,154.94,HOLD,9.67,475.52,519.05,475.52,494.87,-8.96,-12.37,3.42,488.10,489.50,507.16,477.60,0.95,uptrend,0.00,0.20,false
2026-08-24,LITE,830.17,3905688,49.57,21.24,639.39,1007.05,594.84,999.67,-78.76,73,HeadAndShoulders|AscendingScallop,139.80,HOLD,81.08,708.56,1073.40,708.56,870.71,60.16,50.13,10.03,823.22,843.41,813.22,655.83,0.73,uptrend,0.00,0.35,false
2026-08-24,LLY,1246.93,1661745,57.82,70.35,1115.23,1285.91,1109.15,1292.65,-29.65,73,ThreeRisingValleys|AscendingScallop,406.27,HOLD,41.15,1185.20,1370.39,1185.20,1267.51,27.94,11.05,16.88,1200.57,1211.11,1181.30,1054.68,0.58,uptrend,0.00,0.55,false
2026-08-24,LOW,216.98,2552842,51.10,34.30,209.82,224.01,206.02,225.79,-65.70,73,DoubleTop,105.00,HOLD,5.86,208.19,234.55,208.19,219.91,3.86,4.39,-0.53,216.91,216.45,215.84,237.41,0.87,downtrend,0.00,0.20,false
2026-08-24,LRCX,310.17,8343932,47.20,32.00,267.15,350.50,250.50,345.28,-68.00,73,HeadAndShoulders|AscendingScallop,119.57,HOLD,20.34,279.66,371.20,279.66,320.34,10.58,2.90,7.68,308.83,316.79,336.23,254.37,0.81,uptrend,0.00,0.49,false
2026-08-24,LULU,122.78,2725352,54.36,57.09,114.58,128.25,114.69,128.86,-42.91,73,DoubleBottom|DoubleTop|ThreeDescendingPeaks,85.00,HOLD,4.22,116.45,135.44,116.45,124.89,1.40,2.67,-1.28,121.42,120.24,117.65,155.08,1.05,downtrend,0.00,0.28,false
2026-08-24,MAA,133.16,682175,50.08,44.02,129.77,136.42,130.14,137.82,-55.98,73,DoubleBottom|DoubleTop,99.07,HOLD,2.48,129.44,140.61,129.44,134.40,-0.70,-0.39,-0.30,133.10,132.83,134.79,132.23,0.67,sideways,0.00,0.14,false
2026-08-24,MAS,73.21,1285484,44.07,14.39,70.34,79.33,70.93,83.64,-85.61,73,DescendingScallop,127.51,HOLD,2.28,69.78,80.06,69.78,74.35,-1.12,-1.28,0.17,74.83,74.91,76.58,69.12,0.46,uptrend,0.00,0.14,false
2026-08-24,MCHP,74.21,10300210,40.99,10.94,71.27,83.67,71.24,85.97,-89.06,73,ThreeDescendingPeaks,146.21,HOLD,3.81,68.49,85.65,68.49,76.12,0.43,-0.92,1.35,77.47,78.46,84.00,76.59,0.95,downtrend,0.00,0.08,false
2026-08-24,MCK,873.79,600462,55.71,48.12,828.70,902.90,810.88,912.50,-51.88,73,BearishFlag|DoubleTop|ThreeDescendingPeaks,56.00,HOLD,25.47,835.59,950.20,835.59,886.52,9.59,15.52,-5.93,865.80,857.35,822.98,840.84,0.58,uptrend,0.00,0.20,false
2026-08-24,MDLZ,64.70,7048703,61.64,82.00,60.93,65.02,60.65,66.65,-18.00,73,DoubleBottom|DoubleTop,273.03,HOLD,1.42,62.58,68.95,62.58,65.41,0.75,0.91,-0.16,62.98,62.87,61.35,58.85,0.84,uptrend,0.00,0.34,false
2026-08-24,MDT,92.90,5975633,66.31,81.35,83.60,94.96,83.84,94.72,-18.65,73,ThreeRisingValleys|AscendingScallop,433.30,HOLD,2.10,89.75,99.20,89.75,93.95,3.48,2.90,0.58,89.28,89.56,84.60,89.81,0.83,uptrend,0.00,0.35,false
2026-08-24,MKC,56.20,1921973,65.01,87.14,49.99,56.74,49.76,56.87,-12.86,73,ThreeRisingValleys|AscendingScallop,422.00,HOLD,1.52,53.93,60.75,53.93,56.96,1.59,0.89,0.70,53.37,53.83,51.65,57.61,0.70,downtrend,0.00,0.27,false
2026-08-24,MLM,533.11,431255,43.83,27.51,515.61,573.07,522.19,588.00,-72.49,73,DoubleBottom|BearishFlag|DescendingScallop,181.32,HOLD,14.77,510.95,577.42,510.95,540.50,-6.92,-8.26,1.35,544.34,543.74,567.41,604.93,0.69,downtrend,0.00,0.08,false
2026-08-24,MMM,179.01,2088107,56.24,16.35,175.82,185.11,173.96,184.90,-83.65,73,DoubleTop|HeadAndShoulders,62.53,HOLD,3.71,173.44,190.15,173.44,180.87,3.16,6.32,-3.16,180.46,178.30,169.54,160.60,0.71,uptrend,0.00,0.42,false
2026-08-24,MNST,48.92,11664971,42.85,7.72,19.12,113.41,45.05,99.29,-92.28,73,DescendingScallop,191.00,HOLD,9.69,34.38,78.00,34.38,53.77,-16.83,-10.89,-5.94,66.27,60.86,80.90,78.93,1.32,downtrend,0.00,0.08,false
2026-08-24,MPWR,1285.03,897489,42.51,14.07,1248.61,1450.63,1240.02,1568.21,-85.93,73,DoubleBottom,179.48,HOLD,74.16,1173.79,1507.52,1173.79,1322.11,8.49,15.00,-6.52,1349.62,1348.70,1373.52,1236.66,1.08,uptrend,0.00,0.08,false
2026-08-24,MRK,150.66,14977716,73.63,86.23,118.48,151.96,126.22,154.49,-13.77,73,ThreeRisingValleys|AscendingScallop,492.47,BUY,4.34,144.15,163.67,144.15,152.83,5.50,2.83,2.67,135.22,137.67,128.59,115.63,1.37,uptrend,0.83,0.77,true
2026-08-24,MRVL,229.29,18712071,52.93,54.25,168.94,255.91,162.90,252.52,-45.75,73,ThreeRisingValleys|AscendingScallop,331.58,HOLD,18.24,201.93,284.01,201.93,238.41,15.67,8.83,6.84,212.42,221.98,232.82,145.78,0.78,uptrend,0.50,0.75,true
2026-08-24,MSFT,487.31,16754809,64.01,27.77,415.42,540.58,388.74,513.73,-72.23,73,DoubleTop|ThreeDescendingPeaks|AscendingScallop,92.52,HOLD,12.07,469.20,523.53,469.20,493.35,33.25,45.09,-11.84,478.00,471.63,421.78,431.18,0.46,uptrend,0.00,0.62,true
2026-08-24,MTD,1398.89,164010,54.45,22.44,1377.56,1453.49,1358.58,1474.19,-77.56,73,DoubleBottom|DoubleTop,106.73,HOLD,37.60,1342.49,1511.69,1342.49,1417.69,26.76,46.43,-19.67,1415.52,1396.78,1321.04,1321.43,0.89,uptrend,0.00,0.29,false
2026-08-24,MU,910.43,29794356,48.50,39.89,769.96,1023.55,737.88,1036.13,-60.11,73,ThreeRisingValleys|AscendingScallop,264.84,HOLD,67.63,808.99,1113.31,808.99,944.24,26.28,2.80,23.48,896.75,926.62,962.88,574.56,0.78,uptrend,0.17,0.75,true
2026-08-24,NDSN,333.93,439627,73.33,87.03,288.39,332.37,292.97,338.55,-12.97,73,AscendingScallop,422.27,HOLD,7.42,322.80,356.19,322.80,337.64,9.27,8.63,0.64,310.38,312.19,299.55,275.09,1.05,uptrend,0.83,0.83,true
2026-08-24,NEM,131.84,6465899,76.08,93.93,85.08,137.40,88.98,133.72,-6.07,73,ThreeRisingValleys|AscendingScallop,465.86,HOLD,4.57,124.98,145.55,124.98,134.13,13.74,9.91,3.83,111.24,114.85,102.22,106.62,0.86,uptrend,0.00,0.55,false
2026-08-24,NKE,40.75,18808641,45.92,50.00,39.36,43.48,38.86,43.69,-50.00,73,DescendingScallop,149.48,HOLD,1.19,38.96,44.33,38.96,41.35,-0.82,-0.73,-0.09,41.42,41.24,42.39,52.51,0.78,downtrend,0.00,0.08,false
2026-08-24,NOW,128.05,8930312,61.80,83.85,108.19,133.94,106.05,131.18,-16.15,73,AscendingScallop,353.58,HOLD,6.00,119.05,146.05,119.05,131.05,9.41,9.00,0.41,121.07,120.84,109.42,120.06,0.44,uptrend,0.83,0.69,true
2026-08-24,NSC,352.98,1277993,67.39,94.33,328.57,350.71,328.78,354.24,-5.67,73,DoubleBottom|DoubleTop|AscendingScallop|MeasuredMoveUp,557.87,BUY,6.81,342.76,373.41,342.76,356.39,0.84,0.69,0.15,339.64,340.47,329.07,306.40,1.03,uptrend,1.00,0.69,true
2026-08-24,NTAP,186.86,2276388,50.28,23.34,170.39,212.39,163.68,209.06,-76.66,73,HeadAndShoulders|AscendingScallop,120.00,HOLD,7.39,175.77,209.04,175.77,190.56,12.49,13.68,-1.18,191.39,190.22,173.63,127.24,0.90,uptrend,0.00,0.63,true
2026-08-24,NUE,244.64,1459233,40.98,14.51,240.91,285.55,238.62,280.11,-85.49,73,DoubleTop,153.22,HOLD,9.79,229.95,274.01,229.95,249.54,4.48,12.60,-8.12,263.23,256.64,247.82,201.11,0.88,uptrend,0.00,0.63,true
2026-08-24,NVDA,208.48,134405887,44.65,5.40,192.83,234.72,190.01,227.92,-94.60,73,DoubleTop|HeadAndShoulders|AscendingScallop,42.17,HOLD,6.40,198.88,227.69,198.88,211.68,7.73,6.96,0.77,213.78,214.79,207.65,195.34,1.16,uptrend,0.00,0.15,false
2026-08-24,NXPI,222.44,2967530,34.45,18.20,216.57,250.12,217.98,266.17,-81.80,73,DoubleBottom|DescendingScallop,175.00,HOLD,9.13,208.74,249.83,208.74,227.01,-11.67,-16.99,5.33,233.35,236.84,264.78,242.68,0.69,downtrend,0.00,0.08,false
2026-08-24,ODFL,201.48,1527594,35.58,10.34,200.60,224.04,199.35,230.80,-89.66,73,DescendingScallop,150.00,HOLD,6.92,191.10,222.24,191.10,204.94,-7.19,-8.09,0.90,212.32,212.23,220.38,194.00,0.88,uptrend,0.00,0.14,false
2026-08-24,ON,71.93,8487500,33.16,6.90,73.08,86.41,70.92,86.88,-93.10,73,DoubleTop|DescendingScallop,175.00,HOLD,4.34,65.42,84.94,65.42,74.10,-2.81,-3.89,1.09,79.74,80.60,91.89,77.22,0.86,downtrend,0.00,0.08,false
2026-08-24,ORCL,142.45,14120539,49.04,23.00,121.83,162.01,114.50,159.26,-77.00,73,HeadAndShoulders|AscendingScallop|MeasuredMoveDown,170.00,HOLD,6.92,132.07,163.21,132.07,145.91,10.10,10.39,-0.29,141.92,143.18,144.59,172.55,0.51,downtrend,0.00,0.20,false
2026-08-24,ORLY,90.68,3943474,51.62,50.36,87.88,94.32,86.13,94.12,-49.64,73,DoubleBottom|DoubleTop,106.00,HOLD,2.41,87.06,97.91,87.06,91.89,1.06,2.19,-1.13,91.10,90.43,89.01,92.59,0.69,downtrend,0.00,0.08,false
2026-08-24,OTIS,72.19,2609002,49.12,41.87,70.47,74.65,70.31,75.32,-58.13,73,DoubleBottom|DoubleTop,156.21,HOLD,1.56,69.86,76.86,69.86,72.97,-0.10,0.10,-0.20,72.56,72.28,72.55,80.83,0.82,downtrend,0.00,0.08,false
2026-08-24,PANW,350.90,5426403,48.50,14.12,314.03,405.39,308.54,398.88,-85.88,73,HeadAndShoulders|AscendingScallop|MeasuredMoveDown,45.29,HOLD,15.07,328.29,396.12,328.29,358.44,18.98,17.29,1.69,359.71,359.30,337.27,226.68,0.96,uptrend,0.00,0.63,true
2026-08-24,PEP,144.67,5976609,61.89,86.59,136.39,144.46,136.73,145.90,-13.41,73,DoubleBottom|DoubleTop,335.98,HOLD,2.66,140.67,152.66,140.67,146.00,1.08,0.87,0.21,140.43,140.61,140.07,148.96,0.87,downtrend,0.00,0.27,false
2026-08-24,PG,146.60,6983878,52.61,70.13,142.14,148.44,140.20,153.68,-29.87,73,DoubleBottom,270.27,HOLD,2.79,142.41,154.98,142.41,148.00,-1.34,-1.39,0.05,145.29,145.38,147.58,147.63,0.72,downtrend,0.00,0.20,false
2026-08-24,PHM,129.61,1100663,50.96,46.07,125.78,134.47,125.98,136.22,-53.93,73,DoubleBottom|DescendingScallop,100.67,HOLD,3.93,123.71,141.41,123.71,131.58,0.47,1.47,-1.00,130.13,129.28,128.89,124.88,0.77,uptrend,0.00,0.08,false
2026-08-24,PKG,248.88,560367,50.78,11.83,246.47,259.22,243.26,259.98,-88.17,73,DoubleBottom|DoubleTop|HeadAndShoulders,83.86,HOLD,6.01,239.86,266.92,239.86,251.89,4.38,8.06,-3.68,252.85,250.25,241.22,221.44,1.03,uptrend,0.00,0.35,false
2026-08-24,PLD,143.36,2897583,53.75,97.62,136.93,146.64,137.22,149.16,-2.38,73,DoubleBottom|DescendingScallop|MeasuredMoveUp,363.63,HOLD,2.49,139.62,150.84,139.62,144.61,-2.23,-2.71,0.48,141.78,141.85,142.77,136.62,0.62,uptrend,0.00,0.26,false
2026-08-24,PNR,63.31,2032621,40.11,1.86,62.63,69.95,63.17,70.97,-98.14,73,DoubleBottom|ThreeDescendingPeaks|DescendingScallop,280.00,SELL,2.16,66.56,56.82,66.56,62.23,0.12,0.66,-0.54,66.29,65.88,69.43,87.77,0.70,downtrend,0.00,0.08,false
2026-08-24,PODD,145.42,1568481,44.53,66.11,128.10,174.05,126.40,172.92,-33.89,73,DescendingScallop,146.49,HOLD,7.15,134.70,166.86,134.70,148.99,-8.50,-8.20,-0.30,151.07,149.68,154.37,218.28,0.89,downtrend,0.00,0.08,false
2026-08-24,PPG,113.23,1113306,45.67,21.85,109.70,119.88,109.54,123.45,-78.15,73,DoubleBottom|ThreeDescendingPeaks|DescendingScallop,144.90,HOLD,2.87,108.92,121.84,108.92,114.67,-0.58,-0.22,-0.37,114.79,114.70,117.08,110.65,0.63,uptrend,0.00,0.08,false
2026-08-24,PTC,154.31,901277,67.02,90.85,130.25,160.78,126.82,156.03,-9.15,73,DoubleTop|AscendingScallop,291.29,HOLD,5.18,146.54,169.85,146.54,156.90,11.23,11.57,-0.34,145.52,145.20,129.78,149.89,0.63,uptrend,0.00,0.27,false
2026-08-24,PWR,616.78,1599783,39.70,5.91,590.40,734.92,554.12,724.80,-94.09,73,HeadAndShoulders|AscendingScallop|MeasuredMoveDown,167.59,HOLD,30.02,571.76,706.83,571.76,631.79,14.73,19.62,-4.88,662.66,663.74,670.43,580.13,1.25,uptrend,0.00,0.14,false
2026-08-24,QCOM,158.53,10497754,41.52,24.25,150.16,169.90,142.89,168.87,-75.75,73,DoubleTop|DescendingScallop,90.00,HOLD,6.83,148.28,179.02,148.28,161.95,-0.07,-4.07,4.01,160.03,163.51,177.64,168.15,0.94,downtrend,0.00,0.08,false
2026-08-24,RDDT,152.70,3522872,43.65,21.50,138.81,180.49,135.22,185.91,-78.50,73,DoubleTop|HeadAndShoulders,141.38,HOLD,10.59,136.81,184.47,136.81,158.00,-5.28,-10.43,5.15,159.65,160.88,172.60,176.42,0.39,downtrend,0.00,0.34,false
2026-08-24,REGN,828.50,671968,73.45,78.03,704.37,865.15,676.46,847.00,-21.97,73,ThreeRisingValleys|AscendingScallop,426.52,HOLD,19.63,799.06,887.39,799.06,838.31,55.43,56.93,-1.50,784.76,783.98,700.61,725.45,0.82,uptrend,0.00,0.55,false
2026-08-24,RL,370.82,570755,40.46,11.27,364.47,403.37,365.69,411.19,-88.73,73,DoubleBottom|DoubleTop|InvertedCupWithHandle|ThreeDescendingPeaks,186.39,HOLD,11.93,352.93,406.60,352.93,376.78,2.66,4.63,-1.97,383.92,382.14,389.59,365.24,0.93,uptrend,0.00,0.08,false
2026-08-24,RMD,232.45,1113366,64.16,94.74,206.76,235.82,202.00,234.14,-5.26,73,ThreeRisingValleys|AscendingScallop,436.38,HOLD,6.89,222.11,253.13,222.11,235.90,9.27,10.46,-1.19,221.29,221.06,207.74,229.06,0.74,uptrend,0.00,0.27,false
2026-08-24,ROK,429.69,602336,39.14,8.10,418.16,479.74,426.98,489.35,-91.90,73,DoubleBottom|ThreeDescendingPeaks|DescendingScallop,166.00,HOLD,12.66,410.70,467.67,410.70,436.02,-11.96,-9.03,-2.94,448.95,445.59,460.64,418.33,0.68,uptrend,0.00,0.28,false
2026-08-24,ROL,37.26,3391264,39.28,70.44,35.45,39.00,35.83,40.15,-29.56,73,DoubleBottom|DescendingScallop,118.73,HOLD,1.00,35.75,40.27,35.75,37.76,-1.55,-2.42,0.87,37.23,37.73,41.16,53.28,0.65,downtrend,0.00,0.08,false
2026-08-24,ROP,415.51,619280,67.59,89.52,383.75,414.64,381.28,418.75,-10.48,73,DoubleBottom|AscendingScallop,435.48,BUY,11.62,398.08,450.36,398.08,421.32,12.55,16.06,-3.52,399.19,395.63,368.47,377.42,0.80,uptrend,0.83,0.76,true
2026-08-24,ROST,241.52,2594943,51.11,47.43,231.16,262.28,228.05,257.00,-52.57,73,DoubleTop,61.90,HOLD,6.35,231.99,260.58,231.99,244.70,-1.54,5.21,-6.76,246.72,241.34,234.52,209.45,0.94,uptrend,0.00,0.35,false
2026-08-24,RSG,223.08,1362344,63.91,94.08,206.03,223.59,204.80,224.23,-5.92,73,DoubleTop|ThreeRisingValleys|AscendingScallop,405.76,HOLD,4.25,216.71,235.83,216.71,225.20,1.73,-1.83,3.55,214.81,216.69,215.17,214.30,0.96,uptrend,0.00,0.34,false
2026-08-24,RVTY,123.00,1505356,64.27,86.09,108.77,123.90,107.73,124.97,-13.91,73,AscendingScallop,395.11,BUY,3.93,117.10,134.79,117.10,124.97,3.48,2.56,0.93,116.33,117.03,111.61,100.73,0.93,uptrend,0.83,0.82,true
2026-08-24,SHW,346.73,1389463,49.24,19.68,337.45,372.50,337.48,372.16,-80.32,73,DoubleBottom|BearishFlag|DoubleTop|ThreeDescendingPeaks|DescendingScallop,106.32,HOLD,8.97,333.27,373.64,333.27,351.22,8.76,14.22,-5.46,354.98,349.96,340.04,334.08,0.73,uptrend,0.00,0.08,false
2026-08-24,SLB,54.00,14020584,61.69,87.58,48.14,55.55,48.30,54.58,-12.42,73,ThreeRisingValleys|AscendingScallop,471.79,HOLD,1.46,51.80,58.39,51.80,54.73,2.05,1.86,0.19,51.85,52.15,49.62,48.16,1.40,uptrend,0.00,0.35,false
2026-08-24,SMCI,35.17,39804131,55.09,44.99,24.48,41.75,25.68,42.31,-55.01,73,ThreeRisingValleys|AscendingScallop,282.37,HOLD,2.52,31.40,42.72,31.40,36.43,3.95,3.08,0.87,33.11,34.13,30.55,31.39,0.72,uptrend,0.00,0.27,false
2026-08-24,SNDK,1493.12,13930510,49.65,49.64,993.04,1790.71,998.19,1827.99,-50.36,73,ThreeRisingValleys|AscendingScallop,287.59,HOLD,156.26,1258.72,1961.91,1258.72,1571.25,79.00,-21.11,100.11,1391.88,1496.95,1646.41,945.71,0.83,uptrend,0.17,0.75,true
2026-08-24,SNPS,394.51,1478117,41.69,16.99,374.47,426.99,370.20,425.78,-83.01,73,DoubleTop|HeadAndShoulders|CupWithHandle|AscendingScallop,125.64,HOLD,12.23,376.16,431.20,376.16,400.63,11.79,7.22,4.57,400.73,404.18,418.85,446.00,0.98,downtrend,0.00,0.08,false
2026-08-24,STE,237.87,360952,61.74,86.89,228.14,240.45,214.54,241.39,-13.11,73,DoubleTop|HeadAndShoulders|AscendingScallop,195.74,HOLD,5.62,229.44,254.74,229.44,240.68,6.47,8.31,-1.83,234.30,232.19,220.51,234.17,0.49,uptrend,0.00,0.27,false
2026-08-24,STLD,229.27,2077443,38.18,20.33,224.88,280.81,218.02,273.36,-79.67,73,DoubleTop,136.73,HOLD,10.58,213.40,261.00,213.40,234.56,-0.73,7.93,-8.65,252.85,245.86,245.89,206.55,1.65,uptrend,0.00,0.22,false
2026-08-24,STX,794.65,3199686,43.24,13.03,731.46,970.51,698.99,1013.99,-86.97,73,AscendingScallop,131.00,HOLD,70.02,689.62,1004.71,689.62,829.66,15.43,13.13,2.30,850.99,861.43,889.97,568.59,0.62,uptrend,0.00,0.63,true
2026-08-24,SWKS,66.86,3635959,51.20,34.62,61.15,72.35,57.50,70.75,-65.38,73,DoubleTop|AscendingScallop,149.38,HOLD,2.82,62.62,75.33,62.62,68.27,2.96,3.45,-0.50,66.75,66.82,65.62,63.90,0.63,uptrend,0.00,0.20,false
2026-08-24,SYK,327.81,1878071,46.38,14.78,323.35,353.92,317.62,352.49,-85.22,73,DoubleBottom|DoubleTop|HeadAndShoulders,141.32,HOLD,10.18,312.53,358.36,312.53,332.90,2.70,6.27,-3.57,338.64,334.18,327.04,340.31,0.77,downtrend,0.00,0.08,false
2026-08-24,TECH,72.39,1548861,68.41,68.49,71.89,72.49,71.76,72.62,-31.51,73,DoubleBottom|DoubleTop|HeadAndShoulders,199.86,HOLD,0.43,71.75,73.67,71.75,72.60,0.22,0.23,-0.01,72.19,71.89,69.23,60.41,0.44,uptrend,0.00,0.82,true
2026-08-24,TEL,202.41,1705295,43.08,13.14,198.67,222.86,199.45,221.98,-86.86,73,DoubleBottom|DoubleTop,207.11,SELL,6.40,212.01,183.20,212.01,199.21,1.46,4.45,-2.99,210.76,208.36,206.42,217.91,0.78,downtrend,0.00,0.08,false
2026-08-24,TER,364.90,2661317,45.87,16.70,323.91,438.47,301.00,444.17,-83.30,73,FallingWedge|AscendingScallop,186.16,HOLD,28.65,321.92,450.86,321.92,379.23,16.88,21.10,-4.22,381.19,383.66,385.70,308.41,0.76,uptrend,0.00,0.23,false
2026-08-24,TGT,169.89,6143195,78.97,96.59,138.92,165.63,141.05,170.75,-3.41,73,AscendingScallop,458.58,BUY,5.00,162.38,184.90,162.38,172.39,7.21,6.25,0.96,152.27,153.05,141.67,119.22,1.33,uptrend,1.00,0.90,true
2026-08-24,TJX,140.71,7290285,25.92,6.56,139.79,168.07,139.18,163.04,-93.44,73,ThreeDescendingPeaks|DescendingScallop,191.00,HOLD,3.50,135.46,151.21,135.46,142.46,-3.97,-0.15,-3.82,153.93,150.80,155.46,155.22,1.15,downtrend,0.00,0.08,false
2026-08-24,TMO,628.74,1727016,74.26,91.52,554.74,631.27,560.42,634.70,-8.48,73,AscendingScallop,436.36,BUY,15.87,604.94,676.35,604.94,636.67,22.79,21.97,0.83,593.01,592.59,544.74,534.12,0.92,uptrend,1.00,0.82,true
2026-08-24,TPL,373.45,347606,48.26,61.85,333.30,411.22,335.10,411.46,-38.15,73,DoubleBottom|DescendingScallop,160.66,HOLD,18.28,346.03,428.29,346.03,382.59,-21.62,-22.97,1.34,372.26,374.31,387.73,389.79,0.82,downtrend,0.00,0.20,false
2026-08-24,TPR,132.16,3902367,37.67,15.57,119.22,173.05,126.14,164.80,-84.43,73,DoubleTop,175.21,HOLD,5.32,124.17,148.13,124.17,134.82,-5.01,2.19,-7.21,146.13,140.69,144.97,137.38,1.21,downtrend,0.00,0.08,false
2026-08-24,TRMB,60.67,2534769,63.25,81.76,55.63,60.87,54.71,62.00,-18.24,73,DoubleBottom|HeadAndShoulders,247.48,HOLD,2.08,57.55,66.92,57.55,61.71,1.44,2.17,-0.73,58.25,57.70,54.24,65.66,0.89,downtrend,0.00,0.20,false
2026-08-24,TSCO,35.92,9423336,65.17,75.06,30.25,37.74,29.46,36.89,-24.94,73,AscendingScallop,326.81,HOLD,1.16,34.19,39.39,34.19,36.50,2.14,1.98,0.16,33.99,34.18,31.92,42.78,0.82,downtrend,0.00,0.20,false
2026-08-24,TSLA,348.95,39022052,51.35,65.57,298.26,362.00,297.38,366.50,-34.43,73,ThreeRisingValleys|AscendingScallop,327.14,HOLD,13.94,328.04,390.77,328.04,355.92,7.17,-9.74,16.91,330.13,342.75,364.85,402.84,1.12,downtrend,0.00,0.28,false
2026-08-24,TT,452.96,1256795,40.02,16.56,439.97,493.94,439.82,493.71,-83.44,73,DoubleBottom|DoubleTop|CupWithHandle,189.25,HOLD,12.41,434.35,490.18,434.35,459.16,0.25,0.75,-0.50,466.96,467.01,473.94,443.35,1.06,uptrend,0.00,0.14,false
2026-08-24,TTD,13.27,14512687,32.33,6.55,10.62,20.55,12.83,19.55,-93.45,73,DoubleBottom|ThreeDescendingPeaks|DescendingScallop|DiamondBottom,216.00,SELL,0.90,14.62,10.58,14.62,12.82,-2.49,-1.68,-0.81,15.58,15.03,17.39,26.37,0.47,downtrend,0.00,0.08,false
2026-08-24,TXN,258.94,6417216,36.18,10.81,261.13,288.92,255.22,289.62,-89.19,73,DoubleTop|MeasuredMoveDown,147.69,HOLD,10.48,243.22,290.39,243.22,264.18,-3.39,-4.69,1.29,275.03,275.27,289.39,234.97,0.94,uptrend,0.00,0.15,false
2026-08-24,TYL,355.79,720674,67.39,93.01,295.57,355.94,299.73,360.00,-6.99,73,ThreeRisingValleys|AscendingScallop,430.91,HOLD,13.73,335.20,396.98,335.20,362.65,12.02,6.08,5.95,325.75,328.46,310.41,361.92,0.83,downtrend,0.00,0.42,false
2026-08-24,UBER,79.29,11936387,62.96,93.10,67.56,81.25,66.74,80.22,-6.90,73,AscendingScallop,375.20,HOLD,2.66,75.31,87.26,75.31,80.62,3.65,1.92,1.74,74.40,75.32,73.11,77.02,0.61,uptrend,0.00,0.42,false
2026-08-24,ULTA,538.76,607568,58.43,62.01,491.39,560.84,486.26,566.73,-37.99,73,DoubleBottom|ThreeDescendingPeaks|AscendingScallop,234.05,HOLD,17.18,512.99,590.30,512.99,547.35,11.17,22.12,-10.95,526.12,518.59,491.77,555.31,1.05,downtrend,0.00,0.28,false
2026-08-24,UNP,309.86,2265692,68.41,93.73,285.73,307.52,284.79,311.17,-6.27,73,DoubleBottom|AscendingScallop,495.08,BUY,6.28,300.44,328.69,300.44,313.00,1.68,-0.01,1.69,296.62,298.11,287.05,256.78,0.85,uptrend,1.00,0.75,true
2026-08-24,UPS,102.72,4254613,41.48,17.34,100.66,108.16,101.34,109.42,-82.66,73,DoubleBottom|ThreeDescendingPeaks|DescendingScallop,154.94,HOLD,2.36,99.19,109.79,99.19,103.90,-3.27,-4.00,0.73,104.41,104.91,108.28,104.47,0.79,downtrend,0.00,0.08,false
2026-08-24,URI,1083.56,401931,44.49,1.37,1053.77,1187.05,1052.32,1179.18,-98.63,73,FallingWedge|DoubleTop,135.23,HOLD,32.46,1034.87,1180.93,1034.87,1099.79,16.21,29.66,-13.45,1120.41,1114.35,1098.52,919.38,0.90,uptrend,0.00,0.63,true
2026-08-24,VLTO,99.37,1871359,60.67,68.89,94.25,100.59,92.36,102.25,-31.11,73,DoubleTop,169.86,HOLD,2.24,96.00,106.10,96.00,100.49,1.80,1.99,-0.18,97.42,97.00,92.70,93.46,1.17,uptrend,0.00,0.62,true
2026-08-24,VMC,275.94,825854,45.79,30.10,267.89,291.68,266.68,300.63,-69.90,73,DoubleBottom|BearishFlag|DescendingScallop,153.63,HOLD,7.48,264.73,298.37,264.73,279.68,-0.74,-1.09,0.34,279.79,279.47,288.22,289.26,0.80,downtrend,0.00,0.08,false
2026-08-24,VRSN,290.79,640167,57.30,62.49,271.32,302.14,271.10,303.00,-37.51,73,ThreeDescendingPeaks,123.18,HOLD,8.69,277.75,316.85,277.75,295.13,0.52,6.03,-5.51,286.73,282.38,273.59,259.75,0.84,uptrend,0.00,0.62,true
2026-08-24,VRT,254.97,3972513,39.71,9.90,229.81,305.07,220.92,300.30,-90.10,73,HeadAndShoulders,77.08,HOLD,16.41,230.35,304.21,230.35,263.18,0.93,-5.95,6.88,267.44,274.34,293.03,253.54,0.61,uptrend,0.00,0.08,false
2026-08-24,VRTX,547.59,766897,66.79,89.87,456.51,561.49,465.51,555.32,-10.13,73,DoubleTop|ThreeRisingValleys|AscendingScallop,406.95,BUY,15.46,524.40,593.97,524.40,555.32,25.72,14.82,10.91,509.00,516.52,492.91,460.60,0.59,uptrend,0.83,0.76,true
2026-08-24,WAB,297.62,636765,58.27,54.06,288.80,303.16,287.75,306.64,-45.94,73,DoubleBottom|DoubleTop|HeadAndShoulders,91.20,HOLD,6.48,287.90,317.05,287.90,300.86,2.42,7.59,-5.17,295.98,293.14,280.58,250.51,0.67,uptrend,0.00,0.67,true
2026-08-24,WAT,410.75,600289,59.44,66.70,373.38,428.42,370.40,421.74,-33.30,73,AscendingScallop,322.28,BUY,12.56,391.91,448.43,391.91,417.03,16.61,15.57,1.04,400.90,401.31,382.26,359.18,0.68,uptrend,0.83,0.69,true
2026-08-24,WDAY,199.15,3100744,66.15,56.02,150.93,211.63,149.54,227.49,-43.98,73,ThreeRisingValleys|AscendingScallop,350.90,BUY,10.38,183.58,230.29,183.58,204.34,20.42,18.77,1.65,181.28,181.68,151.85,161.48,0.61,uptrend,0.50,0.75,true
2026-08-24,WELL,240.01,1674913,57.35,84.45,228.22,243.18,224.97,255.20,-15.55,73,DoubleBottom,338.75,HOLD,4.93,232.61,254.81,232.61,242.48,-3.26,-3.96,0.70,235.70,236.23,232.61,208.75,0.54,uptrend,0.00,0.54,false
2026-08-24,WM,226.46,1606753,48.07,45.22,218.99,234.83,222.16,243.61,-54.78,73,DoubleBottom|DescendingScallop,121.53,HOLD,4.27,220.05,239.28,220.05,228.60,-3.90,-4.90,1.00,226.91,226.84,228.03,224.48,0.78,sideways,0.00,0.14,false
2026-08-24,WSM,237.77,1023936,50.72,20.59,229.00,254.35,228.52,254.89,-79.41,73,BearishFlag|DoubleTop|HeadAndShoulders,85.37,HOLD,6.63,227.82,257.66,227.82,241.09,5.44,8.89,-3.46,241.67,239.07,232.42,202.61,1.16,uptrend,0.00,0.63,true
2026-08-24,WST,353.32,472559,55.58,58.54,337.51,358.78,330.41,360.29,-41.46,73,DoubleTop|AscendingScallop,235.43,HOLD,8.36,340.78,378.41,340.78,357.50,2.97,0.17,2.80,348.15,349.82,348.27,290.53,0.84,uptrend,0.83,0.82,true
2026-08-24,WY,24.39,4323674,48.58,34.02,23.53,26.04,23.16,26.00,-65.98,73,DoubleBottom|BearishFlag|DoubleTop|InvertedCupWithHandle|ThreeDescendingPeaks,67.37,HOLD,0.64,23.43,26.31,23.43,24.71,0.09,0.46,-0.37,24.79,24.55,24.35,24.22,0.77,uptrend,0.00,0.14,false
2026-08-24,XOM,164.05,10341598,64.88,73.76,149.80,167.78,149.09,168.64,-26.24,73,ThreeRisingValleys|AscendingScallop,455.90,HOLD,3.61,158.64,174.87,158.64,165.85,3.86,3.60,0.26,158.79,159.22,149.31,142.81,0.73,uptrend,0.00,0.34,false
2026-08-24,XYL,114.18,1598910,41.35,14.61,112.18,125.86,112.50,127.16,-85.39,73,DescendingScallop,211.86,SELL,2.95,118.61,105.33,118.61,112.70,-0.94,-0.21,-0.73,119.02,117.74,117.90,125.98,0.90,downtrend,0.00,0.08,false
2026-08-24,ZBRA,363.30,637873,64.55,36.07,277.37,422.61,263.08,386.23,-63.93,73,DoubleTop|AscendingScallop,197.36,HOLD,13.25,343.42,403.06,343.42,369.93,41.70,47.20,-5.50,349.99,347.21,293.70,252.56,0.71,uptrend,0.00,0.75,true
2026-08-25,A,154.77,2424240,66.73,72.95,134.65,159.84,135.78,160.51,-27.05,74,ThreeRisingValleys|AscendingScallop,448.49,HOLD,4.14,148.57,167.18,148.57,156.84,6.75,5.68,1.08,147.24,148.27,138.50,131.38,1.31,uptrend,0.83,0.83,true
2026-08-25,AAPL,309.90,25666176,47.82,47.34,293.85,329.15,300.00,344.57,-52.66,74,DoubleBottom|DescendingScallop,115.40,HOLD,7.23,299.05,331.59,299.05,313.52,-7.64,-9.38,1.74,311.50,311.69,310.88,281.90,0.50,uptrend,0.00,0.23,false
2026-08-25,ABBV,265.79,3669103,64.56,95.42,238.06,269.54,241.20,267.47,-4.58,74,DoubleBottom|DoubleTop|ThreeRisingValleys|MeasuredMoveUp,483.25,BUY,5.86,257.01,283.36,257.01,268.72,1.93,-1.59,3.52,253.80,256.14,249.54,227.05,0.71,uptrend,0.83,0.76,true
2026-08-25,ABT,116.13,7503079,75.29,89.73,102.93,117.69,102.89,117.34,-10.27,74,ThreeRisingValleys|AscendingScallop,442.76,BUY,2.50,112.38,123.63,112.38,117.38,4.20,4.30,-0.10,110.31,110.38,101.04,106.99,0.94,uptrend,0.83,0.56,true
2026-08-25,ACN,186.93,4071312,68.03,95.05,162.05,189.53,157.76,188.45,-4.95,74,ThreeRisingValleys|AscendingScallop,419.64,HOLD,7.64,175.48,209.84,175.48,190.75,10.70,13.01,-2.31,175.79,174.35,154.06,205.16,0.67,downtrend,0.00,0.27,false
2026-08-25,ADBE,273.92,3131003,61.12,81.96,246.62,280.65,241.23,279.00,-18.04,74,AscendingScallop,338.42,HOLD,10.42,258.29,305.18,258.29,279.13,12.63,14.41,-1.78,263.63,261.65,235.30,269.83,0.67,uptrend,0.00,0.42,false
2026-08-25,ADI,373.66,2936990,46.06,32.69,357.40,395.31,352.73,396.95,-67.31,74,DoubleTop|HeadAndShoulders|AscendingScallop,69.54,HOLD,12.84,354.40,412.17,354.40,380.08,2.98,2.62,0.36,376.36,377.85,386.91,343.15,0.75,uptrend,0.00,0.08,false
2026-08-25,ADM,79.16,4181322,46.05,42.01,76.81,82.69,75.77,84.16,-57.99,74,DoubleBottom|DoubleTop,85.81,HOLD,2.54,75.35,86.78,75.35,80.43,-0.62,-1.83,1.21,79.75,80.32,80.00,71.12,1.01,uptrend,0.00,0.35,false
2026-08-25,ADSK,251.21,1760959,59.18,62.60,232.15,261.34,227.99,260.74,-37.40,74,DoubleTop|HeadAndShoulders|ThreeRisingValleys|AscendingScallop,184.74,HOLD,8.96,237.77,278.10,237.77,255.69,11.88,14.15,-2.26,246.75,244.40,221.80,248.97,0.99,uptrend,0.00,0.35,false
2026-08-25,AKAM,105.74,2977828,36.85,7.23,103.58,128.34,104.08,127.04,-92.77,74,DoubleTop,215.00,SELL,5.60,114.15,88.93,114.15,102.94,-0.52,-0.06,-0.46,115.96,115.20,118.64,108.73,0.84,downtrend,0.00,0.08,false
2026-08-25,ALB,133.18,2267398,52.35,46.98,112.49,144.79,112.22,144.06,-53.02,74,ThreeRisingValleys|AscendingScallop,273.88,HOLD,5.73,124.58,150.38,124.58,136.05,8.28,5.84,2.44,128.64,131.50,131.64,155.47,0.97,downtrend,0.00,0.20,false
2026-08-25,ALGN,159.61,811557,39.05,9.39,157.52,183.46,157.27,187.96,-90.61,74,HeadAndShoulders|DescendingScallop,201.67,SELL,6.47,169.32,140.19,169.32,156.37,-2.10,-1.08,-1.02,170.49,168.64,174.08,169.72,0.86,downtrend,0.00,0.08,false
2026-08-25,ALLE,160.37,1016521,53.74,4.98,156.07,170.81,153.39,170.87,-95.02,74,DoubleTop,98.12,HOLD,4.11,154.21,172.70,154.21,162.42,3.07,8.10,-5.02,163.44,160.55,148.93,151.43,0.92,uptrend,0.00,0.42,false
2026-08-25,AMAT,480.04,5027910,40.98,7.07,459.68,565.10,436.33,563.76,-92.93,74,DoubleTop|AscendingScallop,171.69,HOLD,30.35,434.51,571.10,434.51,495.22,-6.29,-4.96,-1.34,512.39,514.19,557.60,397.98,0.64,uptrend,0.00,0.50,false
2026-08-25,AMD,479.18,18912693,48.01,42.47,442.71,518.16,424.03,530.13,-57.53,74,AscendingScallop,151.95,HOLD,27.73,437.58,562.37,437.58,493.05,-9.13,-11.28,2.15,480.43,484.39,508.95,332.01,0.76,uptrend,0.00,0.63,true
2026-08-25,ANET,190.94,4383641,53.30,28.34,167.46,212.37,156.84,214.89,-71.66,74,DoubleTop|ThreeDescendingPeaks|AscendingScallop,61.21,HOLD,8.88,177.63,217.57,177.63,195.38,8.50,10.53,-2.03,189.91,188.82,178.54,149.49,0.55,uptrend,0.00,0.63,true
2026-08-25,AOS,62.15,1323053,50.83,42.29,59.99,64.61,58.86,64.77,-57.71,74,DoubleTop,110.00,HOLD,1.71,59.58,67.29,59.58,63.01,0.53,0.99,-0.46,62.30,62.18,61.15,65.41,0.85,downtrend,0.00,0.20,false
2026-08-25,APD,303.85,832143,53.70,51.64,291.75,311.68,288.00,311.51,-48.36,74,DoubleTop|AscendingScallop,190.38,HOLD,6.70,293.79,323.96,293.79,307.20,4.70,3.74,0.96,301.72,302.03,296.17,280.64,0.83,uptrend,0.00,0.34,false
2026-08-25,AVGO,356.74,17929510,34.75,1.83,345.96,441.30,355.32,432.73,-98.17,74,DoubleTop|ThreeDescendingPeaks|DescendingScallop,195.00,HOLD,14.37,335.19,399.85,335.19,363.92,-4.74,8.36,-13.11,393.63,384.91,387.46,369.22,0.90,downtrend,0.00,0.08,false
2026-08-25,AVY,179.95,692790,58.90,57.58,168.48,186.48,165.39,187.91,-42.42,74,DoubleTop|ThreeRisingValleys|AscendingScallop,235.99,HOLD,5.14,172.23,195.38,172.23,182.52,6.95,7.89,-0.93,177.48,176.93,167.58,172.99,0.82,uptrend,0.00,0.20,false
2026-08-25,AZO,3027.34,266312,48.84,48.27,2948.32,3131.11,2903.57,3172.07,-51.73,74,DoubleBottom|DoubleTop,141.64,HOLD,84.83,2900.09,3281.83,2900.09,3069.76,-3.87,10.02,-13.90,3039.71,3031.73,3051.60,3413.75,1.31,downtrend,0.00,0.08,false
2026-08-25,BBY,85.29,4189465,51.41,55.86,80.68,90.24,79.00,91.27,-44.14,74,DoubleTop|ThreeRisingValleys|DescendingScallop,108.54,HOLD,2.79,81.10,93.67,81.10,86.69,-0.18,-0.75,0.57,85.46,85.37,82.53,71.15,1.27,uptrend,0.00,0.63,true
2026-08-25,BDX,189.78,1207506,73.26,83.80,162.84,195.66,162.45,193.07,-16.20,74,ThreeRisingValleys|AscendingScallop,476.08,HOLD,4.40,183.19,202.97,183.19,191.98,10.95,10.68,0.27,179.25,179.60,163.14,158.16,0.64,uptrend,0.83,0.56,true
2026-08-25,BIIB,220.77,495414,62.10,90.48,199.41,221.08,199.58,222.85,-9.52,74,DoubleBottom|DoubleTop,330.00,BUY,6.22,211.44,239.43,211.44,223.88,4.56,3.30,1.26,210.24,211.45,206.05,188.67,0.56,uptrend,0.83,0.56,true
2026-08-25,BKNG,213.78,5530479,64.26,78.71,191.81,222.12,190.15,216.42,-21.29,74,DoubleTop|AscendingScallop,294.28,BUY,6.42,204.15,233.05,204.15,216.99,10.07,12.16,-2.09,206.96,205.58,190.03,185.83,0.96,uptrend,0.83,0.82,true
2026-08-25,BLDR,69.36,1966724,44.40,19.83,65.67,77.05,65.10,76.80,-80.17,74,DoubleTop|ThreeDescendingPeaks|AscendingScallop,218.10,SELL,3.44,74.52,59.03,74.52,67.64,-0.11,0.08,-0.20,71.36,71.67,75.46,91.72,0.89,downtrend,0.00,0.08,false
2026-08-25,BSX,49.86,17359921,54.10,29.66,45.95,53.22,42.55,52.99,-70.34,74,HeadAndShoulders|AscendingScallop,105.00,HOLD,1.72,47.28,55.01,47.28,50.72,2.40,2.79,-0.39,49.59,49.35,46.51,68.94,0.84,downtrend,0.00,0.20,false
2026-08-25,CAH,237.92,1334825,57.14,33.44,226.69,241.35,224.11,258.30,-66.56,74,DoubleBottom|AscendingScallop,290.69,HOLD,5.97,228.97,255.82,228.97,240.90,1.85,3.27,-1.41,234.02,233.28,232.19,214.31,0.68,uptrend,0.00,0.41,false
2026-08-25,CARR,58.52,6614680,29.64,3.79,58.56,66.02,58.22,66.14,-96.21,74,DoubleBottom|ThreeDescendingPeaks|DescendingScallop|MeasuredMoveDown,175.00,HOLD,1.82,55.79,63.98,55.79,59.43,-1.80,-1.84,0.04,62.29,62.54,66.89,61.28,1.08,downtrend,0.00,0.08,false
2026-08-25,CDNS,331.90,2980731,49.35,55.79,310.46,345.91,311.43,351.00,-44.21,74,,141.72,HOLD,11.26,315.01,365.68,315.01,337.53,-7.99,-7.44,-0.55,328.18,328.57,351.43,327.01,1.40,uptrend,0.00,0.35,false
2026-08-25,CDW,142.09,1763005,54.52,84.97,128.82,151.55,113.00,154.50,-15.03,74,DescendingScallop,170.25,HOLD,6.98,131.61,163.04,131.61,145.58,-1.92,0.63,-2.55,140.18,137.84,136.62,131.54,0.88,uptrend,0.00,0.62,true
2026-08-25,CEG,278.42,2464015,57.36,67.41,257.94,284.74,256.16,287.00,-32.59,74,HeadAndShoulders|ThreeRisingValleys|AscendingScallop,253.90,HOLD,9.29,264.48,306.29,264.48,283.07,4.54,4.92,-0.37,271.34,271.74,264.14,298.97,0.91,downtrend,0.00,0.26,false
2026-08-25,CF,127.26,2140223,59.61,77.12,112.01,130.54,109.43,132.55,-22.88,74,ThreeRisingValleys,390.86,HOLD,4.82,120.03,141.71,120.03,129.67,-0.02,-1.68,1.66,121.27,121.99,116.83,106.13,0.88,uptrend,1.00,0.75,true
2026-08-25,CHD,102.56,1192167,58.29,78.23,96.68,105.02,94.88,104.31,-21.77,74,DoubleBottom|DoubleTop|AscendingScallop,336.02,HOLD,2.39,98.98,109.72,98.98,103.75,0.52,1.58,-1.06,100.85,100.27,98.77,94.31,0.62,uptrend,0.00,0.27,false
2026-08-25,CHRW,143.66,1002435,33.23,19.09,134.81,161.56,141.24,174.27,-80.91,74,DoubleBottom|ThreeDescendingPeaks|DescendingScallop,175.00,HOLD,5.34,135.65,159.68,135.65,146.33,-12.99,-19.79,6.80,148.19,152.28,173.85,172.82,0.49,downtrend,0.00,0.08,false
2026-08-25,CIEN,387.66,1190723,45.51,25.13,346.87,451.46,323.29,462.69,-74.87,74,HeadAndShoulders|AscendingScallop,151.50,HOLD,29.48,343.44,476.09,343.44,402.40,9.66,10.02,-0.36,399.16,402.52,418.92,370.59,0.58,uptrend,0.00,0.08,false
2026-08-25,CL,91.33,2575339,48.73,43.49,89.64,94.18,89.16,94.15,-56.51,74,DoubleBottom|DoubleTop,96.07,HOLD,2.03,88.28,97.43,88.28,92.35,-0.11,0.13,-0.24,91.91,91.68,91.87,87.25,0.57,uptrend,0.00,0.08,false
2026-08-25,CLX,104.93,1684060,54.40,14.80,97.16,111.80,94.20,109.42,-85.20,74,DoubleTop|AscendingScallop,130.46,HOLD,2.96,100.49,113.81,100.49,106.41,3.89,4.35,-0.45,104.48,104.33,99.33,103.43,0.63,uptrend,0.00,0.20,false
2026-08-25,CMI,572.67,736060,29.66,4.41,575.19,670.86,568.90,661.01,-95.59,74,DoubleBottom|DoubleTop|ThreeDescendingPeaks|DescendingScallop,201.67,SELL,20.68,603.69,510.64,603.69,562.33,-17.67,-10.60,-7.07,623.03,619.12,656.17,596.42,0.75,downtrend,0.00,0.08,false
2026-08-25,COHR,288.14,4723348,45.40,19.82,232.41,381.41,220.68,391.37,-80.18,74,CupWithHandle|ThreeDescendingPeaks|AscendingScallop,122.81,HOLD,30.83,241.90,380.63,241.90,303.55,9.57,19.75,-10.18,306.91,306.55,325.87,271.33,0.61,uptrend,0.00,0.08,false
2026-08-25,COO,73.04,1430666,45.38,7.14,72.09,77.99,71.15,78.11,-92.86,74,DoubleTop,208.84,SELL,1.64,75.51,68.11,75.51,72.22,1.91,2.06,-0.15,75.04,74.71,72.10,73.41,0.81,sideways,0.00,0.08,false
2026-08-25,COP,131.84,6043385,65.79,80.75,112.12,137.32,114.71,135.88,-19.25,74,ThreeRisingValleys|AscendingScallop,448.70,HOLD,3.22,127.01,141.50,127.01,133.45,6.09,4.10,1.98,124.72,126.04,116.35,110.96,0.87,uptrend,0.83,0.61,true
2026-08-25,COR,328.06,1086395,61.74,81.56,303.68,330.99,301.23,333.95,-18.44,74,DoubleBottom|DoubleTop,272.88,HOLD,8.58,315.19,353.80,315.19,332.35,3.70,4.82,-1.12,317.34,316.35,304.21,323.31,0.74,uptrend,0.00,0.27,false
2026-08-25,CPRT,33.33,9980510,66.05,78.62,27.08,34.58,28.55,34.63,-21.38,74,DoubleBottom|MeasuredMoveUp,401.05,HOLD,1.18,31.55,36.88,31.55,33.92,1.48,1.02,0.46,30.83,31.31,29.62,34.77,0.90,downtrend,0.00,0.20,false
2026-08-25,CRH,96.20,2978433,44.59,37.70,92.52,102.00,92.52,102.89,-62.30,74,DoubleBottom|BearishFlag|DoubleTop|DescendingScallop,139.67,HOLD,2.81,91.98,104.63,91.98,97.61,-1.47,-1.50,0.03,97.26,97.42,102.49,112.20,0.64,downtrend,0.00,0.08,false
2026-08-25,CRL,297.64,883456,76.32,93.42,223.53,316.87,227.38,300.59,-6.58,74,ThreeRisingValleys|AscendingScallop,484.15,BUY,10.25,282.27,328.38,282.27,302.76,26.84,23.25,3.59,270.20,273.41,238.55,195.28,0.92,uptrend,0.83,0.82,true
2026-08-25,CRM,205.69,10074827,62.38,75.21,179.08,212.02,175.90,213.17,-24.79,74,ThreeRisingValleys|AscendingScallop,396.78,HOLD,7.73,194.10,228.87,194.10,209.55,11.48,11.52,-0.03,195.55,195.33,176.24,200.36,0.84,uptrend,0.00,0.41,false
2026-08-25,CRWD,185.38,8286039,38.83,6.71,176.40,233.50,176.46,227.50,-93.29,74,DoubleTop|AscendingScallop,168.82,HOLD,9.38,171.31,213.52,171.31,190.07,7.90,10.64,-2.74,204.95,201.21,193.79,139.34,1.08,uptrend,0.00,0.63,true
2026-08-25,CSCO,111.11,11808103,43.13,12.14,106.00,125.25,109.23,124.71,-87.86,74,BearishFlag|DoubleTop|InvertedCupWithHandle,163.92,HOLD,3.57,105.75,121.83,105.75,112.90,-1.06,1.51,-2.58,115.63,114.04,115.80,93.31,0.54,uptrend,0.00,0.57,true
2026-08-25,CSGP,32.81,4915356,57.86,77.80,28.40,33.91,25.89,33.82,-22.20,74,ThreeRisingValleys|AscendingScallop|MeasuredMoveUp,462.72,HOLD,1.48,30.59,37.26,30.59,33.55,1.57,1.18,0.39,31.15,31.44,30.07,45.17,0.73,downtrend,0.00,0.20,false
2026-08-25,CSX,51.51,6418908,60.70,78.60,49.54,51.64,49.42,52.00,-21.40,74,DoubleBottom|DoubleTop|MeasuredMoveUp,440.48,HOLD,0.96,50.08,54.38,50.08,51.99,-0.16,-0.20,0.04,50.59,50.67,49.55,42.55,0.61,uptrend,1.00,0.75,true
2026-08-25,CTAS,204.76,2440616,56.98,75.02,196.19,211.19,196.50,219.17,-24.98,74,DoubleBottom|DescendingScallop,215.82,BUY,4.47,198.06,218.16,198.06,206.99,-1.62,-0.58,-1.04,203.69,202.19,192.36,186.19,1.21,uptrend,0.67,0.62,true
2026-08-25,CTSH,63.06,5817002,74.44,97.71,53.17,63.18,51.23,63.30,-2.29,74,ThreeRisingValleys|AscendingScallop,428.62,HOLD,2.39,59.48,70.22,59.48,64.25,4.48,5.46,-0.98,58.17,57.49,49.45,63.15,0.65,downtrend,0.00,0.42,false
2026-08-25,CTVA,83.05,3098067,57.98,87.58,70.94,87.62,74.51,90.97,-12.42,74,DoubleBottom|DescendingScallop,256.70,HOLD,2.27,79.64,89.86,79.64,84.19,-3.01,-4.60,1.59,79.28,80.24,82.16,76.54,0.60,uptrend,0.00,0.34,false
2026-08-25,DASH,233.50,4102330,75.44,96.02,191.69,233.53,188.82,234.63,-3.98,74,ThreeRisingValleys|AscendingScallop,493.81,BUY,8.15,221.28,257.94,221.28,237.57,13.37,13.14,0.23,212.61,213.28,194.69,187.45,0.90,uptrend,0.83,0.82,true
2026-08-25,DD,136.04,1347165,40.73,6.76,134.67,147.72,130.19,149.42,-93.24,74,DoubleTop|InvertedCupWithHandle|ThreeDescendingPeaks,139.28,HOLD,3.62,130.60,146.91,130.60,137.85,0.29,2.33,-2.04,141.19,140.08,139.52,136.07,0.77,downtrend,0.00,0.08,false
2026-08-25,DECK,88.74,3230409,36.68,5.23,86.23,103.32,88.13,104.88,-94.77,74,ThreeDescendingPeaks|DescendingScallop,216.00,SELL,3.25,93.61,79.00,93.61,87.12,-4.19,-3.91,-0.28,94.78,94.16,100.50,102.38,1.42,downtrend,0.00,0.08,false
2026-08-25,DHI,150.80,1123212,52.50,61.00,143.51,152.95,142.76,154.40,-39.00,74,DoubleBottom|DoubleTop|AscendingScallop,271.39,HOLD,4.48,144.08,164.23,144.08,153.04,0.98,0.70,0.28,148.23,148.78,151.52,149.80,0.54,sideways,0.00,0.20,false
2026-08-25,DHR,215.97,2339288,63.84,80.57,189.76,219.52,192.62,220.67,-19.43,74,CupWithHandle|ThreeRisingValleys|AscendingScallop,507.20,HOLD,6.65,205.99,235.93,205.99,219.30,7.87,4.98,2.89,204.64,206.19,196.84,202.99,0.61,uptrend,0.00,0.41,false
2026-08-25,DOV,202.06,961689,41.53,14.96,198.25,213.19,197.21,214.57,-85.04,74,DoubleBottom|ThreeDescendingPeaks|AscendingScallop,207.51,SELL,4.50,208.81,188.57,208.81,199.81,-0.76,-0.33,-0.44,205.72,205.64,211.98,209.46,1.01,downtrend,0.00,0.08,false
2026-08-25,DVN,46.91,7211132,55.38,61.51,41.56,49.79,42.04,49.72,-38.49,74,ThreeRisingValleys|AscendingScallop,348.32,HOLD,1.32,44.92,50.88,44.92,47.57,1.58,0.77,0.81,45.68,46.19,43.98,42.97,0.68,uptrend,0.00,0.27,false
2026-08-25,DXCM,89.16,4105373,60.40,67.33,77.15,96.65,73.24,92.59,-32.67,74,AscendingScallop,308.52,HOLD,2.70,85.11,97.25,85.11,90.51,6.39,6.45,-0.06,86.90,86.65,78.22,69.62,0.72,uptrend,0.83,0.69,true
2026-08-25,EBAY,106.00,2424502,47.13,37.49,98.78,115.65,100.50,117.63,-62.51,74,DescendingScallop,111.42,HOLD,3.26,101.11,115.77,101.11,107.63,-4.09,-3.29,-0.79,107.21,106.64,109.92,97.85,0.53,uptrend,0.00,0.35,false
2026-08-25,ECL,289.54,1761574,62.68,95.69,274.28,289.54,272.79,290.27,-4.31,74,DoubleBottom|DoubleTop,336.76,HOLD,5.82,280.80,307.01,280.80,292.45,2.69,4.19,-1.51,281.91,281.09,277.03,271.87,1.21,uptrend,0.00,0.35,false
2026-08-25,EFX,191.89,998965,61.03,79.64,169.27,196.22,171.51,196.45,-20.36,74,ThreeRisingValleys|AscendingScallop,426.21,HOLD,6.77,181.74,212.20,181.74,195.27,5.17,3.23,1.94,182.75,183.93,173.26,188.58,0.84,uptrend,0.00,0.40,false
2026-08-25,EL,104.85,3147942,76.42,100.00,76.07,103.44,82.61,104.85,0.00,74,DoubleBottom|AscendingScallop,471.00,HOLD,3.48,99.64,115.28,99.64,106.59,4.47,2.80,1.67,89.76,91.65,85.60,91.71,0.90,uptrend,0.00,0.27,false
2026-08-25,EMR,154.96,3109253,50.87,7.17,147.48,167.70,145.10,166.35,-92.83,74,DoubleTop|AscendingScallop,91.33,HOLD,4.08,148.84,167.19,148.84,157.00,4.89,7.83,-2.94,157.59,156.02,148.47,141.77,1.06,uptrend,0.00,0.28,false
2026-08-25,EOG,146.83,2305694,54.14,66.17,134.41,154.98,133.45,153.67,-33.83,74,ThreeRisingValleys,302.30,HOLD,3.73,141.24,158.02,141.24,148.69,2.26,0.54,1.72,144.69,145.35,139.47,127.18,0.82,uptrend,0.00,0.55,false
2026-08-25,EQIX,1073.44,434280,53.68,55.98,1009.59,1107.08,1001.61,1109.22,-44.02,74,AscendingScallop,270.96,HOLD,32.92,1024.06,1172.21,1024.06,1089.90,16.71,14.89,1.82,1058.34,1063.00,1053.35,951.53,0.71,uptrend,0.00,0.40,false
2026-08-25,EW,90.87,2389738,54.39,48.99,85.93,94.39,82.91,93.91,-51.01,74,DoubleTop|AscendingScallop,193.26,HOLD,2.06,87.79,97.04,87.79,91.90,2.83,2.69,0.14,90.16,90.13,89.20,84.72,0.73,uptrend,0.00,0.27,false
2026-08-25,EXPD,189.05,582284,67.47,92.91,166.98,195.16,164.35,189.99,-7.09,74,DoubleTop|AscendingScallop,336.36,HOLD,4.14,182.84,201.48,182.84,191.12,5.79,3.57,2.22,181.07,182.69,173.98,156.72,0.56,uptrend,0.83,0.82,true
2026-08-25,EXPE,337.97,975159,68.29,91.54,291.58,343.39,287.16,341.09,-8.46,74,ThreeRisingValleys|AscendingScallop,468.75,BUY,12.03,319.92,374.06,319.92,343.99,19.46,21.67,-2.22,317.48,315.55,283.62,256.44,0.60,uptrend,0.83,0.82,true
2026-08-25,FAST,50.31,4357420,53.59,4.04,47.24,53.68,46.35,52.92,-95.96,74,DoubleTop|AscendingScallop,106.62,HOLD,1.10,48.66,53.61,48.66,50.86,1.83,2.26,-0.44,50.46,50.29,48.10,45.01,0.59,uptrend,0.00,0.54,false
2026-08-25,FCX,79.91,15779231,72.90,99.79,59.13,78.42,58.19,79.94,-0.21,74,AscendingScallop,439.27,HOLD,3.00,75.42,88.90,75.42,81.41,3.50,3.35,0.15,68.77,69.80,65.13,59.54,1.11,uptrend,0.83,0.90,true
2026-08-25,FFIV,382.75,361736,41.65,13.24,371.99,426.37,376.21,425.61,-86.76,74,DoubleTop,167.49,HOLD,12.66,363.77,420.72,363.77,389.08,-2.57,-0.04,-2.52,399.18,396.11,403.20,320.87,0.60,uptrend,0.00,0.57,true
2026-08-25,FICO,1137.14,189491,49.79,70.28,953.76,1261.40,1015.00,1410.17,-29.72,74,DoubleBottom|DescendingScallop,129.14,HOLD,53.68,1056.62,1298.18,1056.62,1163.98,-35.90,-75.81,39.90,1107.58,1131.38,1171.97,1330.28,0.48,downtrend,0.00,0.20,false
2026-08-25,FIX,1561.96,421244,38.34,2.56,1549.14,1856.80,1491.24,1883.70,-97.44,74,AscendingScallop|MeasuredMoveDown,167.28,HOLD,98.47,1414.26,1857.36,1414.26,1611.19,-11.63,1.69,-13.32,1702.97,1700.46,1773.16,1466.57,0.98,uptrend,0.00,0.14,false
2026-08-25,FLEX,109.25,2128376,39.21,16.27,103.17,132.41,99.50,131.63,-83.73,74,DoubleTop|AscendingScallop|MeasuredMoveDown,178.41,HOLD,7.17,98.50,130.75,98.50,112.83,-0.60,0.19,-0.80,117.79,118.15,129.62,92.91,0.55,uptrend,0.00,0.63,true
2026-08-25,FSLR,206.82,1506665,38.82,2.21,195.42,252.94,197.35,269.70,-97.79,74,ThreeDescendingPeaks|AscendingScallop,217.91,SELL,11.21,223.64,173.18,223.64,201.21,1.83,9.36,-7.53,224.18,220.68,227.52,232.95,0.57,downtrend,0.00,0.08,false
2026-08-25,FTNT,153.66,3459126,46.38,28.56,148.69,168.69,143.77,172.09,-71.44,74,ThreeDescendingPeaks,110.63,HOLD,5.79,144.97,171.03,144.97,156.56,-0.01,1.46,-1.47,158.69,156.72,156.33,106.85,0.66,uptrend,0.00,0.63,true
2026-08-25,GDDY,99.79,980212,57.83,84.63,84.02,104.78,73.10,106.00,-15.37,74,ThreeRisingValleys|DescendingScallop,280.74,HOLD,4.59,92.91,113.55,92.91,102.08,1.61,-0.11,1.73,94.40,95.12,89.97,97.43,0.45,uptrend,0.00,0.35,false
2026-08-25,GEHC,73.91,1996341,62.21,71.31,68.50,75.93,67.15,75.65,-28.69,74,ThreeRisingValleys|AscendingScallop,376.99,HOLD,1.84,71.15,79.43,71.15,74.83,3.68,4.06,-0.39,72.21,71.70,67.02,72.83,0.53,uptrend,0.00,0.20,false
2026-08-25,GEV,926.73,2018111,37.33,1.79,909.85,1082.59,897.68,1099.66,-98.21,74,AscendingScallop,137.58,HOLD,48.60,853.83,1072.54,853.83,951.03,2.49,-0.79,3.28,996.22,996.39,1035.48,871.86,0.95,uptrend,0.00,0.14,false
2026-08-25,GILD,148.77,4573007,69.92,99.00,125.45,149.82,128.28,148.97,-1.00,74,ThreeRisingValleys|AscendingScallop,471.20,HOLD,3.88,142.94,160.42,142.94,150.71,5.26,2.69,2.57,137.63,139.57,132.78,133.31,0.69,uptrend,0.00,0.35,false
2026-08-25,GLW,147.16,6645916,43.20,15.66,130.49,176.72,122.62,176.94,-84.34,74,AscendingScallop,131.00,HOLD,10.94,130.76,179.97,130.76,152.63,5.04,3.68,1.36,153.60,156.21,172.85,141.23,0.58,uptrend,0.00,0.08,false
2026-08-25,GNRC,201.78,596150,39.07,10.55,191.97,226.66,189.81,226.00,-89.45,74,DoubleTop|AscendingScallop,118.77,HOLD,9.77,187.12,231.09,187.12,206.67,3.29,2.20,1.09,209.32,211.68,231.08,207.14,0.53,downtrend,0.00,0.08,false
2026-08-25,GOOGL,346.96,20600170,48.73,32.82,328.12,372.15,330.34,384.48,-67.18,74,AscendingScallop,122.76,HOLD,8.99,333.48,373.92,333.48,351.45,0.12,3.55,-3.43,350.13,347.63,351.32,333.69,0.79,uptrend,0.00,0.20,false
2026-08-25,GPC,137.95,1210765,65.36,97.05,125.86,139.49,123.33,138.21,-2.95,74,DoubleTop|AscendingScallop,341.25,BUY,3.49,132.71,148.42,132.71,139.70,3.89,4.50,-0.60,132.67,132.24,124.59,119.43,1.06,uptrend,0.83,0.90,true
2026-08-25,GRMN,288.45,594765,51.14,5.49,286.43,317.25,261.04,314.28,-94.51,74,DoubleTop,56.00,HOLD,8.21,276.13,313.09,276.13,292.56,13.73,24.49,-10.76,301.84,292.10,265.18,235.03,0.57,uptrend,0.00,0.37,false
2026-08-25,GWW,1301.68,173102,43.27,50.86,1260.37,1373.31,1260.22,1392.27,-49.14,74,DescendingScallop,96.62,HOLD,28.12,1259.49,1386.05,1259.49,1315.74,-20.51,-32.20,11.68,1316.84,1319.78,1343.15,1162.69,0.63,uptrend,0.00,0.42,false
2026-08-25,HAL,33.80,9076400,48.70,47.10,30.67,36.07,30.98,36.08,-52.90,74,ThreeRisingValleys|AscendingScallop,220.19,HOLD,0.97,32.34,36.71,32.34,34.29,1.13,0.17,0.95,33.37,33.99,33.96,34.43,0.89,downtrend,0.00,0.20,false
2026-08-25,HD,337.88,2373867,47.95,25.98,327.94,356.51,328.80,358.36,-74.02,74,DoubleBottom|DoubleTop,174.45,HOLD,8.68,324.86,363.92,324.86,342.22,0.97,4.01,-3.03,342.22,340.36,340.50,345.63,0.61,downtrend,0.00,0.08,false
2026-08-25,HSY,187.18,932233,57.19,70.87,175.24,191.00,173.59,190.46,-29.13,74,DoubleTop,157.21,HOLD,4.06,181.08,199.37,181.08,189.21,4.02,3.97,0.05,183.12,183.66,178.83,192.30,0.69,downtrend,0.00,0.27,false
2026-08-25,HUBB,464.19,341595,38.28,2.20,450.47,530.65,455.07,529.39,-97.80,74,DoubleBottom|DoubleTop|InvertedCupWithHandle,195.23,HOLD,14.55,442.36,507.85,442.36,471.47,1.48,8.70,-7.21,490.56,486.68,494.25,485.10,0.63,downtrend,0.00,0.08,false
2026-08-25,IBM,234.19,3006177,48.69,47.15,223.30,242.24,216.59,241.80,-52.85,74,DoubleTop|AscendingScallop,170.00,HOLD,7.68,222.67,257.23,222.67,238.03,6.30,6.93,-0.63,232.77,234.14,245.72,265.29,0.51,downtrend,0.00,0.20,false
2026-08-25,IDXX,550.01,385332,44.87,18.51,536.40,598.58,538.20,624.15,-81.49,74,ThreeDescendingPeaks|DescendingScallop,205.40,SELL,17.55,576.34,497.36,576.34,541.23,-1.65,5.93,-7.58,567.49,561.54,559.81,613.44,0.60,downtrend,0.00,0.08,false
2026-08-25,IEX,230.27,464558,46.59,4.52,228.68,241.30,226.14,243.80,-95.48,74,DoubleBottom|DoubleTop|HeadAndShoulders,107.07,HOLD,5.12,222.59,245.64,222.59,232.83,3.62,5.42,-1.80,234.99,233.30,228.14,203.48,0.68,uptrend,0.00,0.42,false
2026-08-25,INCY,129.72,1162033,68.26,92.81,115.78,130.18,115.77,130.80,-7.19,74,DoubleBottom|DoubleTop|ThreeRisingValleys|AscendingScallop,506.30,BUY,3.62,124.29,140.58,124.29,131.53,2.20,1.49,0.72,122.98,123.39,117.03,103.90,0.75,uptrend,1.00,0.82,true
2026-08-25,IR,78.57,2066398,37.46,0.38,77.47,90.67,78.52,91.78,-99.62,74,DoubleBottom|InvertedCupWithHandle|ThreeDescendingPeaks|DescendingScallop,216.00,SELL,2.41,82.18,71.34,82.18,77.37,-1.85,0.57,-2.41,84.07,82.41,81.84,82.02,0.50,downtrend,0.00,0.08,false
2026-08-25,ISRG,371.84,1767689,44.45,12.46,348.97,411.06,346.45,405.34,-87.54,74,DoubleTop|AscendingScallop|MeasuredMoveDown,126.71,HOLD,12.79,352.66,410.20,352.66,378.23,16.85,14.40,2.45,380.02,381.44,386.73,471.44,0.65,downtrend,0.00,0.08,false
2026-08-25,IT,195.79,1986211,64.68,76.17,152.22,210.80,147.45,203.03,-23.83,74,AscendingScallop,347.96,BUY,9.43,181.65,224.07,181.65,200.50,16.78,19.47,-2.70,181.51,180.88,154.18,179.04,1.21,uptrend,0.83,0.83,true
2026-08-25,ITW,281.65,766537,45.62,3.72,279.05,299.36,280.92,300.53,-96.28,74,DoubleBottom|DoubleTop|ThreeDescendingPeaks|DescendingScallop,141.00,HOLD,5.46,273.46,298.04,273.46,284.38,0.09,4.92,-4.82,289.21,285.64,278.47,265.66,0.69,uptrend,0.00,0.20,false
2026-08-25,JBHT,262.18,592221,40.13,17.41,259.69,284.15,256.75,287.93,-82.59,74,DoubleBottom|HeadAndShoulders,128.99,HOLD,8.96,248.74,289.06,248.74,266.66,-2.77,-5.33,2.56,271.92,273.16,277.88,233.53,0.71,uptrend,0.00,0.42,false
2026-08-25,JBL,308.68,570044,40.26,11.15,286.09,380.03,285.80,376.97,-88.85,74,HeadAndShoulders|AscendingScallop,147.34,HOLD,15.53,285.38,355.28,285.38,316.45,10.22,15.97,-5.75,333.06,330.52,338.31,288.99,0.55,uptrend,0.00,0.08,false
2026-08-25,JCI,141.82,2075564,40.20,6.36,138.78,158.55,136.24,157.06,-93.64,74,DoubleTop,124.44,HOLD,4.24,135.46,154.54,135.46,143.94,1.35,4.03,-2.68,148.66,146.91,145.11,133.90,0.60,uptrend,0.00,0.14,false
2026-08-25,JNJ,273.14,4094797,64.37,84.40,250.22,275.42,250.44,276.47,-15.60,74,DoubleBottom|AscendingScallop,462.99,BUY,5.67,264.63,290.16,264.63,275.98,4.07,2.47,1.60,262.82,264.48,256.17,232.68,0.63,uptrend,0.83,0.56,true
2026-08-25,KLAC,183.34,8895081,40.02,17.97,171.09,212.19,169.81,214.80,-82.03,74,AscendingScallop,131.00,HOLD,10.93,166.95,216.12,166.95,188.80,-0.95,-4.36,3.41,191.64,195.20,217.46,169.13,0.80,uptrend,0.00,0.23,false
2026-08-25,KMB,111.02,2805359,54.58,69.78,106.66,112.85,105.77,113.33,-30.22,74,DoubleBottom|DoubleTop,229.64,HOLD,2.65,107.04,118.98,107.04,112.35,-0.38,-0.10,-0.27,109.75,109.62,109.00,103.04,0.83,uptrend,0.00,0.34,false
2026-08-25,KVUE,19.33,20409098,54.06,64.76,18.68,19.71,18.65,19.81,-35.24,74,DoubleBottom|DoubleTop|DescendingScallop,125.09,HOLD,0.41,18.72,20.55,18.72,19.53,-0.13,-0.05,-0.09,19.20,19.15,19.08,17.86,0.95,uptrend,0.00,0.34,false
2026-08-25,LH,337.68,697397,74.53,92.43,302.64,340.50,294.34,339.76,-7.57,74,ThreeRisingValleys|AscendingScallop,487.71,BUY,7.68,326.17,360.71,326.17,341.52,12.30,14.18,-1.88,321.57,320.95,295.17,272.74,1.05,uptrend,0.83,0.84,true
2026-08-25,LII,389.06,569192,27.23,2.62,391.31,451.33,387.45,491.90,-97.38,74,ThreeDescendingPeaks|DescendingScallop,200.00,SELL,15.82,412.79,341.60,412.79,381.15,-35.20,-46.14,10.95,421.32,431.91,496.81,501.89,0.91,downtrend,0.00,0.08,false
2026-08-25,LIN,487.20,1785063,45.56,54.15,468.40,505.40,466.88,514.78,-45.85,74,DoubleBottom|DescendingScallop,128.97,HOLD,9.37,473.14,515.32,473.14,491.89,-8.23,-11.85,3.62,486.90,489.28,506.43,477.94,0.79,uptrend,0.00,0.20,false
2026-08-25,LITE,885.57,3223752,53.74,46.98,667.10,1002.71,594.84,999.67,-53.02,74,HeadAndShoulders|AscendingScallop,175.97,HOLD,79.37,766.51,1123.67,766.51,925.25,55.16,55.54,-0.37,834.90,847.42,812.51,659.09,0.62,uptrend,0.00,0.49,false
2026-08-25,LLY,1233.66,2133263,55.27,55.12,1115.09,1287.35,1109.15,1292.65,-44.88,74,ThreeRisingValleys,284.78,HOLD,40.71,1172.59,1355.80,1172.59,1254.02,28.59,14.12,14.47,1201.22,1213.26,1183.32,1056.22,0.75,uptrend,0.00,0.55,false
2026-08-25,LOW,214.60,1942716,48.02,16.55,209.60,223.87,206.02,225.79,-83.45,74,DoubleTop,152.89,HOLD,5.75,205.98,231.85,205.98,217.47,2.75,4.21,-1.46,216.73,216.28,215.71,237.31,0.69,downtrend,0.00,0.08,false
2026-08-25,LRCX,314.66,5015254,48.83,40.69,273.45,348.70,250.50,345.28,-59.31,74,HeadAndShoulders|CupWithHandle|AscendingScallop,211.93,HOLD,19.66,285.17,373.63,285.17,324.49,10.55,5.59,4.96,311.08,316.58,335.19,255.11,0.51,uptrend,0.00,0.49,false
2026-08-25,LULU,118.33,3500300,47.49,25.69,114.36,128.27,114.69,128.86,-74.31,74,DoubleBottom|ThreeDescendingPeaks,147.33,HOLD,4.32,111.85,131.30,111.85,120.49,0.48,2.33,-1.85,121.32,120.06,117.64,154.83,1.33,downtrend,0.00,0.08,false
2026-08-25,MAA,131.98,499952,46.90,26.82,129.77,136.05,130.14,137.82,-73.18,74,DoubleBottom|DoubleTop|DescendingScallop,151.45,HOLD,2.41,128.36,139.22,128.36,133.19,-0.88,-0.48,-0.40,132.91,132.75,134.65,132.25,0.52,downtrend,0.00,0.14,false
2026-08-25,MAS,72.92,1620147,43.31,9.04,71.08,77.72,70.93,77.85,-90.96,74,DoubleTop,181.11,HOLD,2.22,69.59,79.58,69.59,74.03,-1.33,-1.28,-0.04,74.40,74.72,76.56,69.17,0.64,uptrend,0.00,0.14,false
2026-08-25,MCHP,73.50,6001017,40.01,5.53,70.96,83.76,71.24,85.97,-94.47,74,ThreeDescendingPeaks|AscendingScallop,159.86,HOLD,3.70,67.95,84.59,67.95,75.35,-0.24,-0.59,0.36,77.36,77.99,83.56,76.65,0.57,downtrend,0.00,0.08,false
2026-08-25,MCK,905.09,882506,61.83,90.07,826.95,906.20,810.88,912.50,-9.93,74,DoubleTop,221.26,HOLD,26.24,865.73,983.82,865.73,918.21,9.71,13.72,-4.01,866.58,861.90,825.40,841.14,0.88,uptrend,0.00,0.35,false
2026-08-25,MDLZ,62.99,8684493,52.06,45.53,60.97,65.04,60.65,66.65,-54.47,74,DoubleBottom|DoubleTop|DescendingScallop,74.70,HOLD,1.44,60.83,67.32,60.83,63.71,0.68,0.83,-0.15,63.00,62.88,61.35,58.88,1.08,uptrend,0.00,0.08,false
2026-08-25,MDT,91.14,6797703,58.77,63.32,83.87,95.11,83.84,94.72,-36.68,74,ThreeRisingValleys|AscendingScallop,337.50,HOLD,2.08,88.03,97.37,88.03,92.18,3.51,3.00,0.51,89.49,89.71,84.82,89.82,1.00,uptrend,0.00,0.27,false
2026-08-25,MKC,54.48,2102541,55.13,53.68,50.22,56.81,49.76,56.87,-46.32,74,AscendingScallop,217.65,HOLD,1.54,52.17,59.11,52.17,55.25,1.63,1.05,0.58,53.52,53.89,51.76,57.56,0.82,downtrend,0.00,0.20,false
2026-08-25,MLM,531.74,577070,43.33,25.92,518.92,564.57,522.19,588.00,-74.08,74,DoubleBottom|ThreeDescendingPeaks|DescendingScallop,187.22,HOLD,14.55,509.92,575.38,509.92,539.01,-7.48,-8.25,0.77,541.75,542.59,566.49,604.53,0.94,downtrend,0.00,0.08,false
2026-08-25,MMM,179.37,2316879,57.01,21.65,175.74,184.88,173.96,184.69,-78.35,74,DoubleTop|HeadAndShoulders,56.00,HOLD,3.60,173.97,190.18,173.97,181.17,2.09,5.51,-3.43,180.31,178.40,169.96,160.68,0.83,uptrend,0.00,0.42,false
2026-08-25,MNST,48.73,6900096,42.78,7.34,18.18,109.69,45.05,99.29,-92.66,74,DoubleBottom|DescendingScallop,191.00,HOLD,9.06,35.13,75.92,35.13,53.26,-14.81,-12.10,-2.71,63.94,59.71,80.03,78.84,0.76,downtrend,0.00,0.08,false
2026-08-25,MPWR,1304.15,359511,44.75,23.20,1252.26,1449.20,1240.02,1568.21,-76.80,74,DoubleBottom|AscendingScallop,185.00,HOLD,71.58,1196.79,1518.88,1196.79,1339.94,1.32,14.65,-13.33,1350.73,1344.45,1368.06,1238.18,0.45,uptrend,0.00,0.08,false
2026-08-25,MRK,156.45,13898396,77.63,98.45,117.43,155.47,126.22,156.92,-1.55,74,ThreeRisingValleys|AscendingScallop,508.90,HOLD,4.47,149.74,169.87,149.74,158.69,6.59,3.36,3.23,136.45,139.46,129.34,115.99,1.25,uptrend,0.83,0.90,true
2026-08-25,MRVL,240.38,20064201,56.38,76.09,174.30,257.14,162.90,252.52,-23.91,74,ThreeRisingValleys|AscendingScallop,439.05,BUY,18.18,213.11,294.92,213.11,249.47,15.73,11.18,4.55,215.72,223.73,232.03,146.52,0.85,uptrend,0.83,0.75,true
2026-08-25,MSFT,491.71,19144017,65.70,39.80,433.69,532.15,388.74,513.73,-60.20,74,ThreeDescendingPeaks|AscendingScallop,176.74,HOLD,11.79,474.02,527.09,474.02,497.61,29.12,43.40,-14.28,482.92,473.54,423.80,431.10,0.54,uptrend,0.00,0.69,true
2026-08-25,MTD,1402.25,102031,55.28,31.57,1379.78,1452.65,1358.58,1474.19,-68.43,74,DoubleBottom|DoubleTop,88.71,HOLD,36.76,1347.12,1512.52,1347.12,1420.63,19.55,41.73,-22.18,1416.21,1397.30,1326.46,1321.24,0.57,uptrend,0.00,0.29,false
2026-08-25,MU,932.97,18989997,50.78,50.67,779.69,1025.06,737.88,1036.13,-49.33,74,AscendingScallop,228.31,HOLD,65.38,834.90,1129.12,834.90,965.66,28.30,10.51,17.79,902.38,927.22,961.91,578.04,0.52,uptrend,0.50,0.75,true
2026-08-25,NDSN,333.58,344405,72.86,86.05,288.05,335.79,292.97,338.55,-13.95,74,AscendingScallop,407.46,BUY,7.17,322.82,355.10,322.82,337.17,9.37,8.72,0.65,311.92,314.23,300.46,275.59,0.82,uptrend,0.83,0.75,true
2026-08-25,NEM,135.14,7058156,77.96,99.53,86.93,139.91,88.98,135.29,-0.47,74,ThreeRisingValleys|AscendingScallop,472.45,HOLD,4.64,128.17,149.07,128.17,137.46,13.82,10.84,2.98,113.42,116.78,102.92,106.89,0.93,uptrend,0.83,0.69,true
2026-08-25,NKE,39.48,41418729,40.47,16.40,39.16,43.33,38.86,43.69,-83.60,74,DescendingScallop,207.96,SELL,1.23,41.33,35.79,41.33,38.86,-0.85,-0.77,-0.08,41.24,41.07,42.28,52.39,1.65,downtrend,0.00,0.08,false
2026-08-25,NOW,127.00,12253929,60.24,78.43,109.71,134.06,106.05,131.18,-21.57,74,DoubleTop|AscendingScallop,247.88,HOLD,5.89,118.16,144.68,118.16,129.95,8.73,9.09,-0.36,121.88,121.43,109.92,119.81,0.64,uptrend,0.83,0.69,true
2026-08-25,NSC,351.24,723662,64.73,86.51,328.10,352.42,328.78,354.24,-13.49,74,AscendingTriangle|DoubleBottom|AscendingScallop,564.43,BUY,6.51,341.48,370.77,341.48,354.49,1.62,0.67,0.95,340.26,341.50,329.82,306.76,0.59,uptrend,1.00,0.61,true
2026-08-25,NTAP,187.43,1738435,50.88,25.31,172.40,211.68,170.50,209.06,-74.69,74,FallingWedge|HeadAndShoulders|AscendingScallop,144.84,HOLD,7.31,176.47,209.36,176.47,191.08,11.31,13.70,-2.39,192.04,189.96,174.14,127.59,0.70,uptrend,0.00,0.63,true
2026-08-25,NUE,247.55,985384,43.74,22.91,239.03,285.63,238.62,280.11,-77.09,74,DoubleTop|ThreeDescendingPeaks|DescendingScallop,108.35,HOLD,9.49,233.32,276.02,233.32,252.29,1.75,10.85,-9.11,262.33,255.77,247.44,201.62,0.62,uptrend,0.00,0.63,true
2026-08-25,NVDA,213.05,120441439,49.61,28.06,195.09,234.07,190.01,227.92,-71.94,74,DoubleTop|HeadAndShoulders|AscendingScallop,120.00,HOLD,6.40,203.45,232.25,203.45,216.25,6.44,7.45,-1.01,214.58,214.62,207.81,195.43,1.05,uptrend,0.00,0.15,false
2026-08-25,NXPI,224.75,2025122,36.73,27.62,219.32,243.94,217.98,257.32,-72.38,74,DoubleBottom|DescendingScallop,154.57,HOLD,8.77,211.60,251.05,211.60,229.13,-11.28,-15.84,4.56,231.63,235.69,263.18,242.75,0.49,downtrend,0.00,0.08,false
2026-08-25,ODFL,198.34,1230154,33.21,2.19,199.54,222.32,197.86,225.73,-97.81,74,DescendingScallop,150.00,HOLD,6.80,188.13,218.75,188.13,201.74,-7.40,-8.03,0.62,210.93,210.91,219.43,194.29,0.72,uptrend,0.00,0.14,false
2026-08-25,ON,72.51,5755758,34.34,10.87,72.14,86.16,70.92,86.70,-89.13,74,DoubleTop|HeadAndShoulders|DescendingScallop|MeasuredMoveDown,174.78,HOLD,4.15,66.29,84.96,66.29,74.58,-2.98,-3.61,0.63,79.15,79.83,91.01,77.33,0.60,downtrend,0.00,0.08,false
2026-08-25,ORCL,144.76,13254279,51.14,33.58,125.76,160.56,116.20,159.26,-66.42,74,HeadAndShoulders|AscendingScallop,105.00,HOLD,6.70,134.70,164.87,134.70,148.11,9.01,10.76,-1.75,143.16,143.33,143.81,172.02,0.49,downtrend,0.00,0.20,false
2026-08-25,ORLY,90.32,4496896,50.40,45.89,87.82,94.29,86.13,94.12,-54.11,74,DoubleBottom|DoubleTop,106.00,HOLD,2.33,86.83,97.30,86.83,91.48,0.57,1.94,-1.37,91.06,90.42,88.99,92.57,0.85,downtrend,0.00,0.08,false
2026-08-25,OTIS,71.46,2470065,45.83,25.61,70.37,74.54,70.31,74.80,-74.39,74,DoubleBottom|DoubleTop,172.46,HOLD,1.50,69.21,75.95,69.21,72.21,-0.23,0.04,-0.28,72.45,72.20,72.57,80.73,0.79,downtrend,0.00,0.08,false
2026-08-25,PANW,339.90,4726441,44.04,6.93,317.99,403.53,310.46,398.88,-93.07,74,HeadAndShoulders|AscendingScallop,148.40,HOLD,15.30,316.95,385.80,316.95,347.55,17.32,18.25,-0.93,360.76,357.45,338.47,227.32,0.85,uptrend,0.00,0.63,true
2026-08-25,PEP,142.27,9718105,54.52,60.41,136.43,144.36,136.73,145.90,-39.59,74,DoubleBottom|DoubleTop,201.13,HOLD,2.66,138.28,150.25,138.28,143.60,1.08,0.85,0.24,140.40,140.76,140.03,148.95,1.43,downtrend,0.00,0.28,false
2026-08-25,PG,145.40,8827402,49.04,51.26,142.42,147.80,140.20,148.50,-48.74,74,DoubleBottom|DoubleTop,124.12,HOLD,2.71,141.33,153.53,141.33,146.76,-1.23,-1.39,0.16,145.11,145.38,147.49,147.63,0.92,downtrend,0.00,0.20,false
2026-08-25,PHM,130.86,948414,52.92,66.48,126.12,133.75,125.98,136.22,-33.52,74,DoubleBottom,246.99,HOLD,3.88,125.04,142.50,125.04,132.80,0.00,1.15,-1.15,129.93,129.43,129.05,124.94,0.70,uptrend,0.00,0.20,false
2026-08-25,PKG,246.54,447774,47.80,6.28,245.58,259.45,243.26,259.98,-93.72,74,DoubleBottom|DoubleTop|HeadAndShoulders,113.75,HOLD,5.85,237.76,264.10,237.76,249.47,2.89,7.13,-4.23,252.51,249.89,241.59,221.68,0.88,uptrend,0.00,0.35,false
2026-08-25,PLD,143.33,2941826,53.65,96.68,137.32,145.86,137.22,146.85,-3.32,74,DoubleBottom|MeasuredMoveUp,414.06,HOLD,2.43,139.69,150.61,139.69,144.54,-1.80,-2.72,0.92,141.59,141.99,142.66,136.72,0.65,uptrend,0.00,0.26,false
2026-08-25,PNR,62.46,4256763,38.13,1.96,62.06,70.08,62.29,70.97,-98.04,74,InvertedCupWithHandle|ThreeDescendingPeaks|DescendingScallop,240.00,SELL,2.15,65.69,56.01,65.69,61.38,-0.43,0.62,-1.04,66.07,65.56,69.20,87.54,1.48,downtrend,0.00,0.08,false
2026-08-25,PODD,143.05,1925247,42.58,51.64,127.92,171.78,126.40,172.11,-48.36,74,ThreeRisingValleys|DescendingScallop,138.08,HOLD,6.95,132.63,163.89,132.63,146.52,-7.41,-8.59,1.18,149.85,149.05,154.23,217.43,1.08,downtrend,0.00,0.08,false
2026-08-25,PPG,113.65,1199531,46.76,26.71,109.80,119.24,109.54,119.99,-73.29,74,DoubleBottom|ThreeDescendingPeaks,109.81,HOLD,2.78,109.48,121.99,109.48,115.04,-1.01,-0.31,-0.70,114.52,114.60,116.97,110.74,0.73,uptrend,0.00,0.08,false
2026-08-25,PTC,151.14,1523653,61.49,73.99,133.70,159.69,127.36,156.03,-26.01,74,DoubleTop|AscendingScallop,251.91,HOLD,5.10,143.49,166.44,143.49,153.69,10.50,11.57,-1.07,146.70,145.76,130.53,149.70,1.06,uptrend,0.00,0.28,false
2026-08-25,PWR,603.78,1301627,37.59,2.62,594.09,732.78,554.12,724.80,-97.38,74,HeadAndShoulders|AscendingScallop|MeasuredMoveDown,140.54,HOLD,30.27,558.38,694.59,558.38,618.91,10.17,20.02,-9.85,663.43,658.03,668.35,580.88,1.02,uptrend,0.00,0.08,false
2026-08-25,QCOM,160.56,11417859,44.10,39.12,150.13,169.70,142.89,168.87,-60.88,74,DoubleTop|AscendingScallop,121.31,HOLD,6.58,150.70,180.29,150.70,163.85,-0.30,-3.02,2.72,159.91,163.23,176.62,168.05,1.05,downtrend,0.00,0.28,false
2026-08-25,RDDT,162.45,4373935,49.58,45.73,139.81,177.89,135.22,185.91,-54.27,74,DoubleTop|HeadAndShoulders,90.00,HOLD,10.55,146.62,194.11,146.62,167.73,-4.48,-9.36,4.88,158.85,161.03,172.61,176.25,0.48,downtrend,0.00,0.67,true
2026-08-25,REGN,833.56,505409,74.43,84.04,719.97,863.39,691.00,847.00,-15.96,74,ThreeRisingValleys|AscendingScallop,435.11,HOLD,19.41,804.45,891.78,804.45,843.26,53.32,57.07,-3.75,791.68,788.70,705.04,726.40,0.63,uptrend,0.83,0.62,true
2026-08-25,RL,362.60,611462,35.81,0.78,361.76,404.59,362.22,411.19,-99.22,74,DoubleBottom|DoubleTop|InvertedCupWithHandle|ThreeDescendingPeaks|DescendingScallop,201.67,SELL,11.75,380.23,327.35,380.23,356.72,0.45,4.23,-3.79,383.17,380.28,388.76,365.46,0.99,downtrend,0.00,0.08,false
2026-08-25,RMD,236.59,1761080,66.88,95.11,207.85,237.50,202.00,238.37,-4.89,74,AscendingScallop,383.94,HOLD,6.86,226.30,257.18,226.30,240.02,9.87,10.45,-0.58,222.67,222.53,208.58,229.02,1.15,uptrend,0.00,0.35,false
2026-08-25,ROK,429.40,595230,39.01,8.73,416.73,477.00,426.98,489.35,-91.27,74,DoubleBottom|ThreeDescendingPeaks|DescendingScallop,166.00,HOLD,12.21,411.09,466.02,411.09,435.50,-11.81,-9.87,-1.94,446.86,444.05,460.04,418.66,0.68,uptrend,0.00,0.14,false
2026-08-25,ROL,36.36,4639095,34.02,26.24,35.48,38.71,35.83,39.77,-73.76,74,DoubleBottom|DescendingScallop,190.22,HOLD,1.01,34.84,39.40,34.84,36.87,-1.34,-2.23,0.89,37.10,37.60,40.94,53.16,0.92,downtrend,0.00,0.08,false
2026-08-25,ROP,413.37,690660,65.65,82.61,384.19,416.44,381.28,418.75,-17.39,74,DoubleBottom,356.89,BUY,11.25,396.50,447.11,396.50,418.99,11.53,14.98,-3.45,400.31,397.32,370.04,377.26,0.92,uptrend,0.83,0.76,true
2026-08-25,ROST,241.19,2178127,50.74,46.27,230.63,261.84,228.05,257.00,-53.73,74,DoubleTop|ThreeDescendingPeaks|DescendingScallop,63.84,HOLD,6.28,231.77,260.04,231.77,244.33,-2.92,3.54,-6.46,246.23,241.33,234.54,209.84,0.80,uptrend,0.00,0.49,false
2026-08-25,RSG,220.96,1343925,58.89,82.99,205.88,224.18,204.80,224.23,-17.01,74,DoubleTop|ThreeRisingValleys,309.64,HOLD,4.20,214.66,233.56,214.66,223.06,2.24,-1.18,3.42,215.03,217.10,215.39,214.38,0.95,uptrend,0.00,0.40,false
2026-08-25,RVTY,124.84,1035638,66.65,98.98,108.92,125.08,107.73,124.97,-1.02,74,ThreeRisingValleys|AscendingScallop,490.02,HOLD,3.84,119.09,136.35,119.09,126.76,3.62,2.74,0.88,117.00,117.77,112.11,100.89,0.66,uptrend,0.83,0.82,true
2026-08-25,SHW,350.45,1271535,51.81,31.43,337.15,372.42,337.48,372.16,-68.57,74,DoubleBottom|DoubleTop|ThreeDescendingPeaks,81.42,HOLD,8.78,337.28,376.80,337.28,354.84,6.13,13.06,-6.93,354.78,350.01,340.70,334.16,0.71,uptrend,0.00,0.08,false
2026-08-25,SLB,53.29,10688477,57.57,65.29,48.36,55.66,48.30,54.89,-34.71,74,DoubleTop|ThreeRisingValleys|AscendingScallop,326.66,HOLD,1.50,51.04,57.78,51.04,54.04,2.02,1.92,0.10,52.01,52.25,49.56,48.24,1.09,uptrend,0.00,0.28,false
2026-08-25,SMCI,38.46,47778511,62.08,70.34,24.96,42.27,25.68,42.31,-29.66,74,AscendingScallop,320.34,HOLD,2.58,34.59,46.20,34.59,39.75,4.00,3.37,0.63,33.61,34.54,30.71,31.37,0.86,uptrend,0.00,0.49,false
2026-08-25,SNDK,1480.77,8968170,49.17,47.78,1034.71,1787.51,998.19,1827.99,-52.22,74,ThreeRisingValleys|AscendingScallop,278.06,HOLD,152.10,1252.62,1937.07,1252.62,1556.82,97.93,9.95,87.97,1411.11,1495.41,1636.42,952.03,0.56,uptrend,0.17,0.75,true
2026-08-25,SNPS,408.79,2963364,51.06,54.90,376.70,427.26,370.20,425.78,-45.10,74,DoubleTop|HeadAndShoulders|AscendingScallop,95.17,HOLD,12.53,389.99,446.38,389.99,415.06,10.02,8.86,1.16,401.98,404.62,417.95,446.00,1.95,downtrend,0.00,0.28,false
2026-08-25,STE,236.44,891836,59.23,81.56,228.66,240.54,214.54,241.39,-18.44,74,DoubleTop|ThreeRisingValleys,258.73,HOLD,5.60,228.04,253.24,228.04,239.24,5.54,7.74,-2.20,234.60,232.59,221.09,234.14,1.20,uptrend,0.00,0.28,false
2026-08-25,STLD,231.08,1318443,39.68,24.65,222.10,280.72,218.02,273.36,-75.35,74,ThreeDescendingPeaks|DescendingScallop,127.47,HOLD,10.15,215.85,261.54,215.85,236.16,-3.36,6.05,-9.41,251.41,244.45,244.86,206.93,1.05,uptrend,0.00,0.35,false
2026-08-25,STX,821.67,2557698,46.17,23.74,744.02,965.40,747.55,1013.99,-76.26,74,AscendingScallop,182.71,HOLD,67.26,720.78,1023.45,720.78,855.30,15.43,16.54,-1.11,854.71,857.65,887.78,571.32,0.52,uptrend,0.00,0.63,true
2026-08-25,SWKS,65.70,4946682,47.71,34.37,61.25,72.34,57.50,70.75,-65.63,74,DoubleTop|AscendingScallop,93.92,HOLD,2.90,61.34,74.41,61.34,67.15,2.32,3.36,-1.04,66.80,66.71,65.46,63.86,0.89,uptrend,0.00,0.20,false
2026-08-25,SYK,330.59,2202653,48.36,25.57,322.62,353.05,317.62,352.49,-74.43,74,DoubleBottom|BearishFlag|DoubleTop|DescendingScallop,127.77,HOLD,10.01,315.57,360.62,315.57,335.60,1.55,5.30,-3.75,337.83,333.84,327.41,340.18,0.92,downtrend,0.00,0.08,false
2026-08-25,TECH,72.33,1898209,67.10,60.27,71.90,72.51,71.89,72.62,-39.73,74,DoubleBottom|DoubleTop|HeadAndShoulders,142.29,HOLD,0.41,71.72,73.55,71.72,72.53,0.19,0.22,-0.02,72.20,71.93,69.60,60.47,0.59,uptrend,0.00,0.82,true
2026-08-25,TEL,201.41,2155848,42.09,9.38,197.49,222.75,199.28,221.98,-90.62,74,DoubleBottom|DoubleTop|InvertedCupWithHandle,216.00,SELL,6.37,210.97,182.29,210.97,198.22,0.28,3.82,-3.54,210.12,207.70,206.24,217.67,1.02,downtrend,0.00,0.08,false
2026-08-25,TER,366.43,1679243,46.27,18.31,332.78,434.18,319.19,444.17,-81.69,74,HeadAndShoulders|AscendingScallop,125.74,HOLD,27.90,324.58,450.13,324.58,380.38,14.55,21.46,-6.92,383.48,382.02,384.97,309.30,0.51,uptrend,0.00,0.15,false
2026-08-25,TGT,163.47,6231619,66.37,71.17,139.57,166.90,141.05,170.75,-28.83,74,AscendingScallop,386.46,BUY,5.27,155.57,179.27,155.57,166.10,7.44,6.39,1.05,153.23,154.05,142.24,119.57,1.32,uptrend,1.00,0.83,true
2026-08-25,TJX,139.48,6068779,24.64,1.33,137.78,167.95,139.17,163.04,-98.67,74,ThreeDescendingPeaks|DescendingScallop,216.00,SELL,3.48,144.70,129.05,144.70,137.74,-5.17,-1.05,-4.12,152.87,149.72,154.88,155.20,0.96,downtrend,0.00,0.08,false
2026-08-25,TMO,628.15,1535264,73.80,86.85,555.23,635.95,560.42,637.01,-13.15,74,ThreeRisingValleys|AscendingScallop,489.00,HOLD,16.14,603.94,676.57,603.94,636.22,21.72,21.57,0.15,595.59,595.97,547.91,534.42,0.85,uptrend,1.00,0.82,true
2026-08-25,TPL,372.79,242613,48.01,61.11,333.26,409.59,335.10,411.46,-38.89,74,DoubleBottom|DescendingScallop,118.68,HOLD,17.81,346.07,426.23,346.07,381.70,-17.67,-22.85,5.18,371.43,374.17,387.60,390.12,0.58,downtrend,0.00,0.20,false
2026-08-25,TPR,130.12,2297585,35.85,10.29,117.40,172.79,126.14,164.80,-89.71,74,BearishFlag|ThreeDescendingPeaks|DescendingScallop,190.16,HOLD,5.12,122.44,145.48,122.44,132.68,-7.27,0.45,-7.72,145.09,139.69,144.63,137.48,0.71,downtrend,0.00,0.08,false
2026-08-25,TRMB,59.43,2303195,57.89,64.75,55.63,60.97,54.71,62.00,-35.25,74,DoubleBottom|HeadAndShoulders,162.27,HOLD,2.04,56.37,65.55,56.37,60.45,1.19,1.96,-0.77,58.30,57.87,54.42,65.56,0.82,downtrend,0.00,0.20,false
2026-08-25,TSCO,35.38,7641821,60.69,57.22,30.59,37.79,29.46,36.89,-42.78,74,DoubleTop|HeadAndShoulders|AscendingScallop,145.00,HOLD,1.12,33.70,38.74,33.70,35.94,2.02,2.04,-0.03,34.19,34.29,32.01,42.69,0.67,downtrend,0.00,0.20,false
2026-08-25,TSLA,350.25,29715710,51.91,68.12,301.04,363.50,297.38,366.50,-31.88,74,ThreeRisingValleys|AscendingScallop,322.61,HOLD,13.52,329.97,390.81,329.97,357.01,9.72,-5.43,15.15,332.27,343.46,363.73,402.28,0.87,downtrend,0.00,0.20,false
2026-08-25,TT,455.25,1337379,41.75,21.25,438.80,493.63,439.82,493.71,-78.75,74,DoubleBottom|DoubleTop,141.32,HOLD,12.20,436.95,491.85,436.95,461.35,-1.51,1.02,-2.52,466.22,465.89,473.88,443.44,1.13,uptrend,0.00,0.14,false
2026-08-25,TTD,13.25,11008115,32.23,6.81,10.48,20.12,12.83,19.55,-93.19,74,DoubleBottom|ThreeDescendingPeaks|DescendingScallop|DiamondBottom,216.00,SELL,0.85,14.53,10.69,14.53,12.82,-2.33,-1.84,-0.49,15.30,14.86,17.26,26.20,0.36,downtrend,0.00,0.08,false
2026-08-25,TXN,260.05,4257066,37.19,14.14,258.87,289.48,255.18,289.62,-85.86,74,DoubleTop|MeasuredMoveDown,218.27,SELL,10.15,275.28,229.59,275.28,254.97,-4.64,-4.25,-0.39,274.17,273.82,288.57,235.45,0.65,uptrend,0.00,0.15,false
2026-08-25,TYL,350.06,664559,63.35,83.51,294.73,358.44,299.73,360.00,-16.49,74,ThreeRisingValleys|AscendingScallop|MeasuredMoveUp,474.66,HOLD,13.66,329.57,391.05,329.57,356.89,13.92,7.01,6.92,326.59,330.52,311.44,361.37,0.80,downtrend,0.00,0.35,false
2026-08-25,UBER,80.35,14118251,65.04,99.47,67.79,81.98,66.74,80.42,-0.53,74,DoubleTop|CupWithHandle|InvertedCupWithHandle|AscendingScallop,327.27,BUY,2.60,76.46,88.14,76.46,81.65,3.78,2.28,1.50,74.88,75.80,73.34,76.96,0.74,uptrend,0.83,0.56,true
2026-08-25,ULTA,537.22,707090,57.82,59.92,494.78,561.02,493.11,566.73,-40.08,74,DoubleBottom,222.01,HOLD,16.86,511.93,587.80,511.93,545.65,6.96,19.47,-12.52,527.90,520.36,493.16,555.39,1.20,downtrend,0.00,0.28,false
2026-08-25,UNP,309.59,2197884,67.93,92.15,285.17,309.59,284.79,311.23,-7.85,74,AscendingScallop,415.32,BUY,6.14,300.37,328.02,300.37,312.66,2.54,0.31,2.23,297.38,299.21,287.79,257.24,0.87,uptrend,0.83,0.75,true
2026-08-25,UPS,105.14,7279628,48.66,65.18,100.66,108.12,101.34,109.42,-34.82,74,DoubleBottom,240.69,HOLD,2.43,101.49,112.44,101.49,106.36,-2.91,-3.81,0.90,104.39,104.94,108.22,104.53,1.45,uptrend,0.00,0.28,false
2026-08-25,URI,1053.14,441229,39.45,3.01,1046.66,1190.35,1049.23,1179.18,-96.99,74,DoubleBottom|DoubleTop,170.00,HOLD,33.84,1002.38,1154.66,1002.38,1070.06,5.52,27.46,-21.94,1118.51,1108.52,1098.10,920.42,1.01,uptrend,0.00,0.55,true
2026-08-25,VLTO,98.77,1257813,58.35,57.44,94.25,100.63,92.36,102.25,-42.56,74,DoubleTop,106.87,HOLD,2.20,95.47,105.37,95.47,99.87,1.62,1.89,-0.27,97.44,97.17,93.01,93.45,0.84,uptrend,0.00,0.54,false
2026-08-25,VMC,274.09,632668,44.37,20.71,267.62,290.52,266.68,300.63,-79.29,74,DoubleBottom|DescendingScallop,246.49,SELL,7.52,285.37,251.52,285.37,270.33,-1.38,-1.03,-0.35,279.07,278.96,287.97,289.20,0.64,downtrend,0.00,0.08,false
2026-08-25,VRSN,293.75,606397,59.21,84.29,271.88,302.84,271.10,303.00,-15.71,74,,256.71,BUY,8.56,280.91,319.44,280.91,298.03,-0.17,4.81,-4.98,287.36,283.46,273.87,260.00,0.80,uptrend,0.83,0.62,true
2026-08-25,VRT,255.75,3916494,40.14,11.48,228.80,304.71,220.92,300.30,-88.52,74,AscendingScallop,131.00,HOLD,16.10,231.59,304.06,231.59,263.80,0.92,-3.49,4.42,266.75,272.57,292.09,253.87,0.62,uptrend,0.00,0.08,false
2026-08-25,VRTX,552.85,774669,68.27,96.20,457.07,567.19,465.51,555.69,-3.80,74,DoubleTop|ThreeRisingValleys|AscendingScallop,419.19,HOLD,15.21,530.03,598.48,530.03,560.46,27.67,17.19,10.48,512.13,519.98,495.07,461.28,0.62,uptrend,0.83,0.70,true
2026-08-25,WAB,296.94,608870,57.34,49.42,289.91,301.17,287.75,306.64,-50.58,74,DoubleBottom|DoubleTop|HeadAndShoulders,79.87,HOLD,6.40,287.34,316.14,287.34,300.14,1.34,6.30,-4.95,295.54,293.50,281.21,250.96,0.66,uptrend,0.00,0.60,true
2026-08-25,WAT,414.44,631808,61.39,77.88,375.46,429.39,370.40,421.74,-22.12,74,DoubleTop|AscendingScallop,280.24,BUY,12.22,396.11,451.11,396.11,420.55,15.05,15.90,-0.85,402.42,402.56,383.44,359.39,0.73,uptrend,0.83,0.82,true
2026-08-25,WDAY,194.42,3487477,62.16,48.68,153.85,212.18,149.54,227.49,-51.32,74,ThreeRisingValleys|AscendingScallop,308.68,HOLD,10.03,179.38,224.50,179.38,199.43,19.84,19.18,0.66,183.02,182.90,153.12,161.29,0.72,uptrend,0.33,0.75,true
2026-08-25,WELL,241.15,1764593,58.88,90.85,228.54,242.61,224.97,245.30,-9.15,74,DoubleBottom|DoubleTop|InvertedCupWithHandle,247.47,BUY,4.84,233.89,255.67,233.89,243.57,-2.77,-3.93,1.16,235.58,236.70,233.15,209.03,0.59,uptrend,1.00,0.69,true
2026-08-25,WM,222.13,2277324,40.19,1.15,220.29,231.80,222.02,242.88,-98.85,74,DoubleBottom|DescendingScallop,175.00,HOLD,4.28,215.70,234.98,215.70,224.27,-3.71,-4.85,1.14,226.05,226.39,228.08,224.58,1.11,downtrend,0.00,0.14,false
2026-08-25,WSM,234.74,1459342,46.95,16.94,228.77,254.42,228.52,254.89,-83.06,74,DoubleBottom|DoubleTop,122.60,HOLD,6.69,224.71,254.80,224.71,238.08,3.58,8.11,-4.53,241.59,238.65,232.64,202.79,1.61,uptrend,0.00,0.49,false
2026-08-25,WST,348.48,383351,49.55,29.74,339.40,358.04,330.69,360.29,-70.26,74,DoubleTop|AscendingScallop,92.95,HOLD,8.23,336.13,373.18,336.13,352.60,2.66,0.86,1.79,348.72,349.70,348.66,290.85,0.72,uptrend,0.00,0.75,true
2026-08-25,WY,24.43,2773712,49.04,35.66,23.51,26.04,23.16,26.00,-64.34,74,DoubleBottom|InvertedCupWithHandle,82.85,HOLD,0.62,23.50,26.29,23.50,24.74,-0.03,0.37,-0.40,24.78,24.54,24.35,24.23,0.51,uptrend,0.00,0.14,false
2026-08-25,XOM,160.64,17259903,56.31,53.24,150.55,167.79,149.09,168.64,-46.76,74,ThreeRisingValleys|AscendingScallop,346.17,HOLD,3.60,155.23,171.45,155.23,162.44,4.02,3.56,0.46,159.17,159.35,149.59,143.05,1.22,uptrend,0.00,0.42,false
2026-08-25,XYL,112.81,2231381,38.91,4.64,111.64,125.19,112.26,124.37,-95.36,74,DoubleTop,216.00,SELL,3.00,117.31,103.81,117.31,111.31,-1.27,-0.40,-0.87,118.41,117.27,117.95,125.79,1.33,downtrend,0.00,0.08,false
2026-08-25,ZBRA,360.52,490641,62.70,28.32,287.64,419.95,276.53,386.23,-71.68,74,DoubleTop|AscendingScallop,180.64,HOLD,12.81,341.30,398.96,341.30,366.93,36.69,46.83,-10.14,353.80,348.47,296.34,253.04,0.57,uptrend,0.00,0.75,true
