Date,Ticker,Close,Volume,RSI,StochK,BBLower,BBUpper,DonchLower,DonchUpper,WilliamsR,FearGreed,Patterns,Score,Opinion,ATR,StopLoss,TakeProfit,TrailingStop,TrailingStart,MACD,MACDSignal,MACDHistogram,SMA20,EMA20,SMA50,SMA200,VolumeRatio,TrendRegime,ConfluenceRatio,InstitutionalScore,InstitutionalPassed
2026-09-01,A,149.93,2418689,53.34,18.66,139.42,160.97,136.66,163.75,-81.34,69,AscendingScallop,173.38,HOLD,4.54,143.12,163.56,143.12,152.20,5.71,6.30,-0.59,150.20,150.10,140.61,131.51,1.17,uptrend,0.00,0.57,true
2026-09-01,AAPL,325.13,52432411,61.06,91.41,300.53,322.11,300.57,327.30,-8.59,69,AscendingScallop,407.82,HOLD,7.62,313.69,348.00,313.69,328.94,-0.25,-5.82,5.57,311.32,314.35,312.94,283.07,1.29,uptrend,0.83,0.64,true
2026-09-01,ABBV,259.99,3814980,55.54,67.46,239.50,270.18,241.20,266.97,-32.54,69,AscendingScallop,307.81,HOLD,5.82,251.25,277.46,251.25,262.90,4.80,1.45,3.35,254.84,257.17,252.66,227.83,0.82,uptrend,0.00,0.55,false
2026-09-01,ABT,108.93,7095041,49.55,14.53,104.69,117.78,104.20,117.34,-85.47,69,AscendingScallop,121.07,HOLD,2.69,104.89,117.01,104.89,110.28,2.99,3.80,-0.81,111.24,110.60,102.81,106.70,0.92,uptrend,0.00,0.15,false
2026-09-01,ACN,188.09,3407477,64.37,84.48,167.18,192.26,157.76,191.46,-15.52,69,AscendingScallop,329.72,HOLD,7.12,177.41,209.44,177.41,191.65,6.27,9.98,-3.71,179.72,178.50,156.70,204.02,0.66,downtrend,0.00,0.27,false
2026-09-01,ADBE,286.08,4380294,63.78,80.50,249.31,290.80,245.46,294.53,-19.50,69,ThreeRisingValleys|AscendingScallop,428.79,HOLD,10.55,270.25,317.74,270.25,291.36,8.98,12.00,-3.02,270.05,269.64,242.02,268.95,1.01,uptrend,0.00,0.35,false
2026-09-01,ADI,354.52,2908449,35.68,12.07,357.23,394.99,348.70,396.95,-87.93,69,ThreeDescendingPeaks|DescendingScallop,160.13,HOLD,11.94,336.61,390.33,336.61,360.49,-2.67,2.11,-4.77,376.11,372.40,380.64,346.44,0.83,uptrend,0.00,0.08,false
2026-09-01,ADM,84.55,3954240,61.19,99.20,76.57,83.77,75.77,84.62,-0.80,69,DoubleBottom|DoubleTop,355.54,HOLD,2.64,80.58,92.48,80.58,85.87,0.68,-0.48,1.17,80.17,80.80,80.43,71.73,1.05,uptrend,0.83,0.77,true
2026-09-01,ADSK,247.69,1812452,51.75,20.93,236.35,265.39,229.70,271.72,-79.07,69,AscendingScallop,118.22,HOLD,10.04,232.63,277.81,232.63,252.71,5.49,10.94,-5.46,250.87,248.70,226.69,248.16,1.01,downtrend,0.00,0.08,false
2026-09-01,AKAM,106.46,2684103,39.75,10.40,101.60,128.34,104.07,127.04,-89.60,69,ThreeDescendingPeaks|DescendingScallop,189.85,HOLD,5.22,98.64,122.11,98.64,109.07,-2.69,-0.61,-2.08,114.97,112.99,116.94,109.23,0.76,downtrend,0.00,0.08,false
2026-09-01,ALB,135.54,1512960,54.88,49.70,120.83,143.74,118.41,144.06,-50.30,69,HeadAndShoulders|AscendingScallop,145.00,HOLD,5.57,127.19,152.25,127.19,138.32,7.26,7.67,-0.41,132.28,132.73,129.22,156.20,0.71,downtrend,0.00,0.20,false
2026-09-01,ALGN,154.96,567287,35.42,3.47,152.15,182.55,153.98,182.20,-96.53,69,BearishFlag|ThreeDescendingPeaks|DescendingScallop,191.00,HOLD,6.07,145.86,173.17,145.86,157.99,-5.62,-2.54,-3.08,167.35,165.14,172.46,170.12,0.69,downtrend,0.00,0.08,false
2026-09-01,ALLE,151.82,1145963,38.64,0.44,154.27,171.90,151.74,170.87,-99.56,69,ThreeDescendingPeaks|DescendingScallop,166.00,HOLD,4.04,145.76,163.93,145.76,153.84,-1.83,3.30,-5.13,163.08,159.18,150.82,151.24,0.82,uptrend,0.00,0.20,false
2026-09-01,AMAT,441.85,7105514,34.25,2.42,448.48,566.12,438.83,563.76,-97.58,69,ThreeDescendingPeaks|DescendingScallop,166.00,HOLD,27.19,401.07,523.41,401.07,455.44,-14.97,-5.59,-9.38,507.30,497.58,547.56,402.65,0.97,uptrend,0.00,0.23,false
2026-09-01,AMD,459.61,16112953,43.60,12.98,451.22,505.56,451.00,517.35,-87.02,69,DescendingScallop,141.57,HOLD,23.74,424.00,530.82,424.00,471.48,-3.49,-5.51,2.02,478.39,478.62,502.90,337.72,0.80,uptrend,0.00,0.63,true
2026-09-01,ANET,189.26,4280712,50.05,22.47,181.24,208.00,182.83,214.89,-77.53,69,,112.51,HOLD,8.78,176.09,215.60,176.09,193.65,3.83,8.63,-4.80,194.62,191.35,180.88,150.73,0.58,uptrend,0.00,0.63,true
2026-09-01,AOS,58.49,1019859,38.18,1.41,59.51,65.02,58.41,64.32,-98.59,69,DoubleTop|HeadAndShoulders,216.00,SELL,1.68,61.01,53.45,61.01,57.65,-0.37,0.52,-0.89,62.27,61.57,61.26,65.30,0.80,downtrend,0.00,0.08,false
2026-09-01,APD,305.32,963470,53.66,46.46,295.86,312.03,288.00,313.93,-53.54,69,DoubleTop|AscendingScallop,176.38,HOLD,6.54,295.51,324.94,295.51,308.59,3.10,4.12,-1.02,303.95,303.58,298.20,281.58,1.04,uptrend,0.00,0.55,true
2026-09-01,AVGO,369.68,18744535,43.33,26.21,336.38,438.70,350.06,432.73,-73.79,69,DescendingScallop,127.09,HOLD,13.13,349.98,409.08,349.98,376.25,-19.82,-7.17,-12.66,387.54,378.14,384.84,369.55,0.98,uptrend,0.00,0.08,false
2026-09-01,AVY,173.07,842009,45.91,0.70,172.55,185.24,171.10,185.77,-99.30,69,DoubleBottom|FallingWedge|DoubleTop|HeadAndShoulders,181.29,HOLD,4.75,165.94,187.32,165.94,175.45,2.34,5.70,-3.36,178.90,176.83,169.34,173.08,0.81,sideways,0.00,0.08,false
2026-09-01,AZO,2965.83,313407,44.59,24.28,2931.91,3120.83,2903.57,3160.00,-75.72,69,DoubleBottom|DoubleTop|HeadAndShoulders,175.54,HOLD,79.97,2845.87,3205.74,2845.87,3005.82,-30.43,-3.90,-26.52,3026.37,3011.91,3042.22,3398.81,1.36,downtrend,0.00,0.08,false
2026-09-01,BBY,82.63,4526347,46.58,43.73,79.83,89.51,76.70,90.26,-56.27,69,HeadAndShoulders,75.66,HOLD,3.51,77.36,93.16,77.36,84.39,0.12,-0.32,0.44,84.67,84.66,83.19,71.25,1.16,uptrend,0.00,0.63,true
2026-09-01,BDX,187.12,1279512,65.95,62.67,171.12,195.77,166.80,193.07,-37.33,69,ThreeRisingValleys|AscendingScallop,376.40,HOLD,4.15,180.89,199.57,180.89,189.20,7.92,10.18,-2.26,183.44,182.46,166.69,159.08,0.70,uptrend,0.00,0.55,false
2026-09-01,BIIB,216.04,742044,55.06,68.83,201.66,224.16,199.93,222.85,-31.17,69,ThreeRisingValleys|AscendingScallop,374.59,HOLD,6.03,207.00,234.12,207.00,219.05,5.54,4.56,0.98,212.91,213.79,207.77,189.91,0.97,uptrend,0.00,0.55,false
2026-09-01,BKNG,195.69,5297806,43.13,1.32,196.39,220.15,190.37,217.32,-98.68,69,DoubleTop,113.40,HOLD,6.57,185.84,215.39,185.84,198.97,2.51,9.09,-6.58,208.27,204.08,192.28,185.89,0.98,uptrend,0.00,0.49,false
2026-09-01,BLDR,62.79,3731186,34.27,3.64,64.43,77.53,62.31,76.80,-96.36,69,ThreeDescendingPeaks|DescendingScallop,216.00,SELL,3.20,67.59,53.19,67.59,61.19,-1.71,-0.31,-1.40,70.98,69.81,74.49,90.88,1.95,downtrend,0.00,0.08,false
2026-09-01,BSX,48.08,11176565,47.90,28.84,46.80,52.78,46.09,52.99,-71.16,69,DoubleTop,141.97,HOLD,1.86,45.28,53.67,45.28,49.01,0.61,2.09,-1.48,49.79,48.84,46.66,67.88,0.59,downtrend,0.00,0.08,false
2026-09-01,CAH,239.35,1299814,57.94,88.41,229.08,241.53,227.68,258.30,-11.59,69,DoubleBottom,304.10,HOLD,5.62,230.92,256.20,230.92,242.16,0.48,1.94,-1.46,235.30,234.48,233.10,214.99,0.71,uptrend,0.00,0.41,false
2026-09-01,CARR,57.25,4853877,27.21,0.66,56.73,66.53,57.20,66.14,-99.34,69,ThreeDescendingPeaks|DescendingScallop,195.00,HOLD,1.63,54.81,62.13,54.81,58.06,-1.97,-1.77,-0.21,61.63,61.11,65.88,61.30,0.93,downtrend,0.00,0.08,false
2026-09-01,CDNS,313.04,2269396,39.59,4.44,307.40,348.20,311.43,349.11,-95.56,69,DoubleTop,175.00,HOLD,12.84,293.78,351.56,293.78,319.46,-5.52,-6.43,0.91,327.80,329.88,346.92,327.20,1.10,downtrend,0.00,0.08,false
2026-09-01,CDW,150.30,1637683,60.66,88.24,128.08,152.62,113.00,154.50,-11.76,69,DoubleTop|DescendingScallop|MeasuredMoveUp,322.12,HOLD,6.67,140.30,170.30,140.30,153.63,-1.08,-1.20,0.11,140.35,141.34,138.14,131.65,0.81,uptrend,0.00,0.49,false
2026-09-01,CEG,280.31,2395104,56.91,69.84,262.57,286.01,260.67,287.00,-30.16,69,DoubleBottom|DoubleTop|AscendingScallop,263.15,HOLD,9.32,266.33,308.27,266.33,284.97,4.30,4.61,-0.31,274.29,274.20,265.05,297.44,0.91,downtrend,0.00,0.26,false
2026-09-01,CF,135.60,3807520,68.23,99.23,110.91,133.68,109.43,135.77,-0.77,69,ThreeRisingValleys|AscendingScallop,506.86,BUY,5.02,128.07,150.65,128.07,138.11,2.80,-0.23,3.03,122.30,124.53,118.75,107.07,1.47,uptrend,0.83,0.90,true
2026-09-01,CHD,99.43,1859267,47.30,45.40,97.32,105.19,96.27,104.31,-54.60,69,DoubleBottom|DoubleTop|DescendingScallop,74.18,HOLD,2.32,95.96,106.38,95.96,100.59,-0.51,0.55,-1.06,101.25,100.49,99.06,94.62,1.06,uptrend,0.00,0.08,false
2026-09-01,CHRW,147.88,999876,40.74,55.29,140.37,154.51,141.24,157.67,-44.71,69,DoubleBottom|DescendingScallop,106.30,HOLD,5.26,139.99,163.66,139.99,150.51,-4.06,-12.35,8.29,147.44,151.51,170.86,172.83,0.71,downtrend,0.00,0.08,false
2026-09-01,CIEN,360.33,2193783,40.16,3.69,360.22,445.79,356.41,462.69,-96.31,69,ThreeDescendingPeaks|DescendingScallop,191.00,HOLD,28.26,317.94,445.11,317.94,374.46,3.28,11.60,-8.32,403.00,396.70,414.69,374.25,1.11,downtrend,0.00,0.08,false
2026-09-01,CL,89.63,4352120,43.20,9.96,89.33,94.11,89.16,94.15,-90.04,69,DoubleBottom|DoubleTop|DescendingScallop|MeasuredMoveDown,166.00,HOLD,1.88,86.80,95.28,86.80,90.57,-0.78,-0.17,-0.60,91.72,91.30,91.90,87.49,1.03,uptrend,0.00,0.08,false
2026-09-01,CLX,94.97,3322811,33.72,0.55,98.71,111.28,94.89,109.42,-99.45,69,DoubleTop|HeadAndShoulders,216.00,SELL,3.22,99.79,85.32,99.79,93.36,0.82,3.43,-2.61,105.00,102.80,99.65,103.32,1.09,downtrend,0.00,0.08,false
2026-09-01,CMI,551.15,1071371,26.33,1.13,546.97,673.64,550.02,661.01,-98.87,69,ThreeDescendingPeaks|DescendingScallop,191.00,HOLD,19.18,522.38,608.68,522.38,560.74,-25.40,-16.39,-9.01,610.30,601.51,645.24,598.27,1.12,downtrend,0.00,0.08,false
2026-09-01,COHR,272.03,5323869,42.13,9.44,251.42,369.69,262.62,391.37,-90.56,69,ThreeDescendingPeaks|DescendingScallop,191.00,HOLD,25.29,234.09,347.91,234.09,284.68,-7.75,8.67,-16.42,310.56,297.09,314.44,274.45,0.72,downtrend,0.00,0.08,false
2026-09-01,COO,69.28,1362601,33.20,2.27,70.07,79.08,69.07,78.11,-97.73,69,DoubleTop|HeadAndShoulders,216.00,SELL,1.60,71.68,64.47,71.68,68.48,-0.08,1.45,-1.54,74.58,73.36,72.44,73.42,0.82,downtrend,0.00,0.08,false
2026-09-01,COP,136.19,6405596,69.15,99.10,114.82,139.83,114.71,136.30,-0.90,69,AscendingScallop,423.43,HOLD,3.29,131.25,146.07,131.25,137.84,6.42,5.43,0.99,127.33,128.16,118.08,111.84,0.90,uptrend,0.83,0.62,true
2026-09-01,COR,330.97,1511737,61.80,97.71,305.87,334.11,301.23,333.95,-2.29,69,DoubleTop|ThreeRisingValleys|AscendingScallop,368.62,HOLD,8.17,318.71,355.49,318.71,335.06,2.14,3.32,-1.18,319.99,319.55,308.05,322.57,1.01,uptrend,0.00,0.43,false
2026-09-01,CPRT,32.47,5528993,57.97,63.61,27.67,35.20,28.55,34.63,-36.39,69,ThreeRisingValleys|AscendingScallop,306.49,HOLD,1.06,30.88,35.64,30.88,32.99,1.78,1.41,0.37,31.43,31.78,29.82,34.61,0.54,downtrend,0.00,0.20,false
2026-09-01,CRH,91.20,5883686,35.13,1.64,91.41,102.00,91.03,102.28,-98.36,69,DescendingScallop,220.00,SELL,2.68,95.22,83.15,95.22,89.86,-2.34,-1.65,-0.69,96.70,96.39,101.19,111.82,1.32,downtrend,0.00,0.08,false
2026-09-01,CRL,282.34,688872,58.80,21.31,251.48,311.85,228.52,303.31,-78.69,69,AscendingScallop,231.85,BUY,10.16,267.10,312.81,267.10,287.42,19.65,24.88,-5.23,281.67,278.86,246.98,197.68,0.69,uptrend,0.33,0.75,true
2026-09-01,CRM,258.11,14725639,81.25,92.64,163.47,257.56,183.00,263.53,-7.36,69,ThreeRisingValleys|AscendingScallop,465.56,BUY,10.52,242.33,289.68,242.33,263.37,16.30,12.49,3.82,210.51,216.05,185.17,200.45,0.92,uptrend,0.83,0.75,true
2026-09-01,CRWD,215.07,13491926,54.50,64.27,182.65,238.49,181.24,233.88,-35.73,69,,207.81,BUY,12.77,195.91,253.38,195.91,221.46,-0.55,5.77,-6.31,210.57,207.56,198.35,141.33,1.39,uptrend,0.67,0.83,true
2026-09-01,CSCO,109.74,13854912,40.97,5.22,104.73,125.21,108.93,124.71,-94.78,69,DoubleBottom|InvertedCupWithHandle|DescendingScallop,166.00,HOLD,3.12,105.06,119.09,105.06,111.30,-3.78,-0.95,-2.83,114.97,113.06,115.17,94.10,0.67,uptrend,0.00,0.50,false
2026-09-01,CSGP,31.98,6088560,53.26,48.89,29.42,33.84,29.27,33.82,-51.11,69,DoubleTop|HeadAndShoulders|AscendingScallop,105.00,HOLD,1.40,29.88,36.19,29.88,32.68,1.05,1.33,-0.28,31.63,31.59,30.13,44.46,0.87,downtrend,0.00,0.20,false
2026-09-01,CSX,48.70,15630971,36.73,20.23,49.21,52.10,47.83,52.15,-79.77,69,DoubleTop,121.01,HOLD,1.08,47.08,51.93,47.08,49.24,0.16,-0.10,0.26,50.65,50.61,49.89,42.86,1.62,uptrend,0.00,0.48,false
2026-09-01,CTAS,200.59,1516339,48.86,37.15,198.14,207.27,196.50,207.51,-62.85,69,DoubleBottom|DoubleTop|HeadAndShoulders,88.65,HOLD,4.14,194.38,213.01,194.38,202.66,-1.67,-1.80,0.14,202.70,202.41,194.77,186.54,0.84,uptrend,0.00,0.34,false
2026-09-01,CTSH,63.39,4082272,68.74,80.19,54.47,65.21,52.80,65.08,-19.81,69,AscendingScallop,356.62,HOLD,2.28,59.98,70.22,59.98,64.53,3.08,4.34,-1.26,59.84,59.47,50.64,62.96,0.52,uptrend,0.00,0.27,false
2026-09-01,CTVA,87.73,5503037,68.22,99.15,72.62,86.24,74.51,87.84,-0.85,69,ThreeRisingValleys|AscendingScallop,506.54,BUY,2.35,84.20,94.79,84.20,88.91,0.40,-2.78,3.18,79.43,81.69,82.74,76.94,1.18,uptrend,0.83,0.63,true
2026-09-01,DASH,225.66,3508902,61.50,54.73,200.99,238.08,199.28,238.52,-45.27,69,ThreeRisingValleys|AscendingScallop,338.50,HOLD,7.89,213.82,249.33,213.82,229.61,11.30,13.31,-2.02,219.54,219.17,199.67,188.05,0.76,uptrend,0.67,0.75,true
2026-09-01,DD,132.11,982774,35.93,3.48,132.66,148.55,130.19,149.42,-96.52,69,DoubleBottom|ThreeDescendingPeaks|DescendingScallop,191.00,HOLD,3.50,126.86,142.62,126.86,133.86,-1.91,0.50,-2.41,140.61,138.60,138.86,136.40,0.73,downtrend,0.00,0.08,false
2026-09-01,DECK,84.58,2859152,32.63,6.23,83.64,100.70,83.93,101.67,-93.77,69,ThreeDescendingPeaks|DescendingScallop,216.00,SELL,3.03,89.13,75.48,89.13,83.06,-4.60,-4.22,-0.38,92.17,91.69,98.70,102.50,1.17,downtrend,0.00,0.08,false
2026-09-01,DHI,141.37,1995622,40.84,2.25,142.77,153.49,141.07,154.40,-97.75,69,DoubleTop|HeadAndShoulders,201.67,SELL,4.14,147.59,128.94,147.59,139.30,-0.29,0.73,-1.02,148.13,147.47,150.69,149.80,1.04,downtrend,0.00,0.08,false
2026-09-01,DHR,206.93,3144567,50.99,35.13,194.36,221.56,192.91,220.67,-64.87,69,AscendingScallop,130.15,HOLD,6.30,197.48,225.83,197.48,210.08,5.75,6.35,-0.60,207.96,208.28,199.52,203.01,0.93,uptrend,0.00,0.15,false
2026-09-01,DOV,189.93,1340485,29.64,3.04,193.78,215.49,189.30,214.57,-96.96,69,DescendingScallop,191.00,HOLD,4.68,182.90,203.98,182.90,192.27,-2.96,-0.86,-2.10,204.63,202.79,210.04,209.79,1.38,downtrend,0.00,0.08,false
2026-09-01,DVN,49.05,10152705,63.62,88.96,42.01,50.66,42.04,49.72,-11.04,69,AscendingScallop,393.89,HOLD,1.31,47.09,52.97,47.09,49.70,2.07,1.40,0.67,46.34,46.78,44.38,43.25,0.96,uptrend,0.00,0.42,false
2026-09-01,DXCM,90.14,2131753,60.96,51.77,83.68,94.02,82.09,92.59,-48.23,69,DoubleTop|HeadAndShoulders|AscendingScallop,129.37,HOLD,2.62,86.21,98.00,86.21,91.45,3.64,5.71,-2.06,88.85,87.73,79.59,70.29,0.46,uptrend,0.00,0.69,true
2026-09-01,EBAY,104.98,3322402,46.82,65.21,99.22,111.71,100.50,115.17,-34.79,69,DoubleBottom|DescendingScallop,144.87,HOLD,3.19,100.19,114.55,100.19,106.58,-3.49,-3.78,0.29,105.47,105.70,109.52,98.24,0.72,uptrend,0.00,0.35,false
2026-09-01,ECL,280.25,1344669,48.93,31.45,274.74,291.07,273.33,295.33,-68.55,69,DoubleBottom,150.24,HOLD,5.72,271.67,297.42,271.67,283.11,1.08,2.62,-1.55,282.91,282.24,278.22,272.42,0.93,uptrend,0.00,0.08,false
2026-09-01,EFX,186.20,802771,53.30,49.38,172.95,197.18,172.23,196.45,-50.62,69,AscendingScallop,183.71,HOLD,6.10,177.05,204.50,177.05,189.25,4.61,4.45,0.16,185.07,185.57,175.57,188.20,0.76,downtrend,0.00,0.26,false
2026-09-01,EL,100.00,2893792,62.01,65.84,77.43,109.68,83.38,108.38,-34.16,69,DoubleBottom,287.06,HOLD,3.53,94.70,110.59,94.70,101.77,6.37,4.44,1.93,93.55,95.44,86.97,92.00,0.77,uptrend,0.00,0.34,false
2026-09-01,EMR,147.63,2637735,40.20,3.41,150.26,166.61,146.97,166.35,-96.59,69,ThreeDescendingPeaks|DescendingScallop,166.00,HOLD,4.16,141.40,160.10,141.40,149.71,0.27,4.73,-4.46,158.44,155.20,148.89,142.25,0.98,uptrend,0.00,0.20,false
2026-09-01,EOG,148.35,3776909,56.47,59.67,134.31,154.76,133.45,153.67,-40.33,69,HeadAndShoulders|AscendingScallop|MeasuredMoveUp,304.73,HOLD,3.64,142.89,159.27,142.89,150.17,3.18,1.61,1.57,144.54,145.50,140.58,127.96,1.27,uptrend,0.00,0.49,false
2026-09-01,EQIX,1027.59,482122,41.67,3.12,1024.36,1104.72,1011.30,1109.22,-96.88,69,DoubleBottom|DoubleTop,171.20,HOLD,32.64,978.63,1125.52,978.63,1043.91,15.53,17.55,-2.02,1064.54,1060.45,1051.16,956.21,0.83,uptrend,0.00,0.28,false
2026-09-01,EW,90.74,2539397,53.57,39.31,88.38,93.40,87.95,93.91,-60.69,69,DoubleBottom|DoubleTop,96.47,HOLD,2.08,87.61,96.99,87.61,91.78,1.04,2.45,-1.41,90.89,90.27,89.47,84.86,0.85,uptrend,0.00,0.15,false
2026-09-01,EXPD,187.70,779863,60.90,71.16,176.90,193.50,167.85,191.79,-28.84,69,DoubleTop|AscendingScallop,269.03,HOLD,3.88,181.87,199.35,181.87,189.64,6.38,5.69,0.69,185.20,184.92,176.17,157.75,0.83,uptrend,0.83,0.75,true
2026-09-01,EXPE,304.23,2344253,46.32,3.50,302.89,340.45,298.70,342.00,-96.50,69,DoubleBottom,160.26,HOLD,12.30,285.78,341.13,285.78,310.38,9.33,17.89,-8.55,321.67,316.13,289.88,257.75,1.48,uptrend,0.00,0.63,true
2026-09-01,FAST,48.75,5527881,43.04,5.24,49.11,52.82,46.98,52.92,-94.76,69,DoubleTop|ThreeDescendingPeaks,90.34,HOLD,1.11,47.08,52.09,47.08,49.31,0.53,1.70,-1.17,50.96,50.18,48.45,45.19,0.83,uptrend,0.00,0.34,false
2026-09-01,FCX,72.47,12793280,53.89,47.03,62.64,80.51,65.57,80.24,-52.97,69,DoubleBottom,223.09,HOLD,2.92,68.09,81.22,68.09,73.93,4.02,3.64,0.38,71.57,71.89,65.69,60.26,0.89,uptrend,0.00,0.34,false
2026-09-01,FFIV,395.72,474359,48.32,39.49,374.00,427.17,376.21,425.61,-60.51,69,DescendingScallop,98.86,HOLD,13.77,375.07,437.02,375.07,402.60,-7.64,-2.51,-5.13,400.58,398.37,404.33,324.07,0.86,uptrend,0.00,0.57,true
2026-09-01,FICO,1103.68,249755,45.47,51.02,1004.24,1196.98,1015.00,1188.80,-48.98,69,ThreeRisingValleys|AscendingScallop,208.45,HOLD,51.02,1027.15,1256.74,1027.15,1129.19,2.48,-38.04,40.52,1100.61,1132.27,1170.98,1318.14,0.86,downtrend,0.00,0.20,false
2026-09-01,FIX,1554.37,347869,39.43,12.87,1519.79,1847.37,1505.73,1883.70,-87.13,69,ThreeDescendingPeaks|DescendingScallop,157.87,HOLD,90.98,1417.89,1827.32,1417.89,1599.86,-22.47,-6.49,-15.98,1683.58,1660.56,1744.47,1479.01,0.88,uptrend,0.00,0.20,false
2026-09-01,FLEX,106.86,2422190,39.09,7.33,103.26,132.02,104.90,131.63,-92.67,69,ThreeDescendingPeaks|DescendingScallop,166.00,HOLD,6.49,97.12,126.34,97.12,110.11,-2.36,-0.17,-2.19,117.64,115.64,126.75,93.88,0.81,uptrend,0.00,0.57,true
2026-09-01,FSLR,199.65,1687278,35.90,4.43,191.23,250.07,198.20,269.70,-95.57,69,InvertedCupWithHandle|ThreeDescendingPeaks|DescendingScallop,216.00,SELL,9.65,214.13,170.69,214.13,194.82,-9.07,-0.01,-9.05,220.65,214.11,221.69,231.34,0.76,downtrend,0.00,0.08,false
2026-09-01,FTNT,161.85,5359864,52.74,53.04,148.11,172.32,148.25,173.89,-46.96,69,DoubleTop|MeasuredMoveUp,163.41,HOLD,7.03,151.30,182.94,151.30,165.37,-0.89,0.22,-1.11,160.22,159.74,157.89,108.53,1.17,uptrend,0.00,0.83,true
2026-09-01,GDDY,100.55,1974296,57.92,86.53,87.75,102.58,87.51,102.39,-13.47,69,DoubleTop|AscendingScallop,300.71,HOLD,4.43,93.91,113.83,93.91,102.76,1.89,1.19,0.70,95.16,96.05,91.60,96.75,1.08,uptrend,0.00,0.50,false
2026-09-01,GEHC,70.42,2761283,47.53,3.15,69.94,75.42,69.58,75.65,-96.85,69,DoubleBottom|HeadAndShoulders,180.33,HOLD,1.69,67.89,75.48,67.89,71.26,1.15,3.01,-1.86,72.68,71.70,67.98,72.78,1.04,downtrend,0.00,0.08,false
2026-09-01,GEV,898.53,2322398,35.57,10.87,888.51,1086.40,874.00,1099.66,-89.13,69,ThreeDescendingPeaks|DescendingScallop,174.20,HOLD,47.21,827.72,1040.15,827.72,922.13,-14.24,0.09,-14.33,987.45,972.27,1027.16,878.98,1.13,uptrend,0.00,0.20,false
2026-09-01,GILD,149.92,4833660,66.99,99.72,128.93,154.17,129.02,149.96,-0.28,69,AscendingScallop,417.38,HOLD,3.81,144.21,161.35,144.21,151.82,6.70,5.35,1.35,141.55,142.82,135.05,133.97,0.80,uptrend,0.00,0.42,false
2026-09-01,GLW,145.56,10431811,42.64,11.13,141.49,171.29,141.63,176.94,-88.87,69,BearishFlag|ThreeDescendingPeaks|DescendingScallop,173.47,HOLD,9.76,130.91,174.85,130.91,150.44,2.20,5.29,-3.09,156.39,154.04,170.13,142.48,1.08,uptrend,0.00,0.08,false
2026-09-01,GNRC,181.42,948150,30.09,6.83,187.23,229.93,178.20,226.00,-93.17,69,ThreeDescendingPeaks|DescendingScallop,201.67,SELL,10.34,196.93,150.41,196.93,176.25,-1.47,2.87,-4.34,208.58,205.06,224.83,207.87,0.98,downtrend,0.00,0.08,false
2026-09-01,GOOGL,335.02,21023431,41.25,10.57,333.24,359.63,333.06,384.48,-89.43,69,HeadAndShoulders|InvertedCupWithHandle|DescendingScallop,191.00,HOLD,8.38,322.44,360.17,322.44,339.21,-4.61,-0.84,-3.76,346.43,344.78,348.91,335.05,0.90,downtrend,0.00,0.34,false
2026-09-01,GPC,134.84,921993,56.06,51.86,130.69,138.56,127.34,139.89,-48.14,69,DoubleBottom|DoubleTop,161.89,HOLD,3.28,129.91,144.69,129.91,136.48,2.12,3.72,-1.60,134.62,133.64,126.99,119.64,0.80,uptrend,0.00,0.75,true
2026-09-01,GRMN,275.17,782007,39.63,0.83,278.03,320.37,274.85,314.28,-99.17,69,DoubleTop|ThreeDescendingPeaks|DescendingScallop,141.00,HOLD,7.72,263.59,298.33,263.59,279.03,-1.99,12.70,-14.69,299.20,289.41,269.16,236.68,0.91,uptrend,0.00,0.23,false
2026-09-01,GWW,1309.21,191913,46.16,34.79,1278.70,1335.70,1260.22,1337.96,-65.21,69,DoubleTop,58.20,HOLD,27.19,1268.42,1390.78,1268.42,1322.81,-9.06,-22.61,13.55,1307.20,1319.09,1342.45,1170.05,0.76,uptrend,0.00,0.60,true
2026-09-01,HAL,36.80,8754616,63.92,80.47,31.54,37.25,31.72,37.80,-19.53,69,AscendingScallop,360.88,HOLD,1.06,35.21,39.99,35.21,37.33,1.52,1.09,0.42,34.39,34.81,33.92,34.65,0.82,uptrend,0.00,0.20,false
2026-09-01,HD,319.77,3287574,34.87,2.77,322.08,359.11,318.80,358.36,-97.23,69,ThreeDescendingPeaks|DescendingScallop,216.00,SELL,8.04,331.83,295.64,331.83,315.75,-5.27,0.56,-5.82,340.60,336.01,340.14,344.76,0.89,downtrend,0.00,0.08,false
2026-09-01,HSY,176.00,1548804,41.02,4.68,175.81,190.93,173.59,190.46,-95.32,69,DoubleBottom|DoubleTop|HeadAndShoulders,207.86,SELL,4.11,182.17,163.66,182.17,173.94,1.53,3.54,-2.01,183.37,182.22,178.98,192.49,1.31,downtrend,0.00,0.08,false
2026-09-01,HUBB,443.31,429343,32.37,2.34,438.97,533.47,441.64,529.39,-97.66,69,ThreeDescendingPeaks|DescendingScallop,191.00,HOLD,13.63,422.86,484.20,422.86,450.13,-14.93,-1.76,-13.17,486.22,475.47,488.94,485.14,0.98,downtrend,0.00,0.08,false
2026-09-01,IBM,231.40,3210957,46.85,29.83,229.17,239.95,223.30,241.80,-70.17,69,DoubleTop,141.57,HOLD,7.41,220.29,253.62,220.29,235.10,1.42,5.95,-4.54,234.56,233.92,243.38,263.75,0.63,downtrend,0.00,0.08,false
2026-09-01,IDXX,545.16,444658,44.11,15.15,530.54,598.93,538.20,624.15,-84.85,69,DoubleBottom|ThreeDescendingPeaks|DescendingScallop,216.00,SELL,16.66,570.15,495.17,570.15,536.83,-12.35,-2.44,-9.91,564.74,557.70,558.80,610.22,0.76,downtrend,0.00,0.08,false
2026-09-01,IEX,222.86,575326,37.37,5.96,226.58,242.79,221.60,242.73,-94.04,69,DoubleTop|HeadAndShoulders,166.00,HOLD,5.35,214.83,238.92,214.83,225.54,-0.04,3.39,-3.43,234.68,232.07,228.66,204.71,1.03,uptrend,0.00,0.34,false
2026-09-01,INCY,125.01,1170979,54.53,56.27,116.71,130.86,115.77,130.80,-43.73,69,AscendingScallop,256.64,BUY,3.53,119.71,135.60,119.71,126.78,2.48,2.00,0.47,123.78,124.20,119.13,104.29,0.89,uptrend,0.50,0.75,true
2026-09-01,IR,74.64,3060181,31.01,3.19,74.34,90.85,74.28,91.78,-96.81,69,DescendingScallop,216.00,SELL,2.32,78.11,67.69,78.11,73.48,-3.48,-1.60,-1.89,82.60,80.77,81.85,82.02,0.85,downtrend,0.00,0.08,false
2026-09-01,ISRG,369.25,1837675,44.32,9.82,358.39,406.52,364.26,405.34,-90.18,69,DoubleBottom|DoubleTop,213.92,SELL,11.71,386.82,334.11,386.82,363.39,2.65,13.65,-11.01,382.46,377.99,383.55,467.57,0.73,downtrend,0.00,0.08,false
2026-09-01,IT,189.93,768426,57.33,56.88,176.13,202.54,155.86,203.03,-43.12,69,ThreeRisingValleys|AscendingScallop,304.18,HOLD,8.71,176.86,216.07,176.86,194.29,10.55,16.17,-5.63,189.34,185.30,158.81,178.34,0.51,uptrend,0.00,0.49,false
2026-09-01,ITW,269.88,1084028,33.96,3.52,272.91,301.59,268.96,300.53,-96.48,69,ThreeDescendingPeaks|DescendingScallop,166.00,HOLD,5.74,261.27,287.10,261.27,272.75,-5.05,0.23,-5.28,287.25,282.94,279.63,266.32,1.14,uptrend,0.00,0.20,false
2026-09-01,JBHT,256.48,661183,37.11,2.81,255.63,284.71,255.57,287.93,-97.19,69,DoubleTop|ThreeDescendingPeaks|DescendingScallop|MeasuredMoveDown,150.00,HOLD,8.47,243.78,281.88,243.78,260.71,-1.78,-2.84,1.06,270.17,269.48,276.83,235.39,0.87,uptrend,0.00,0.28,false
2026-09-01,JBL,299.14,914841,37.25,5.41,286.87,379.09,294.69,376.97,-94.59,69,ThreeDescendingPeaks|DescendingScallop,166.00,HOLD,14.10,277.99,341.44,277.99,306.19,-4.93,9.79,-14.73,332.98,322.54,332.70,290.83,0.96,uptrend,0.00,0.08,false
2026-09-01,JCI,139.25,3159598,38.75,8.39,136.90,159.19,137.64,157.06,-91.61,69,BearishFlag|InvertedCupWithHandle|ThreeDescendingPeaks|DescendingScallop,166.00,HOLD,4.00,133.25,151.25,133.25,141.25,-2.19,1.49,-3.69,148.05,144.88,144.80,134.28,1.03,uptrend,0.00,0.14,false
2026-09-01,JNJ,271.19,5963070,59.47,75.11,253.18,276.53,250.44,276.47,-24.89,69,AscendingScallop,355.26,HOLD,5.41,263.08,287.41,263.08,273.89,4.73,3.78,0.95,264.86,265.72,258.96,234.26,0.92,uptrend,0.83,0.62,true
2026-09-01,KLAC,170.89,10217834,33.41,6.03,168.62,212.46,168.07,214.80,-93.97,69,ThreeDescendingPeaks|DescendingScallop,176.67,HOLD,9.44,156.73,199.20,156.73,175.61,-4.63,-1.60,-3.03,190.54,188.12,210.02,170.58,1.10,uptrend,0.00,0.15,false
2026-09-01,KMB,107.08,3608510,43.69,5.69,106.66,112.35,105.77,112.70,-94.31,69,DoubleBottom|DoubleTop|HeadAndShoulders,164.77,HOLD,2.49,103.34,114.55,103.34,108.33,-0.50,-0.30,-0.21,109.51,109.31,109.48,103.16,1.10,uptrend,0.00,0.08,false
2026-09-01,KVUE,18.75,21751057,43.14,10.99,18.65,19.61,18.65,19.70,-89.01,69,DoubleBottom|DoubleTop|HeadAndShoulders,166.00,HOLD,0.38,18.18,19.89,18.18,18.94,-0.14,-0.11,-0.03,19.13,19.09,19.14,17.91,1.04,uptrend,0.00,0.22,false
2026-09-01,LH,327.61,559925,58.79,46.39,309.84,342.62,300.58,341.80,-53.61,69,ThreeRisingValleys|AscendingScallop,305.27,HOLD,7.80,315.91,351.01,315.91,331.51,8.79,11.76,-2.98,326.23,324.85,300.92,274.26,0.96,uptrend,0.33,0.69,true
2026-09-01,LII,377.25,463530,25.95,1.25,373.33,453.95,376.48,456.50,-98.75,69,ThreeDescendingPeaks|DescendingScallop,200.00,SELL,14.13,398.45,334.85,398.45,370.18,-24.62,-34.49,9.87,413.64,416.59,485.68,499.82,0.93,downtrend,0.00,0.08,false
2026-09-01,LIN,486.76,1618293,45.99,63.92,475.36,495.78,473.05,499.18,-36.08,69,DoubleBottom|DoubleTop,150.96,HOLD,8.96,473.31,513.65,473.31,491.24,-4.19,-8.33,4.14,485.57,488.83,504.12,479.29,0.80,uptrend,0.00,0.20,false
2026-09-01,LITE,868.95,3817822,50.82,39.26,787.17,971.57,784.47,999.67,-60.74,69,DoubleBottom,160.09,HOLD,75.24,756.08,1094.68,756.08,906.57,58.53,63.22,-4.69,879.37,870.21,815.03,672.53,0.77,uptrend,0.00,0.15,false
2026-09-01,LLY,1160.00,2379649,43.34,8.93,1138.64,1274.39,1138.43,1292.65,-91.07,69,DoubleBottom|HeadAndShoulders,165.37,HOLD,37.26,1104.11,1271.78,1104.11,1178.63,14.31,21.80,-7.49,1206.52,1196.16,1189.16,1061.33,0.86,uptrend,0.00,0.29,false
2026-09-01,LOW,200.05,3413069,33.22,2.50,204.20,226.88,199.39,225.79,-97.50,69,DoubleTop|HeadAndShoulders,216.00,SELL,5.40,208.15,183.85,208.15,197.35,-1.79,2.26,-4.06,215.54,212.57,214.48,236.76,1.15,downtrend,0.00,0.08,false
2026-09-01,LRCX,290.20,8155813,40.76,6.15,290.55,340.16,286.59,345.28,-93.85,69,ThreeDescendingPeaks|DescendingScallop,230.00,SELL,18.11,317.36,235.88,317.36,281.15,7.40,10.12,-2.72,315.35,312.66,329.22,257.99,1.02,uptrend,0.00,0.29,false
2026-09-01,LULU,118.00,3803148,47.78,33.84,113.07,128.20,114.69,128.86,-66.16,69,DoubleBottom|DescendingScallop,178.15,HOLD,4.52,111.22,131.55,111.22,120.26,-2.12,-0.22,-1.89,120.64,119.34,118.23,153.58,1.10,downtrend,0.00,0.08,false
2026-09-01,MAA,129.36,895087,41.21,15.74,128.53,135.49,128.17,137.00,-84.26,69,DoubleBottom|DescendingScallop,181.15,HOLD,2.24,126.00,136.07,126.00,130.48,-1.43,-0.86,-0.57,132.01,131.69,134.23,132.25,1.11,downtrend,0.00,0.14,false
2026-09-01,MAS,70.25,2382229,36.69,3.16,70.75,77.84,70.04,77.85,-96.84,69,DoubleTop|DescendingScallop,166.00,HOLD,2.00,67.24,76.26,67.24,71.25,-1.39,-1.23,-0.17,74.30,73.84,76.42,69.38,1.19,uptrend,0.00,0.20,false
2026-09-01,MCHP,71.41,10113670,38.25,8.76,70.28,83.52,70.45,85.97,-91.24,69,ThreeDescendingPeaks|DescendingScallop,191.00,HOLD,3.22,66.58,81.07,66.58,73.02,-1.34,-0.41,-0.93,76.90,76.15,81.06,77.08,1.08,downtrend,0.00,0.08,false
2026-09-01,MCK,906.77,654654,60.61,85.98,840.86,912.77,837.88,918.00,-14.02,69,DoubleBottom|DoubleTop,277.39,HOLD,24.20,870.46,979.38,870.46,918.87,4.84,7.53,-2.69,876.82,874.88,838.05,842.17,0.66,uptrend,0.00,0.35,false
2026-09-01,MDLZ,61.61,7747544,45.05,14.72,60.99,64.71,60.65,65.55,-85.28,69,DoubleBottom|HeadAndShoulders,113.82,HOLD,1.33,59.62,65.59,59.62,62.27,0.39,0.66,-0.27,62.85,62.67,61.44,59.00,1.11,uptrend,0.00,0.08,false
2026-09-01,MDT,92.04,18719015,58.83,38.39,86.41,95.00,84.96,95.41,-61.61,69,AscendingScallop,284.10,HOLD,2.16,88.79,98.53,88.79,93.12,2.15,2.98,-0.83,90.71,90.30,85.97,89.76,2.51,uptrend,0.00,0.35,false
2026-09-01,MKC,54.26,2332115,53.19,46.07,51.66,56.65,50.49,56.87,-53.93,69,HeadAndShoulders|AscendingScallop,145.00,HOLD,1.48,52.04,58.71,52.04,55.00,1.50,1.53,-0.03,54.15,54.09,52.36,57.36,0.99,downtrend,0.00,0.20,false
2026-09-01,MLM,504.92,895846,33.95,4.81,511.69,560.06,502.56,561.88,-95.19,69,DescendingScallop,216.00,SELL,13.68,525.44,463.88,525.44,498.08,-11.65,-8.89,-2.76,535.88,534.39,558.75,602.25,1.61,downtrend,0.00,0.08,false
2026-09-01,MMM,170.24,3318351,37.01,3.99,173.22,186.74,169.64,184.69,-96.01,69,DoubleTop,166.00,HOLD,3.67,164.74,181.24,164.74,172.07,-1.13,2.37,-3.50,179.98,177.20,171.19,160.86,1.24,uptrend,0.00,0.42,false
2026-09-01,MNST,44.99,7090690,41.14,2.41,20.83,86.83,44.88,95.17,-97.59,69,DoubleBottom|HeadAndShoulders|DescendingScallop,200.00,SELL,6.60,54.89,25.18,54.89,41.69,-14.65,-16.16,1.51,53.83,54.44,75.44,78.27,0.76,downtrend,0.00,0.08,false
2026-09-01,MPWR,1225.96,757741,37.38,5.53,1234.68,1444.12,1211.96,1464.99,-94.47,69,ThreeDescendingPeaks|DescendingScallop,191.00,HOLD,65.10,1128.31,1421.26,1128.31,1258.51,-21.65,1.37,-23.02,1339.40,1321.10,1346.97,1244.48,1.22,downtrend,0.00,0.08,false
2026-09-01,MRK,149.86,9446222,63.78,70.41,122.01,161.14,126.68,156.92,-29.59,69,AscendingScallop,340.04,BUY,4.22,143.53,162.52,143.53,151.97,9.56,7.01,2.55,141.58,143.44,132.82,117.53,0.85,uptrend,0.83,0.75,true
2026-09-01,MRVL,210.39,21100940,45.15,18.10,198.25,251.05,200.62,254.60,-81.90,69,DoubleBottom,207.05,SELL,16.77,235.55,160.08,235.55,202.00,14.95,16.49,-1.53,224.65,223.48,224.63,149.86,0.87,uptrend,0.00,0.63,true
2026-09-01,MSFT,501.02,19129792,63.74,58.75,475.48,514.01,477.15,517.78,-41.25,69,DoubleBottom|DoubleTop,197.62,HOLD,11.63,483.57,535.92,483.57,506.84,9.09,25.03,-15.94,494.74,485.87,435.88,431.12,0.77,uptrend,0.00,0.62,true
2026-09-01,MTD,1375.96,168522,46.63,6.22,1379.98,1448.12,1370.60,1474.19,-93.78,69,DoubleTop|HeadAndShoulders|DescendingScallop,141.00,HOLD,36.15,1321.74,1484.40,1321.74,1394.03,-5.92,19.11,-25.04,1414.05,1396.82,1346.59,1320.39,1.00,uptrend,0.00,0.29,false
2026-09-01,MU,933.44,27573310,50.45,30.86,853.25,1005.50,827.00,1036.13,-69.14,69,CupWithHandle|InvertedCupWithHandle|ThreeDescendingPeaks|AscendingScallop,112.46,HOLD,57.42,847.31,1105.69,847.31,962.15,41.33,35.27,6.06,929.37,932.26,945.94,595.45,0.95,uptrend,0.00,0.75,true
2026-09-01,NDSN,314.40,384567,50.14,31.71,295.77,339.17,300.86,339.12,-68.29,69,DoubleBottom,170.78,HOLD,7.63,302.96,337.29,302.96,318.21,9.31,9.25,0.06,317.47,317.62,303.06,277.43,0.90,uptrend,0.00,0.48,false
2026-09-01,NEM,122.63,7971163,56.81,42.48,100.27,140.22,96.68,135.29,-57.52,69,ThreeRisingValleys|AscendingScallop,278.22,HOLD,4.65,115.65,136.58,115.65,124.96,12.42,12.95,-0.53,120.24,120.39,104.70,107.73,0.95,uptrend,0.00,0.20,false
2026-09-01,NKE,38.12,22116904,37.60,4.29,37.87,42.86,37.97,42.64,-95.71,69,DescendingScallop,216.00,SELL,1.16,39.86,34.65,39.86,37.54,-1.23,-0.99,-0.25,40.36,40.16,41.70,51.81,0.81,downtrend,0.00,0.08,false
2026-09-01,NOW,142.90,16619701,67.34,79.07,111.32,145.50,111.80,149.60,-20.93,69,AscendingScallop|MeasuredMoveUp,416.46,BUY,6.55,133.07,162.56,133.07,146.18,6.53,7.91,-1.38,128.41,129.05,114.13,119.00,0.91,uptrend,0.83,0.62,true
2026-09-01,NSC,332.96,1332296,42.53,9.19,328.90,355.07,330.63,355.99,-90.81,69,DoubleBottom,174.50,HOLD,6.97,322.51,353.86,322.51,336.44,3.93,1.81,2.11,341.99,342.09,332.91,307.93,1.13,uptrend,0.00,0.34,false
2026-09-01,NTAP,183.16,2341078,45.93,14.18,180.02,208.49,178.88,209.06,-85.82,69,DoubleBottom|DoubleTop,129.15,HOLD,7.16,172.42,204.64,172.42,186.74,3.64,10.60,-6.96,194.25,189.24,176.45,129.11,0.95,uptrend,0.00,0.63,true
2026-09-01,NUE,251.92,1282526,48.02,36.82,236.39,285.77,238.62,280.11,-63.18,69,BearishFlag|ThreeDescendingPeaks|DescendingScallop,86.50,HOLD,8.46,239.23,277.31,239.23,256.15,-7.13,2.21,-9.34,261.08,254.40,247.28,203.78,0.85,uptrend,0.00,0.63,true
2026-09-01,NVDA,217.44,106942626,51.87,43.88,208.87,229.19,207.25,230.47,-56.12,69,DoubleTop,66.40,HOLD,7.35,206.41,239.49,206.41,221.12,2.71,6.23,-3.52,219.03,216.28,208.80,196.08,0.85,uptrend,0.00,0.23,false
2026-09-01,NXPI,222.40,3116738,36.76,24.43,218.47,239.04,217.30,242.49,-75.57,69,ThreeDescendingPeaks|DescendingScallop,145.97,HOLD,7.67,210.90,245.41,210.90,226.23,-5.98,-9.91,3.92,228.76,231.03,254.50,243.24,1.00,downtrend,0.00,0.08,false
2026-09-01,ODFL,187.01,2493672,26.38,1.84,191.92,222.69,186.43,220.00,-98.16,69,ThreeDescendingPeaks|DescendingScallop|MeasuredMoveDown,175.00,HOLD,6.90,176.65,207.72,176.65,190.46,-7.15,-7.26,0.11,207.30,206.03,216.99,195.44,1.64,downtrend,0.00,0.08,false
2026-09-01,ON,72.65,7704548,37.55,11.83,69.41,85.08,70.92,85.55,-88.17,69,BearishFlag|ThreeDescendingPeaks|DescendingScallop,209.83,SELL,3.56,77.99,61.97,77.99,70.87,-3.25,-2.95,-0.30,77.25,77.31,86.15,77.95,1.01,downtrend,0.00,0.08,false
2026-09-01,ORCL,141.32,25201476,46.37,17.82,138.97,155.28,137.43,159.26,-82.18,69,DoubleBottom|DescendingScallop,168.84,HOLD,6.51,131.56,160.84,131.56,144.57,2.65,7.77,-5.13,147.13,145.18,140.17,169.79,1.12,downtrend,0.00,0.08,false
2026-09-01,ORLY,87.95,4949133,43.54,11.43,87.42,94.40,87.19,94.12,-88.57,69,DoubleBottom|DoubleTop|ThreeDescendingPeaks|DescendingScallop,213.26,SELL,2.14,91.17,81.52,91.17,86.88,-0.94,0.68,-1.62,90.91,89.78,88.95,92.39,1.07,downtrend,0.00,0.08,false
2026-09-01,OTIS,70.60,4584892,42.48,7.11,70.02,74.53,70.31,74.80,-92.89,69,DoubleBottom|DescendingScallop,216.00,SELL,1.41,72.71,66.38,72.71,69.90,-0.87,-0.29,-0.58,72.27,71.91,72.45,80.35,1.43,downtrend,0.00,0.08,false
2026-09-01,PANW,362.09,8934766,51.95,48.10,336.39,399.88,328.00,398.88,-51.90,69,,141.62,HOLD,17.83,335.34,415.59,335.34,371.01,4.83,15.12,-10.29,368.14,360.72,345.11,230.36,1.55,uptrend,0.00,0.63,true
2026-09-01,PEP,139.79,5341485,47.78,33.37,136.57,144.14,136.73,145.90,-66.63,69,DoubleBottom|HeadAndShoulders,198.27,HOLD,2.47,136.08,147.21,136.08,141.03,0.87,0.94,-0.07,140.35,140.65,139.75,148.90,0.82,downtrend,0.00,0.08,false
2026-09-01,PG,146.21,8439705,52.09,65.44,142.33,147.88,142.14,148.50,-34.56,69,DoubleBottom|DoubleTop,147.17,HOLD,2.70,142.16,154.30,142.16,147.56,-0.80,-1.23,0.42,145.11,145.24,147.01,147.59,0.91,downtrend,0.00,0.27,false
2026-09-01,PHM,123.13,1501053,40.56,1.92,124.56,134.25,122.93,133.86,-98.08,69,DoubleTop|HeadAndShoulders,191.00,HOLD,3.59,117.74,133.91,117.74,124.93,-1.39,0.01,-1.40,129.40,128.39,129.24,125.07,1.18,downtrend,0.00,0.08,false
2026-09-01,PKG,229.12,690266,30.93,1.94,235.69,265.18,228.51,259.98,-98.06,69,DoubleTop|ThreeDescendingPeaks|DescendingScallop,166.00,HOLD,6.10,219.97,247.43,219.97,232.17,-3.45,2.47,-5.92,250.43,245.83,242.30,222.43,1.39,uptrend,0.00,0.08,false
2026-09-01,PLD,139.68,3070677,42.53,23.62,138.19,143.36,137.22,143.82,-76.38,69,DoubleBottom|DoubleTop,86.64,HOLD,2.31,136.21,146.62,136.21,140.84,-0.59,-1.89,1.30,140.77,141.62,142.42,137.03,0.69,uptrend,0.00,0.14,false
2026-09-01,PNR,60.45,6049529,33.98,9.85,59.64,70.57,59.60,70.97,-90.15,69,InvertedCupWithHandle|ThreeDescendingPeaks|DescendingScallop,216.00,SELL,2.09,63.58,54.19,63.58,59.41,-2.01,-0.30,-1.71,65.10,64.17,68.18,86.62,1.59,downtrend,0.00,0.08,false
2026-09-01,PODD,148.38,1287761,48.81,59.80,132.88,158.07,126.40,170.99,-40.20,69,HeadAndShoulders|DescendingScallop,91.20,HOLD,6.40,138.78,167.59,138.78,151.58,-4.69,-7.83,3.14,145.48,148.11,154.21,213.90,0.62,downtrend,0.00,0.20,false
2026-09-01,PPG,109.70,1435404,38.20,7.67,109.86,119.31,109.09,119.99,-92.33,69,DescendingScallop,191.00,HOLD,2.65,105.73,117.65,105.73,111.02,-1.44,-0.76,-0.68,114.59,113.82,116.41,111.07,1.11,downtrend,0.00,0.08,false
2026-09-01,PTC,152.81,692596,58.93,54.59,141.18,159.55,137.23,159.00,-45.41,69,AscendingScallop,240.66,HOLD,4.94,145.40,167.64,145.40,155.28,5.91,9.76,-3.85,150.36,148.73,133.62,149.26,0.59,uptrend,0.00,0.20,false
2026-09-01,PWR,611.39,985498,40.74,13.48,590.95,724.95,593.72,724.80,-86.52,69,DoubleTop|ThreeDescendingPeaks|DescendingScallop,156.13,HOLD,27.19,570.60,692.97,570.60,624.99,-4.56,10.93,-15.50,657.95,643.46,660.27,584.23,0.90,uptrend,0.00,0.20,false
2026-09-01,QCOM,166.61,8835110,50.88,68.51,156.70,169.04,155.22,171.38,-31.49,69,DoubleBottom|DoubleTop,201.82,HOLD,6.49,156.87,186.09,156.87,169.86,1.61,0.07,1.54,162.87,164.33,172.45,167.93,0.91,downtrend,0.00,0.20,false
2026-09-01,RDDT,144.64,3780683,40.35,2.07,142.46,170.28,143.80,184.28,-97.93,69,DescendingScallop,200.00,SELL,9.57,158.99,115.94,158.99,139.86,-3.00,-5.01,2.00,156.37,157.38,170.68,175.30,0.54,downtrend,0.00,0.14,false
2026-09-01,REGN,823.82,673082,64.56,65.87,762.85,849.49,747.00,847.00,-34.13,69,HeadAndShoulders|AscendingScallop,216.30,HOLD,20.05,793.74,883.98,793.74,833.85,32.85,49.20,-16.35,806.17,796.26,721.00,729.46,0.94,uptrend,0.00,0.55,false
2026-09-01,RL,340.82,797311,26.94,3.04,339.86,412.08,339.03,411.19,-96.96,69,FallingWedge|ThreeDescendingPeaks|DescendingScallop,191.00,HOLD,11.21,324.00,374.46,324.00,346.43,-12.64,-2.89,-9.74,375.97,368.45,382.94,366.00,1.25,downtrend,0.00,0.08,false
2026-09-01,RMD,231.36,976727,56.90,53.50,213.73,242.73,202.00,242.40,-46.50,69,AscendingScallop,235.60,HOLD,6.98,220.90,252.29,220.90,234.85,7.10,8.96,-1.86,228.23,228.05,213.24,228.65,0.63,uptrend,0.00,0.27,false
2026-09-01,ROK,417.53,839938,33.79,1.85,419.08,454.73,416.83,460.45,-98.15,69,DescendingScallop,201.67,SELL,10.95,433.95,384.68,433.95,412.06,-12.68,-11.81,-0.87,436.91,437.24,455.98,419.73,1.15,downtrend,0.00,0.20,false
2026-09-01,ROL,36.19,3746172,35.89,19.79,35.53,37.82,35.81,38.07,-80.21,69,DoubleBottom|DoubleTop|HeadAndShoulders,180.69,HOLD,0.97,34.74,39.09,34.74,36.67,-0.73,-1.42,0.70,36.68,37.14,40.16,52.72,0.81,downtrend,0.00,0.08,false
2026-09-01,ROP,418.31,495450,63.47,75.64,385.23,428.44,387.82,428.13,-24.36,69,DoubleBottom|ThreeRisingValleys|AscendingScallop,481.87,BUY,10.46,402.62,449.68,402.62,423.54,8.35,10.46,-2.11,406.84,406.73,379.04,376.58,0.73,uptrend,0.83,0.62,true
2026-09-01,ROST,229.24,2099220,39.50,17.26,223.63,260.37,224.50,256.45,-82.74,69,DescendingScallop,152.28,HOLD,6.24,219.88,247.95,219.88,232.36,-8.43,-2.95,-5.48,242.00,237.83,234.27,211.23,0.76,uptrend,0.00,0.35,false
2026-09-01,RSG,223.29,1774948,60.82,90.70,207.30,226.29,204.80,224.43,-9.30,69,ThreeRisingValleys|AscendingScallop,482.33,HOLD,4.07,217.18,235.51,217.18,225.33,3.67,1.64,2.04,216.79,218.54,216.51,214.70,1.21,uptrend,0.00,0.48,false
2026-09-01,RVTY,126.59,3039350,64.26,80.07,108.93,130.74,107.73,129.80,-19.93,69,AscendingScallop,429.78,BUY,3.80,120.88,138.00,120.88,128.49,4.74,3.69,1.06,119.83,121.09,114.35,101.62,1.95,uptrend,0.83,0.83,true
2026-09-01,SHW,329.95,1471646,38.35,2.72,333.13,374.33,328.90,372.16,-97.28,69,DescendingScallop,191.00,HOLD,8.52,317.18,355.50,317.18,334.21,-4.76,5.78,-10.54,353.73,346.66,342.41,334.16,0.88,downtrend,0.00,0.08,false
2026-09-01,SLB,57.15,18341078,63.01,62.64,49.09,57.84,48.82,60.46,-37.36,69,AscendingScallop,438.70,HOLD,1.98,54.18,63.09,54.18,58.14,1.98,1.93,0.05,53.46,53.71,49.98,48.63,1.65,uptrend,0.00,0.43,false
2026-09-01,SMCI,36.71,26414549,55.53,31.87,29.62,42.08,29.33,42.31,-68.13,69,AscendingScallop,207.58,HOLD,2.30,33.25,43.62,33.25,37.86,3.07,3.85,-0.78,35.85,35.64,31.37,31.32,0.49,uptrend,0.00,0.20,false
2026-09-01,SNDK,1536.87,11580091,51.66,41.35,1178.74,1778.13,1163.09,1827.99,-58.65,69,ThreeRisingValleys|ThreeDescendingPeaks|AscendingScallop,199.64,HOLD,134.24,1335.51,1939.59,1335.51,1603.99,141.52,113.93,27.60,1478.44,1504.20,1577.54,983.54,0.82,uptrend,0.00,0.75,true
2026-09-01,SNPS,414.82,2041834,50.44,34.75,381.14,443.07,388.11,464.98,-65.25,69,DoubleBottom,135.93,HOLD,17.47,388.62,467.23,388.62,423.55,8.61,10.84,-2.22,412.10,413.68,416.14,446.71,1.25,downtrend,0.00,0.28,false
2026-09-01,STE,229.65,407355,47.72,6.06,229.24,240.45,214.54,241.39,-93.94,69,DoubleTop,106.00,HOLD,5.19,221.86,245.23,221.86,232.25,0.79,4.84,-4.05,234.85,232.64,223.44,233.52,0.59,downtrend,0.00,0.08,false
2026-09-01,STLD,234.09,664206,42.81,34.29,215.70,279.52,218.02,273.36,-65.71,69,InvertedCupWithHandle|ThreeDescendingPeaks|DescendingScallop,116.63,HOLD,9.07,220.48,261.31,220.48,238.63,-12.34,-3.06,-9.28,247.61,241.17,242.30,208.57,0.54,uptrend,0.00,0.22,false
2026-09-01,STX,816.64,2345471,45.51,17.77,750.50,960.88,761.80,1013.99,-82.23,69,DoubleBottom|ThreeDescendingPeaks|DescendingScallop,156.72,HOLD,57.13,730.94,988.04,730.94,845.21,4.80,18.76,-13.96,855.69,847.59,865.54,585.05,0.59,uptrend,0.00,0.63,true
2026-09-01,SWKS,67.41,5291956,52.95,59.18,65.36,70.35,61.69,70.75,-40.82,69,DoubleTop,68.35,HOLD,2.82,63.18,75.87,63.18,68.82,0.81,2.43,-1.62,67.86,66.85,65.04,63.81,0.99,uptrend,0.00,0.27,false
2026-09-01,SYK,317.40,2109836,40.21,1.59,317.76,350.49,316.92,349.77,-98.41,69,DoubleTop|ThreeDescendingPeaks|DescendingScallop,216.00,SELL,9.87,332.20,287.79,332.20,312.47,-6.65,0.30,-6.95,334.12,330.20,328.72,339.50,0.96,downtrend,0.00,0.08,false
2026-09-01,TECH,72.18,2893683,61.37,21.43,71.98,72.56,71.89,72.62,-78.57,69,DoubleBottom|DoubleTop,111.24,HOLD,0.33,71.69,73.16,71.69,72.34,0.12,0.18,-0.06,72.27,72.09,71.22,60.81,1.12,uptrend,0.00,0.70,true
2026-09-01,TEL,208.00,2834959,51.07,40.24,197.06,222.89,199.28,221.98,-59.76,69,ThreeDescendingPeaks|DescendingScallop,125.70,HOLD,6.06,198.91,226.19,198.91,211.03,-3.50,0.52,-4.02,209.97,206.96,205.41,216.88,1.44,downtrend,0.00,0.08,false
2026-09-01,TER,335.46,2565409,39.34,6.34,331.86,430.44,328.10,444.17,-93.66,69,ThreeDescendingPeaks|DescendingScallop,166.00,HOLD,24.11,299.30,407.78,299.30,347.51,-1.21,13.25,-14.45,381.15,370.79,377.57,313.64,1.02,uptrend,0.00,0.08,false
2026-09-01,TGT,163.75,3803360,62.66,71.48,144.34,170.67,145.50,170.75,-28.52,69,DoubleBottom|MeasuredMoveUp,393.03,HOLD,4.87,156.45,178.36,156.45,166.18,6.57,6.95,-0.37,157.50,157.75,145.50,121.39,0.77,uptrend,0.83,0.75,true
2026-09-01,TJX,133.27,7176247,19.13,1.03,128.75,167.24,133.04,162.50,-98.97,69,ThreeDescendingPeaks|DescendingScallop,216.00,SELL,3.19,138.05,123.71,138.05,131.68,-8.99,-4.98,-4.01,147.99,144.67,152.42,154.99,0.99,downtrend,0.00,0.08,false
2026-09-01,TMO,600.50,1370009,53.07,30.60,564.49,644.74,562.50,647.00,-69.40,69,AscendingScallop,155.63,HOLD,16.87,575.20,651.10,575.20,608.93,17.04,20.21,-3.17,604.61,603.59,560.10,535.33,0.81,uptrend,0.00,0.57,true
2026-09-01,TPL,369.93,262816,47.01,56.47,338.83,393.13,335.10,411.46,-43.53,69,BullishFlag|ThreeRisingValleys|DescendingScallop,168.02,HOLD,16.07,345.82,418.15,345.82,377.97,-2.94,-16.78,13.84,365.98,373.09,388.70,390.91,0.63,downtrend,0.00,0.20,false
2026-09-01,TPR,122.14,2801497,29.52,4.51,108.98,170.04,120.31,164.80,-95.49,69,ThreeDescendingPeaks|DescendingScallop,191.00,HOLD,4.80,114.94,136.53,114.94,124.54,-13.67,-7.19,-6.48,139.51,134.66,142.81,137.92,0.77,downtrend,0.00,0.08,false
2026-09-01,TRMB,58.94,3648764,53.41,58.02,55.96,61.68,54.71,62.00,-41.98,69,DoubleTop|ThreeRisingValleys,116.45,HOLD,2.01,55.93,64.96,55.93,59.94,0.67,1.24,-0.57,58.82,58.56,55.24,65.17,0.91,downtrend,0.00,0.08,false
2026-09-01,TSCO,34.71,7522890,55.02,14.84,33.34,36.56,31.68,36.89,-85.16,69,AscendingScallop,119.75,HOLD,1.05,33.14,37.86,33.14,35.23,1.02,1.84,-0.82,34.95,34.47,32.37,42.29,0.69,downtrend,0.00,0.08,false
2026-09-01,TSLA,356.09,35998050,53.08,70.63,316.88,368.22,315.52,368.92,-29.37,69,ThreeRisingValleys|AscendingScallop,339.62,HOLD,13.77,335.43,397.41,335.43,362.98,15.03,10.29,4.75,342.55,348.14,358.84,400.20,1.04,downtrend,0.00,0.28,false
2026-09-01,TT,440.15,736026,35.90,3.52,438.38,493.96,438.20,493.71,-96.48,69,ThreeDescendingPeaks|DescendingScallop,191.00,HOLD,11.88,422.34,475.78,422.34,446.09,-7.17,-1.26,-5.91,466.17,460.51,471.85,443.83,0.78,downtrend,0.00,0.14,false
2026-09-01,TTD,13.78,15870142,39.23,46.82,11.06,16.99,12.83,19.55,-53.18,69,DoubleBottom|DescendingScallop,188.28,HOLD,0.77,12.63,16.09,12.63,14.16,-1.69,-2.09,0.40,14.02,14.34,16.76,25.44,0.52,downtrend,0.00,0.08,false
2026-09-01,TXN,253.34,7042796,35.32,7.44,252.59,290.53,250.43,289.62,-92.56,69,ThreeDescendingPeaks|DescendingScallop,166.00,HOLD,9.34,239.33,281.35,239.33,258.01,-6.26,-4.23,-2.03,271.56,269.34,284.55,237.45,1.21,uptrend,0.00,0.15,false
2026-09-01,TYL,376.43,933002,72.41,91.64,293.14,379.95,299.73,382.39,-8.36,69,ThreeRisingValleys|AscendingScallop,460.74,HOLD,13.72,355.85,417.59,355.85,383.29,17.57,12.47,5.10,336.55,343.12,317.77,359.41,0.97,uptrend,0.00,0.42,false
2026-09-01,UBER,75.24,11158485,49.38,15.13,70.04,82.00,66.74,82.36,-84.87,69,AscendingScallop,130.00,HOLD,2.60,71.34,83.04,71.34,76.54,2.52,3.05,-0.53,76.02,76.01,73.69,76.63,0.57,downtrend,0.00,0.20,false
2026-09-01,ULTA,545.66,821991,59.75,89.29,500.86,564.34,493.11,566.73,-10.71,69,DoubleBottom|MeasuredMoveUp,359.47,HOLD,17.90,518.82,599.35,518.82,554.61,0.12,8.45,-8.33,532.60,527.36,499.64,555.89,1.27,downtrend,0.00,0.28,false
2026-09-01,UNP,290.62,2937313,41.64,7.65,286.74,312.48,288.00,314.15,-92.35,69,DoubleBottom,149.95,HOLD,6.62,280.69,310.48,280.69,293.93,4.82,2.46,2.35,299.61,299.98,290.99,258.84,1.19,uptrend,0.00,0.48,false
2026-09-01,UPS,102.66,3656457,42.02,22.88,100.55,107.96,101.34,109.42,-77.12,69,DoubleBottom|DescendingScallop,157.05,HOLD,2.37,99.10,109.78,99.10,103.85,-1.29,-2.76,1.47,104.25,104.77,108.01,104.73,0.79,downtrend,0.00,0.08,false
2026-09-01,URI,990.15,461759,30.80,0.66,1009.67,1207.78,988.92,1179.18,-99.34,69,DoubleTop|ThreeDescendingPeaks|DescendingScallop,166.00,HOLD,33.07,940.54,1089.37,940.54,1006.69,-20.51,7.01,-27.52,1108.73,1082.04,1094.97,924.02,1.08,uptrend,0.00,0.48,false
2026-09-01,VLTO,97.05,1770430,51.01,24.62,95.81,100.08,93.61,101.00,-75.38,69,HeadAndShoulders,61.87,HOLD,2.12,93.87,103.40,93.87,98.11,0.84,1.53,-0.70,97.95,97.48,94.19,93.45,1.24,uptrend,0.00,0.34,false
2026-09-01,VMC,259.69,1660954,33.73,8.03,264.02,291.07,257.18,289.50,-91.97,69,DescendingScallop,216.00,SELL,7.46,270.88,237.31,270.88,255.96,-4.65,-1.94,-2.71,277.55,275.55,285.68,288.78,1.89,downtrend,0.00,0.08,false
2026-09-01,VRSN,288.37,682154,53.55,63.99,272.21,302.30,271.10,302.60,-36.01,69,DoubleBottom|DoubleTop|DescendingScallop,107.06,HOLD,8.22,276.04,313.04,276.04,292.48,-2.68,0.02,-2.70,287.26,285.89,275.63,260.93,0.96,uptrend,0.00,0.49,false
2026-09-01,VRT,255.97,4211891,41.89,14.01,245.99,295.50,248.75,300.30,-85.99,69,DescendingScallop,178.65,HOLD,14.45,234.30,299.31,234.30,263.19,-1.74,0.94,-2.68,270.74,267.80,285.78,255.88,1.00,uptrend,0.00,0.14,false
2026-09-01,VRTX,547.65,732552,64.31,84.94,477.86,573.81,465.51,555.69,-15.06,69,DoubleTop|ThreeRisingValleys|AscendingScallop,386.14,BUY,13.89,526.81,589.32,526.81,554.60,24.43,23.91,0.53,525.83,528.81,502.53,463.83,0.62,uptrend,0.83,0.62,true
2026-09-01,WAB,279.80,996398,39.03,9.67,285.37,304.90,277.17,304.36,-90.33,69,DoubleTop,166.00,HOLD,6.89,269.46,300.47,269.46,283.25,-0.87,2.02,-2.89,295.14,292.33,282.75,252.64,1.10,uptrend,0.00,0.34,false
2026-09-01,WAT,405.84,517101,52.53,32.56,396.68,422.57,379.50,426.22,-67.44,69,DoubleTop|AscendingScallop,90.88,HOLD,12.95,386.42,444.69,386.42,412.31,8.84,14.41,-5.57,409.63,406.19,387.94,360.15,0.64,uptrend,0.00,0.57,true
2026-09-01,WDAY,198.38,3642331,63.34,46.41,167.73,211.16,162.28,227.49,-53.59,69,AscendingScallop,216.97,HOLD,9.79,183.70,227.75,183.70,203.27,13.23,18.34,-5.11,189.45,187.01,158.82,160.67,0.77,uptrend,0.33,0.75,true
2026-09-01,WELL,240.42,3410228,55.90,85.50,228.82,243.69,224.97,243.04,-14.50,69,DoubleTop|CupWithHandle|AscendingScallop,385.66,HOLD,4.98,232.95,255.37,232.95,242.91,1.16,-2.15,3.32,236.25,237.58,235.51,210.01,1.15,uptrend,0.83,0.83,true
2026-09-01,WM,219.77,2186457,38.85,20.80,218.43,229.84,217.42,231.56,-79.20,69,DoubleTop|DescendingScallop,156.24,HOLD,4.11,213.61,232.09,213.61,221.82,-3.29,-4.02,0.73,224.14,224.08,228.32,224.95,1.07,downtrend,0.00,0.14,false
2026-09-01,WSM,222.12,1183669,35.25,7.26,226.27,255.98,219.83,254.89,-92.74,69,DescendingScallop,166.00,HOLD,8.71,209.06,248.24,209.06,226.47,-3.09,3.35,-6.44,241.12,236.08,233.20,203.55,1.07,uptrend,0.00,0.35,false
2026-09-01,WST,338.65,441745,39.33,12.67,341.13,357.29,335.51,360.29,-87.33,69,DoubleTop|HeadAndShoulders,222.43,SELL,7.93,350.55,314.85,350.55,334.68,1.46,2.31,-0.85,349.21,347.64,349.92,292.24,0.94,uptrend,0.00,0.63,true
2026-09-01,WY,23.38,4976461,38.46,17.56,23.07,25.90,23.03,26.00,-82.44,69,InvertedCupWithHandle|DescendingScallop,186.37,HOLD,0.57,22.52,25.10,22.52,23.67,-0.52,-0.13,-0.39,24.48,24.17,24.26,24.25,1.01,downtrend,0.00,0.08,false
2026-09-01,XOM,164.55,10831917,61.79,69.29,151.96,168.25,151.15,168.64,-30.71,69,DoubleTop|HeadAndShoulders|AscendingScallop,182.01,HOLD,3.51,159.29,175.07,159.29,166.30,3.07,3.45,-0.38,160.11,159.50,151.53,144.09,0.77,uptrend,0.00,0.35,false
2026-09-01,XYL,106.89,1881817,30.04,1.72,107.66,125.98,106.59,124.00,-98.28,69,DescendingScallop,216.00,SELL,2.93,111.28,98.11,111.28,105.43,-3.87,-1.65,-2.22,116.82,115.03,117.92,124.99,1.17,downtrend,0.00,0.08,false
2026-09-01,ZBRA,343.70,664006,51.10,2.52,347.18,386.53,329.47,386.23,-97.48,69,ThreeDescendingPeaks|DescendingScallop,98.38,HOLD,11.94,325.79,379.53,325.79,349.67,13.81,35.40,-21.60,366.85,350.24,305.78,254.96,0.86,uptrend,0.00,0.63,true
2026-09-02,A,151.39,3077508,55.25,25.36,142.95,159.94,139.29,163.75,-74.64,63,AscendingScallop,176.85,HOLD,4.41,144.77,164.62,144.77,153.60,5.36,6.22,-0.86,151.44,150.51,141.66,131.54,1.38,uptrend,0.00,0.57,true
2026-09-02,AAPL,324.96,33660931,60.86,86.49,299.70,324.33,300.57,328.40,-13.51,63,AscendingScallop,386.71,BUY,7.43,313.82,347.25,313.82,328.67,1.94,-4.55,6.50,312.02,315.36,313.55,283.33,0.84,uptrend,0.83,0.56,true
2026-09-02,ABBV,261.72,4223114,57.54,72.78,242.12,270.28,241.20,266.97,-27.22,63,DoubleTop|AscendingScallop,267.84,HOLD,5.68,253.21,278.75,253.21,264.56,6.36,3.19,3.16,256.20,257.50,253.71,228.09,0.97,uptrend,0.83,0.62,true
2026-09-02,ABT,110.47,8430297,53.05,20.67,106.43,117.22,105.56,117.34,-79.33,63,DoubleTop|HeadAndShoulders|AscendingScallop,95.14,HOLD,2.74,106.36,118.69,106.36,111.84,2.67,3.58,-0.91,111.83,110.70,103.71,106.52,1.10,uptrend,0.00,0.29,false
2026-09-02,ACN,187.68,2876147,63.60,80.95,169.57,193.48,157.76,191.90,-19.05,63,ThreeRisingValleys|AscendingScallop,386.61,HOLD,6.76,177.54,207.96,177.54,191.06,6.55,8.60,-2.04,181.52,180.32,159.21,203.43,0.58,downtrend,0.00,0.20,false
2026-09-02,ADBE,279.79,3777838,58.43,65.98,251.39,294.16,250.84,294.53,-34.02,63,ThreeRisingValleys|AscendingScallop,327.43,HOLD,10.19,264.51,310.35,264.51,284.88,10.17,11.04,-0.87,272.78,272.46,245.60,268.45,0.88,uptrend,0.00,0.27,false
2026-09-02,ADI,355.71,3186448,36.75,14.60,354.17,395.86,348.66,396.95,-85.40,63,ThreeDescendingPeaks|DescendingScallop,152.97,HOLD,11.71,338.14,390.84,338.14,361.57,-5.16,1.00,-6.16,375.01,370.81,379.61,347.03,0.90,uptrend,0.00,0.08,false
2026-09-02,ADM,85.38,3445028,62.98,92.88,76.50,84.61,75.77,86.11,-7.12,63,DoubleBottom,404.96,BUY,2.67,81.37,93.40,81.37,86.72,0.94,-0.18,1.12,80.56,81.24,80.62,71.86,0.94,uptrend,0.83,0.69,true
2026-09-02,ADSK,241.73,1477849,47.34,2.22,238.72,265.53,235.26,271.72,-97.78,63,,169.05,HOLD,9.79,227.05,271.09,227.05,246.62,4.74,9.01,-4.27,252.12,248.95,229.21,247.68,0.79,downtrend,0.00,0.08,false
2026-09-02,AKAM,105.09,2172150,38.81,4.75,100.13,126.50,104.01,127.04,-95.25,63,DescendingScallop,191.00,HOLD,4.93,97.69,119.88,97.69,107.56,-5.18,-1.79,-3.38,113.32,111.76,116.38,109.40,0.64,downtrend,0.00,0.08,false
2026-09-02,ALB,137.75,2394538,57.14,55.59,125.85,142.26,123.54,144.06,-44.41,63,HeadAndShoulders|AscendingScallop,162.50,HOLD,5.53,129.45,154.34,129.45,140.52,5.92,7.60,-1.68,134.05,133.57,128.59,156.45,1.16,downtrend,0.00,0.28,false
2026-09-02,ALGN,159.15,687054,42.09,18.32,150.43,181.13,153.98,182.20,-81.68,63,ThreeDescendingPeaks|DescendingScallop,167.43,HOLD,5.87,150.35,176.75,150.35,162.08,-7.57,-4.00,-3.57,165.78,163.92,171.95,170.30,0.86,downtrend,0.00,0.08,false
2026-09-02,ALLE,155.07,1204921,45.12,24.94,152.79,171.24,151.23,170.87,-75.06,63,DescendingScallop,113.94,HOLD,4.11,148.90,167.40,148.90,157.13,-2.76,0.95,-3.71,162.01,158.58,151.88,151.13,0.86,uptrend,0.00,0.34,false
2026-09-02,AMAT,438.46,6491747,33.41,4.60,434.68,561.85,433.57,563.76,-95.40,63,ThreeDescendingPeaks|DescendingScallop,166.00,HOLD,24.60,401.55,512.27,401.55,450.76,-23.25,-9.93,-13.32,498.26,488.67,541.05,404.88,0.89,uptrend,0.00,0.23,false
2026-09-02,AMD,457.06,11852873,42.98,9.13,448.50,505.78,451.00,517.35,-90.87,63,ThreeDescendingPeaks|DescendingScallop,230.00,SELL,22.74,491.18,388.83,491.18,445.69,-7.66,-5.38,-2.28,477.14,476.57,501.65,338.77,0.65,uptrend,0.00,0.63,true
2026-09-02,ANET,186.10,4357203,47.43,14.03,180.57,208.03,182.83,211.45,-85.97,63,DoubleBottom|DescendingScallop,136.96,HOLD,8.23,173.75,210.80,173.75,190.22,0.66,6.31,-5.64,194.30,191.15,181.77,151.31,0.72,uptrend,0.00,0.57,true
2026-09-02,AOS,59.26,1054995,41.52,14.96,58.89,64.96,58.41,64.32,-85.04,63,DoubleTop|HeadAndShoulders,203.58,SELL,1.66,61.74,54.29,61.74,58.43,-0.44,0.18,-0.62,61.92,61.22,61.33,65.23,0.84,downtrend,0.00,0.08,false
2026-09-02,APD,309.45,881604,57.95,72.14,299.47,311.20,295.67,313.93,-27.86,63,DoubleBottom|DoubleTop,268.05,HOLD,6.28,300.03,328.28,300.03,312.59,2.50,3.74,-1.24,305.33,304.51,299.24,282.04,0.96,uptrend,0.00,0.55,false
2026-09-02,AVGO,367.24,30822042,42.13,27.51,335.14,434.84,350.06,432.73,-72.49,63,DescendingScallop,160.45,HOLD,12.66,348.26,405.21,348.26,373.57,-21.40,-10.54,-10.86,384.99,377.10,384.58,369.68,1.55,downtrend,0.00,0.08,false
2026-09-02,AVY,174.42,797779,48.31,22.79,172.35,185.32,171.07,185.77,-77.21,63,DoubleBottom|DoubleTop|HeadAndShoulders,129.76,HOLD,4.80,167.22,188.81,167.22,176.82,1.95,5.05,-3.10,178.84,176.60,169.67,173.07,0.77,uptrend,0.00,0.08,false
2026-09-02,AZO,2934.52,313679,41.92,12.07,2912.89,3120.09,2903.57,3160.00,-87.93,63,ThreeDescendingPeaks|DescendingScallop,210.14,SELL,75.85,3048.30,2706.97,3048.30,2896.59,-31.30,-14.78,-16.52,3016.49,3000.48,3040.24,3390.25,1.27,downtrend,0.00,0.08,false
2026-09-02,BBY,87.00,7390163,55.00,75.96,79.61,89.60,76.70,90.26,-24.04,63,DoubleTop,250.02,BUY,3.60,81.60,97.79,81.60,88.80,0.25,-0.04,0.29,84.60,84.68,83.56,71.33,1.77,uptrend,0.83,0.83,true
2026-09-02,BDX,187.52,1474448,64.72,55.06,176.25,194.27,172.76,193.07,-44.94,63,HeadAndShoulders|AscendingScallop,205.39,HOLD,4.14,181.31,199.94,181.31,189.59,6.89,9.39,-2.50,185.26,183.52,168.54,159.45,0.84,uptrend,0.00,0.55,false
2026-09-02,BIIB,222.67,1268016,61.81,83.75,202.67,225.76,201.00,225.59,-16.25,63,DoubleTop|AscendingScallop,364.43,HOLD,6.08,213.55,240.91,213.55,225.71,6.02,5.13,0.89,214.21,215.01,208.65,190.48,1.69,uptrend,0.83,0.78,true
2026-09-02,BKNG,199.60,4845310,47.59,20.07,197.61,219.32,195.15,217.32,-79.93,63,DoubleTop,112.46,HOLD,6.47,189.90,219.01,189.90,202.83,0.81,6.57,-5.75,208.47,203.65,193.65,185.87,1.00,uptrend,0.00,0.63,true
2026-09-02,BLDR,63.09,2257044,35.14,6.28,63.27,76.64,62.31,76.80,-93.72,63,ThreeDescendingPeaks|DescendingScallop,216.00,SELL,3.13,67.79,53.69,67.79,61.52,-2.10,-0.84,-1.27,69.96,68.94,74.03,90.48,1.18,downtrend,0.00,0.08,false
2026-09-02,BSX,48.37,17010501,49.45,33.04,46.53,52.89,46.09,52.99,-66.96,63,ThreeDescendingPeaks,134.83,HOLD,1.80,45.68,53.76,45.68,49.27,-0.20,1.42,-1.62,49.71,48.65,46.76,67.31,0.90,downtrend,0.00,0.08,false
2026-09-02,CAH,245.49,1358096,64.72,97.11,228.22,243.11,227.68,258.30,-2.89,63,DoubleBottom|MeasuredMoveUp,401.32,HOLD,5.54,237.18,262.11,237.18,248.26,0.55,1.13,-0.58,235.67,235.57,233.66,215.34,0.79,uptrend,0.00,0.55,false
2026-09-02,CARR,57.58,4820876,29.31,15.19,56.36,65.42,56.44,66.13,-84.81,63,ThreeDescendingPeaks|DescendingScallop,185.95,HOLD,1.60,55.19,62.37,55.19,58.38,-2.10,-1.86,-0.24,60.89,60.55,65.36,61.33,0.94,downtrend,0.00,0.08,false
2026-09-02,CDNS,306.67,2559756,36.23,6.83,304.41,348.12,303.66,348.12,-93.17,63,DoubleTop,175.00,HOLD,12.15,288.44,343.13,288.44,312.75,-4.23,-5.85,1.62,326.27,328.34,344.50,327.27,1.21,downtrend,0.00,0.08,false
2026-09-02,CDW,148.67,1440613,58.19,76.77,128.72,152.20,130.56,154.15,-23.23,63,DoubleBottom|MeasuredMoveUp,443.94,HOLD,6.58,138.81,168.40,138.81,151.96,0.17,-1.30,1.47,140.46,142.63,138.99,131.66,0.83,uptrend,0.00,0.49,false
2026-09-02,CEG,290.04,2875561,63.83,97.04,263.79,288.24,260.67,290.81,-2.96,63,DoubleTop|AscendingScallop,286.82,HOLD,9.36,276.00,318.12,276.00,294.72,3.39,4.31,-0.92,276.01,275.94,265.47,296.83,1.14,downtrend,0.00,0.48,false
2026-09-02,CF,139.27,4440167,72.06,91.85,110.74,136.88,109.43,141.27,-8.15,63,AscendingScallop,460.32,BUY,5.37,131.22,155.38,131.22,141.95,4.35,1.10,3.26,123.81,126.16,119.93,107.55,1.68,uptrend,0.83,0.98,true
2026-09-02,CHD,99.32,1499646,46.54,43.82,97.19,104.70,96.27,104.31,-56.18,63,DoubleBottom|DoubleTop|DescendingScallop,76.51,HOLD,2.18,96.04,105.87,96.04,100.41,-0.47,0.09,-0.56,100.95,100.42,99.27,94.77,0.90,uptrend,0.00,0.08,false
2026-09-02,CHRW,145.20,1073887,37.72,32.97,141.07,152.52,141.24,153.92,-67.03,63,DoubleBottom|DoubleTop|HeadAndShoulders,146.91,HOLD,4.98,137.74,160.13,137.74,147.69,-2.02,-8.63,6.61,146.80,150.78,169.46,172.78,0.80,downtrend,0.00,0.08,false
2026-09-02,CIEN,354.16,2838379,39.08,4.80,350.34,446.93,348.92,462.69,-95.20,63,DescendingScallop,191.00,HOLD,25.76,315.52,431.43,315.52,367.04,-8.68,6.99,-15.67,398.63,390.96,410.93,375.89,1.43,downtrend,0.00,0.08,false
2026-09-02,CL,90.10,4117072,45.09,22.82,89.12,93.83,89.16,94.15,-77.18,63,DoubleBottom|DoubleTop|DescendingScallop,140.96,HOLD,1.80,87.41,95.49,87.41,91.00,-0.74,-0.38,-0.36,91.47,91.12,91.91,87.61,1.05,uptrend,0.00,0.08,false
2026-09-02,CLX,94.27,2586564,31.94,2.07,96.46,112.16,93.95,109.42,-97.93,63,DoubleTop,216.00,SELL,3.09,98.90,85.00,98.90,92.73,-0.38,2.41,-2.78,104.31,101.87,99.92,103.26,0.91,downtrend,0.00,0.08,false
2026-09-02,CMI,550.90,1357356,26.07,8.03,535.53,668.03,542.70,654.34,-91.97,63,ThreeDescendingPeaks|DescendingScallop,191.00,HOLD,18.51,523.13,606.43,523.13,560.16,-31.24,-21.05,-10.19,601.78,593.42,639.07,599.12,1.57,downtrend,0.00,0.08,false
2026-09-02,COHR,268.64,4167629,41.38,6.04,246.33,368.82,262.62,391.37,-93.96,63,DescendingScallop,191.00,HOLD,24.12,232.47,340.99,232.47,280.70,-15.61,4.07,-19.68,307.58,294.38,312.19,275.10,0.57,downtrend,0.00,0.08,false
2026-09-02,COO,69.73,1583370,35.89,7.20,68.99,79.30,69.08,78.11,-92.80,63,DoubleTop|ThreeDescendingPeaks|DescendingScallop,216.00,SELL,1.58,72.11,64.98,72.11,68.94,-0.89,0.85,-1.74,74.15,72.80,72.63,73.40,0.98,downtrend,0.00,0.08,false
2026-09-02,COP,137.20,6019092,70.82,98.61,118.20,139.91,114.89,137.37,-1.39,63,AscendingScallop,424.71,BUY,3.11,132.54,146.52,132.54,138.75,6.06,5.90,0.16,129.05,129.27,119.04,112.29,0.88,uptrend,0.83,0.62,true
2026-09-02,COR,336.36,1395652,65.55,95.71,307.50,335.96,302.01,337.90,-4.29,63,DoubleTop|ThreeRisingValleys|AscendingScallop,464.31,HOLD,7.81,324.65,359.78,324.65,340.26,3.75,2.84,0.91,321.73,321.45,310.17,322.22,1.03,uptrend,0.00,0.43,false
2026-09-02,CPRT,32.16,6511570,55.03,50.89,28.28,35.27,28.55,34.63,-49.11,63,BearishFlag|HeadAndShoulders|AscendingScallop,65.00,HOLD,0.99,30.67,35.13,30.67,32.66,1.75,1.59,0.17,31.77,31.91,29.95,34.52,0.65,downtrend,0.00,0.20,false
2026-09-02,CRH,92.67,5460240,39.41,30.83,90.96,101.41,90.21,102.28,-69.17,63,DescendingScallop,186.59,HOLD,2.67,88.66,100.69,88.66,94.01,-2.04,-1.79,-0.25,96.19,95.94,100.53,111.64,1.22,downtrend,0.00,0.08,false
2026-09-02,CRL,291.76,606417,64.07,56.66,267.85,304.33,255.79,303.31,-43.34,63,AscendingScallop,287.88,HOLD,9.67,277.25,320.78,277.25,296.60,16.47,23.01,-6.54,286.09,281.08,251.28,198.89,0.66,uptrend,0.67,0.75,true
2026-09-02,CRM,256.93,13359403,80.05,89.85,163.29,264.13,183.00,264.50,-10.15,63,ThreeRisingValleys|AscendingScallop,457.21,BUY,10.55,241.11,288.58,241.11,262.20,18.90,13.33,5.57,213.71,219.95,187.24,200.53,0.82,uptrend,0.83,0.75,true
2026-09-02,CRWD,203.42,12268302,49.26,42.14,182.15,238.34,181.24,233.88,-57.86,63,,99.17,HOLD,12.89,184.08,242.10,184.08,209.87,-2.25,4.21,-6.46,210.25,207.16,199.01,141.68,1.23,uptrend,0.00,0.63,true
2026-09-02,CSCO,109.46,11357814,40.80,19.37,104.15,123.40,108.40,124.71,-80.63,63,DoubleBottom|InvertedCupWithHandle|DescendingScallop,166.00,HOLD,2.97,105.00,118.37,105.00,110.94,-3.80,-2.24,-1.56,113.77,112.45,114.70,94.44,0.58,uptrend,0.00,0.37,false
2026-09-02,CSGP,31.26,5169078,49.23,9.54,29.85,33.75,29.27,33.82,-90.46,63,DoubleTop|AscendingScallop,120.65,HOLD,1.36,29.21,35.35,29.21,31.94,0.88,1.27,-0.39,31.80,31.61,30.21,44.09,0.75,downtrend,0.00,0.08,false
2026-09-02,CSX,48.65,9864244,35.48,18.98,48.85,52.23,47.83,52.15,-81.02,63,DoubleTop|HeadAndShoulders,124.55,HOLD,1.05,47.07,51.81,47.07,49.18,0.19,0.02,0.18,50.54,50.45,50.04,43.01,1.06,uptrend,0.00,0.48,false
2026-09-02,CTAS,198.09,2173170,44.11,14.44,197.58,207.56,196.50,207.51,-85.56,63,DoubleBottom|DoubleTop|HeadAndShoulders,112.42,HOLD,3.93,192.20,209.87,192.20,200.05,-0.35,-1.47,1.12,202.57,202.10,196.05,186.69,1.27,uptrend,0.00,0.34,false
2026-09-02,CTSH,63.40,5851978,68.44,77.58,55.48,65.76,52.80,65.38,-22.42,63,ThreeRisingValleys|AscendingScallop,414.35,HOLD,2.17,60.15,69.90,60.15,64.48,2.92,3.81,-0.89,60.62,60.24,51.53,62.86,0.82,uptrend,0.00,0.27,false
2026-09-02,CTVA,89.97,8709480,72.59,94.71,71.95,88.60,74.94,90.78,-5.29,63,ThreeRisingValleys|AscendingScallop,534.31,BUY,2.31,86.50,96.91,86.50,91.13,2.27,-1.33,3.60,80.27,82.70,83.06,77.14,1.90,uptrend,0.83,0.84,true
2026-09-02,DASH,226.24,3389407,59.45,53.04,205.03,239.37,206.25,238.83,-46.96,63,ThreeRisingValleys|AscendingScallop,317.01,HOLD,7.66,214.75,249.21,214.75,230.07,10.87,12.72,-1.85,222.20,221.23,202.05,188.41,0.76,uptrend,0.50,0.75,true
2026-09-02,DD,132.93,824512,37.66,8.98,131.64,147.53,131.56,149.42,-91.02,63,DescendingScallop,191.00,HOLD,3.41,127.82,143.15,127.82,134.63,-3.11,-0.68,-2.43,139.59,137.86,138.56,136.53,0.69,downtrend,0.00,0.08,false
2026-09-02,DECK,83.76,2844442,32.05,0.61,82.97,98.60,83.69,99.80,-99.39,63,ThreeDescendingPeaks|DescendingScallop,216.00,SELL,2.88,88.09,75.11,88.09,82.32,-4.41,-4.31,-0.10,90.79,90.57,97.95,102.52,1.13,downtrend,0.00,0.08,false
2026-09-02,DHI,142.26,1672559,42.64,9.27,141.95,153.10,141.02,154.40,-90.73,63,DoubleTop|ThreeDescendingPeaks|DescendingScallop,191.00,HOLD,4.01,136.25,154.28,136.25,144.26,-0.57,0.43,-1.00,147.52,146.90,150.24,149.80,0.89,downtrend,0.00,0.08,false
2026-09-02,DHR,209.91,2951009,53.70,49.20,197.68,221.39,196.48,220.67,-50.80,63,HeadAndShoulders|AscendingScallop,113.17,HOLD,6.27,200.51,228.72,200.51,213.04,6.32,6.67,-0.36,209.54,209.01,200.90,202.94,0.94,uptrend,0.00,0.35,false
2026-09-02,DOV,188.90,1301946,28.27,1.08,190.69,215.30,188.69,214.57,-98.92,63,FallingWedge|DescendingScallop,216.00,SELL,4.38,195.47,175.76,195.47,186.71,-4.30,-1.69,-2.61,203.00,201.01,208.74,209.90,1.30,downtrend,0.00,0.08,false
2026-09-02,DVN,49.03,8492990,63.89,86.25,43.02,50.68,42.42,49.72,-13.75,63,BearishFlag|DoubleTop|HeadAndShoulders|AscendingScallop,171.59,HOLD,1.25,47.15,52.79,47.15,49.66,1.91,1.67,0.24,46.85,47.07,44.58,43.38,0.83,uptrend,0.00,0.42,false
2026-09-02,DXCM,89.69,1822108,59.22,42.91,85.15,93.65,82.09,92.59,-57.09,63,DoubleTop|HeadAndShoulders|AscendingScallop,97.98,HOLD,2.56,85.84,97.38,85.84,90.97,2.57,4.92,-2.35,89.40,88.18,80.44,70.59,0.42,uptrend,0.00,0.69,true
2026-09-02,EBAY,106.70,4216794,50.54,80.62,99.69,110.40,100.50,115.17,-19.38,63,DoubleBottom|DescendingScallop,202.96,HOLD,3.26,101.81,116.48,101.81,108.33,-2.09,-3.56,1.46,105.04,105.77,109.49,98.44,0.95,uptrend,0.00,0.47,false
2026-09-02,ECL,279.90,1382269,47.97,29.86,274.44,291.17,273.33,295.33,-70.14,63,DoubleBottom|HeadAndShoulders,90.23,HOLD,5.72,271.33,297.05,271.33,282.76,1.83,2.09,-0.27,282.81,282.32,278.79,272.64,0.97,uptrend,0.00,0.08,false
2026-09-02,EFX,185.48,690243,51.32,42.76,174.80,197.87,174.05,197.90,-57.24,63,DoubleTop|AscendingScallop,93.53,HOLD,6.15,176.26,203.93,176.26,188.55,5.86,5.08,0.78,186.33,186.21,177.05,188.02,0.67,downtrend,0.00,0.14,false
2026-09-02,EL,101.15,2895580,63.13,70.53,78.83,111.34,83.85,108.38,-29.47,63,ThreeRisingValleys|AscendingScallop,372.45,HOLD,3.43,96.00,111.45,96.00,102.87,7.81,5.54,2.26,95.09,96.64,87.70,92.11,0.76,uptrend,0.00,0.47,false
2026-09-02,EMR,148.98,2885715,42.04,14.25,148.60,166.56,146.35,166.35,-85.75,63,DescendingScallop,157.08,HOLD,4.02,142.94,161.05,142.94,150.99,-1.60,2.71,-4.32,157.58,154.53,149.10,142.47,1.21,uptrend,0.00,0.28,false
2026-09-02,EOG,148.96,3295693,57.43,61.89,136.04,154.49,133.45,153.67,-38.11,63,DoubleTop|HeadAndShoulders|AscendingScallop,179.25,HOLD,3.51,143.69,159.50,143.69,150.72,3.00,2.34,0.66,145.26,145.70,141.07,128.33,1.16,uptrend,0.00,0.49,false
2026-09-02,EQIX,1019.24,747687,39.74,15.89,1017.18,1107.49,1002.24,1109.22,-84.11,63,DoubleTop,153.31,HOLD,31.63,971.79,1114.13,971.79,1035.06,4.89,15.21,-10.32,1062.34,1055.02,1047.80,958.53,1.30,uptrend,0.00,0.14,false
2026-09-02,EW,90.82,2595702,54.09,45.52,88.72,93.31,87.95,93.91,-54.48,63,DoubleBottom|DoubleTop,100.74,HOLD,2.00,87.82,96.81,87.82,91.82,0.38,1.87,-1.49,91.01,90.33,89.63,84.90,0.92,uptrend,0.00,0.15,false
2026-09-02,EXPD,186.16,715795,55.93,15.70,177.66,194.16,176.73,192.28,-84.30,63,DoubleTop|AscendingScallop,139.17,HOLD,3.75,180.54,197.41,180.54,188.03,5.29,5.98,-0.69,185.91,185.52,177.22,158.24,0.91,uptrend,0.00,0.75,true
2026-09-02,EXPE,308.06,1520192,48.17,13.44,302.41,341.51,302.79,342.00,-86.56,63,DoubleBottom|HeadAndShoulders,131.25,HOLD,12.37,289.51,345.16,289.51,314.24,5.76,14.53,-8.78,321.96,316.21,292.97,258.23,1.05,uptrend,0.00,0.63,true
2026-09-02,FAST,47.93,7260994,38.43,6.33,48.62,53.10,47.65,52.92,-93.67,63,DoubleTop|DescendingScallop,166.00,HOLD,1.07,46.32,51.14,46.32,48.47,0.08,1.21,-1.13,50.86,49.92,48.57,45.27,1.11,uptrend,0.00,0.28,false
2026-09-02,FCX,73.93,11958507,56.04,56.99,63.35,81.16,65.57,80.24,-43.01,63,ThreeRisingValleys|AscendingScallop|MeasuredMoveUp,392.88,HOLD,2.85,69.66,82.48,69.66,75.35,4.31,3.84,0.47,72.26,72.44,66.02,60.60,0.84,uptrend,0.00,0.47,false
2026-09-02,FFIV,391.08,359200,46.79,33.92,372.83,424.51,376.21,425.61,-66.08,63,DoubleBottom|InvertedCupWithHandle|DescendingScallop,114.83,HOLD,13.88,370.26,432.72,370.26,398.02,-7.76,-4.66,-3.10,398.67,397.43,404.42,325.60,0.72,uptrend,0.00,0.50,false
2026-09-02,FICO,1099.45,165490,44.51,30.63,1010.81,1201.86,1015.00,1188.80,-69.37,63,DoubleTop|HeadAndShoulders|AscendingScallop,117.40,HOLD,47.49,1028.21,1241.93,1028.21,1123.20,25.04,-16.15,41.19,1106.33,1130.53,1172.23,1311.83,0.62,downtrend,0.00,0.20,false
2026-09-02,FIX,1560.13,326156,41.00,14.39,1485.38,1838.38,1505.73,1883.70,-85.61,63,ThreeDescendingPeaks|DescendingScallop,153.55,HOLD,83.67,1434.62,1811.14,1434.62,1601.97,-59.81,-19.34,-40.47,1661.88,1639.27,1726.56,1485.05,0.86,uptrend,0.00,0.20,false
2026-09-02,FLEX,105.95,2797057,38.14,6.41,101.41,130.66,104.19,131.63,-93.59,63,DescendingScallop,166.00,HOLD,5.93,97.05,123.75,97.05,108.92,-5.18,-1.49,-3.69,116.04,114.23,124.93,94.35,0.99,uptrend,0.00,0.57,true
2026-09-02,FSLR,202.60,1728369,38.89,14.42,189.50,248.39,197.82,269.70,-85.58,63,InvertedCupWithHandle|ThreeDescendingPeaks|DescendingScallop,216.00,SELL,9.43,216.75,174.31,216.75,197.88,-10.34,-2.31,-8.03,218.94,213.01,220.76,231.07,0.80,downtrend,0.00,0.08,false
2026-09-02,FTNT,154.54,5169967,46.34,24.53,147.70,171.54,148.25,173.89,-75.47,63,,124.83,HOLD,7.46,143.36,176.91,143.36,158.27,-1.20,-0.38,-0.82,159.62,159.79,158.43,109.31,1.14,uptrend,0.00,0.63,true
2026-09-02,GDDY,101.87,1777608,59.82,90.20,88.88,103.32,87.68,102.91,-9.80,63,DoubleTop|ThreeRisingValleys|AscendingScallop,371.16,BUY,4.24,95.50,114.60,95.50,103.99,2.90,1.77,1.13,96.10,96.77,92.57,96.43,0.98,uptrend,0.83,0.62,true
2026-09-02,GEHC,70.56,2061105,48.14,6.26,70.01,75.38,69.58,75.65,-93.74,63,DoubleBottom|DoubleTop|HeadAndShoulders,173.79,HOLD,1.68,68.03,75.61,68.03,71.40,0.75,2.65,-1.89,72.69,71.59,68.12,72.76,0.78,downtrend,0.00,0.08,false
2026-09-02,GEV,921.94,2648317,40.58,21.24,872.44,1082.20,874.00,1099.66,-78.76,63,DescendingScallop,134.14,HOLD,44.17,855.69,1054.45,855.69,944.02,-35.86,-7.46,-28.40,977.32,962.07,1020.58,882.48,1.27,uptrend,0.00,0.34,false
2026-09-02,GILD,149.61,4922963,66.21,82.38,130.20,154.68,129.02,152.54,-17.62,63,AscendingScallop,390.10,HOLD,3.80,143.91,161.02,143.91,151.51,7.01,5.80,1.20,142.44,143.46,135.54,134.10,0.86,uptrend,0.00,0.35,false
2026-09-02,GLW,144.13,7845675,41.62,7.08,139.24,171.19,141.63,176.94,-92.92,63,DescendingScallop,166.00,HOLD,8.86,130.85,170.70,130.85,148.56,-2.56,3.50,-6.06,155.22,152.63,167.92,143.09,0.87,uptrend,0.00,0.08,false
2026-09-02,GNRC,180.76,781890,30.53,5.73,179.58,230.44,178.19,225.34,-94.27,63,ThreeDescendingPeaks|DescendingScallop,191.00,HOLD,9.62,166.33,209.61,166.33,185.57,-6.70,0.67,-7.37,205.01,200.90,220.72,208.11,0.81,downtrend,0.00,0.08,false
2026-09-02,GOOGL,337.12,22400937,43.14,22.90,333.60,356.74,332.82,364.13,-77.10,63,HeadAndShoulders|DescendingScallop,155.42,HOLD,8.30,324.67,362.02,324.67,341.27,-5.31,-1.71,-3.60,345.17,344.05,348.73,335.34,1.00,uptrend,0.00,0.34,false
2026-09-02,GPC,137.15,736233,59.40,73.88,131.39,138.94,129.40,139.89,-26.12,63,DoubleBottom|DoubleTop|HeadAndShoulders,187.51,HOLD,3.17,132.40,146.65,132.40,138.73,2.04,3.12,-1.08,135.16,134.27,128.25,119.74,0.66,uptrend,0.00,0.82,true
2026-09-02,GRMN,276.04,972042,40.13,17.66,273.20,320.33,268.01,314.28,-82.34,63,ThreeDescendingPeaks|DescendingScallop,120.16,HOLD,7.54,264.74,298.65,264.74,279.81,-9.20,5.84,-15.04,296.77,287.68,270.93,237.52,1.17,uptrend,0.00,0.29,false
2026-09-02,GWW,1284.85,260649,40.23,1.63,1279.11,1335.86,1268.90,1337.96,-98.37,63,DoubleBottom|DoubleTop|HeadAndShoulders,112.90,HOLD,27.52,1243.58,1367.40,1243.58,1298.61,-5.21,-15.45,10.25,1307.48,1314.77,1341.04,1173.60,1.18,uptrend,0.00,0.34,false
2026-09-02,HAL,37.63,11068396,67.40,95.83,31.75,37.61,31.77,37.83,-4.17,63,ThreeRisingValleys|AscendingScallop,475.69,HOLD,1.09,36.00,40.89,36.00,38.17,1.51,1.21,0.30,34.68,35.08,33.98,34.70,1.04,uptrend,0.00,0.35,false
2026-09-02,HD,318.51,3496996,34.35,2.45,318.19,357.74,317.71,358.36,-97.55,63,FallingWedge|ThreeDescendingPeaks|DescendingScallop,216.00,SELL,7.60,329.92,295.70,329.92,314.71,-6.38,-1.84,-4.53,337.96,333.74,340.10,344.31,0.95,downtrend,0.00,0.08,false
2026-09-02,HSY,177.43,1006885,43.43,15.91,175.43,191.09,174.96,190.46,-84.09,63,DoubleTop,199.26,HOLD,4.06,171.35,189.60,171.35,179.46,1.07,2.88,-1.81,183.26,181.45,179.11,192.49,0.89,downtrend,0.00,0.08,false
2026-09-02,HUBB,450.08,458193,36.60,13.91,435.05,531.05,439.91,529.39,-86.09,63,DescendingScallop,187.13,HOLD,13.54,429.76,490.71,429.76,456.85,-18.16,-4.95,-13.21,483.05,473.06,487.74,485.21,1.07,downtrend,0.00,0.08,false
2026-09-02,IBM,231.70,4648208,46.91,32.07,228.86,239.88,227.40,241.80,-67.93,63,DoubleBottom|DoubleTop,165.24,HOLD,6.75,221.57,251.96,221.57,235.08,0.86,4.07,-3.21,234.37,233.80,242.38,262.99,0.95,downtrend,0.00,0.08,false
2026-09-02,IDXX,538.99,655414,41.51,4.39,528.10,593.48,537.31,602.00,-95.61,63,DoubleBottom|InvertedCupWithHandle|DescendingScallop,216.00,SELL,16.65,563.97,489.03,563.97,530.66,-11.39,-6.38,-5.01,560.79,555.62,558.93,608.61,1.28,downtrend,0.00,0.08,false
2026-09-02,IEX,224.61,584951,40.06,14.25,224.59,242.78,221.60,242.73,-85.75,63,DescendingScallop,153.97,HOLD,5.24,216.75,240.32,216.75,227.23,-2.32,1.86,-4.18,233.69,231.13,228.82,205.30,1.06,uptrend,0.00,0.34,false
2026-09-02,INCY,128.83,2324073,61.45,85.12,117.47,131.38,115.77,130.80,-14.88,63,DoubleTop|HeadAndShoulders|AscendingScallop,284.48,BUY,3.47,123.63,139.23,123.63,130.56,3.10,2.35,0.75,124.42,124.66,120.03,104.49,1.78,uptrend,0.83,0.98,true
2026-09-02,IR,75.00,3508532,32.04,9.32,73.83,88.78,74.03,91.78,-90.68,63,FallingWedge|ThreeDescendingPeaks|DescendingScallop,216.00,SELL,2.22,78.33,68.35,78.33,73.89,-3.81,-2.50,-1.32,81.30,79.98,81.83,82.02,1.00,downtrend,0.00,0.08,false
2026-09-02,ISRG,371.88,2052689,45.94,16.39,358.63,406.39,365.32,405.34,-83.61,63,DoubleBottom|DoubleTop|ThreeDescendingPeaks,197.89,HOLD,11.59,354.49,406.66,354.49,377.68,-1.71,9.59,-11.30,382.51,376.94,382.31,465.61,0.88,downtrend,0.00,0.08,false
2026-09-02,IT,186.75,690722,53.96,45.33,176.34,203.63,172.65,203.03,-54.67,63,HeadAndShoulders,87.10,HOLD,8.23,174.40,211.45,174.40,190.87,9.47,13.71,-4.24,189.98,186.50,161.41,177.97,0.54,uptrend,0.00,0.29,false
2026-09-02,ITW,269.09,1670247,32.68,12.73,269.90,300.28,265.89,300.53,-87.27,63,DescendingScallop,166.00,HOLD,5.55,260.76,285.75,260.76,271.87,-6.28,-2.12,-4.16,285.09,281.25,280.08,266.61,1.72,uptrend,0.00,0.20,false
2026-09-02,JBHT,260.22,831423,41.70,18.08,253.50,284.24,254.10,287.93,-81.92,63,ThreeDescendingPeaks|DescendingScallop,167.11,HOLD,8.46,247.54,285.59,247.54,264.45,-3.83,-2.42,-1.41,268.87,267.86,276.40,236.32,1.10,uptrend,0.00,0.28,false
2026-09-02,JBL,299.39,872268,38.16,8.88,279.35,378.83,292.29,376.97,-91.12,63,BearishFlag|ThreeDescendingPeaks|DescendingScallop,166.00,HOLD,13.40,279.29,339.59,279.29,306.09,-15.42,2.60,-18.02,329.09,318.53,329.72,291.75,0.92,uptrend,0.00,0.08,false
2026-09-02,JCI,139.25,2501989,38.79,9.37,135.08,158.18,137.54,156.84,-90.63,63,InvertedCupWithHandle|DescendingScallop,166.00,HOLD,3.69,133.71,150.33,133.71,141.10,-4.40,-0.40,-4.00,146.63,143.88,144.59,134.46,0.87,uptrend,0.00,0.14,false
2026-09-02,JNJ,275.21,7904941,62.57,74.59,255.44,277.35,255.12,281.07,-25.41,63,DoubleTop|AscendingScallop,309.46,BUY,5.66,266.72,292.19,266.72,278.04,6.04,4.40,1.64,266.39,266.84,260.41,235.03,1.23,uptrend,0.83,0.63,true
2026-09-02,KLAC,172.26,6414711,34.82,11.31,166.23,212.79,167.56,214.80,-88.69,63,ThreeDescendingPeaks|DescendingScallop,170.00,HOLD,9.11,158.59,199.59,158.59,176.82,-6.70,-2.18,-4.53,189.51,186.61,208.58,170.86,0.70,uptrend,0.00,0.08,false
2026-09-02,KMB,109.29,3944006,50.24,45.02,106.94,111.56,106.76,112.70,-54.98,63,DoubleBottom|DoubleTop|HeadAndShoulders,120.34,HOLD,2.43,105.65,116.58,105.65,110.50,-0.24,-0.34,0.10,109.25,109.30,109.76,103.21,1.35,uptrend,0.00,0.55,true
2026-09-02,KVUE,19.13,19098995,50.78,49.41,18.73,19.44,18.65,19.70,-50.59,63,DoubleBottom|DoubleTop|HeadAndShoulders,120.01,HOLD,0.37,18.57,20.25,18.57,19.32,-0.08,-0.12,0.04,19.08,19.10,19.18,17.93,0.97,uptrend,0.00,0.47,false
2026-09-02,LH,331.66,643899,61.84,59.83,313.93,342.58,312.30,341.80,-40.17,63,AscendingScallop,280.99,HOLD,7.55,320.34,354.31,320.34,335.43,8.92,10.74,-1.83,328.25,326.30,303.99,274.92,1.11,uptrend,0.83,0.77,true
2026-09-02,LII,374.00,390681,25.72,4.36,369.62,445.04,371.65,448.96,-95.64,63,FallingWedge|ThreeDescendingPeaks|DescendingScallop,200.00,SELL,13.28,393.91,334.17,393.91,367.36,-18.05,-29.28,11.23,407.33,410.32,479.84,498.89,0.84,downtrend,0.00,0.08,false
2026-09-02,LIN,487.45,1153614,46.54,67.13,475.54,495.73,473.05,499.18,-32.87,63,DoubleBottom|DoubleTop|HeadAndShoulders,93.54,HOLD,8.36,474.91,512.53,474.91,491.63,-0.95,-6.24,5.29,485.63,488.74,503.08,479.88,0.61,uptrend,0.00,0.20,false
2026-09-02,LITE,870.58,2770980,50.76,40.01,795.88,971.85,784.47,999.67,-59.99,63,DoubleBottom,158.64,HOLD,69.53,766.28,1079.18,766.28,905.35,32.29,57.04,-24.75,883.87,872.32,815.91,678.95,0.58,uptrend,0.00,0.37,false
2026-09-02,LLY,1160.08,2441157,43.36,8.98,1136.97,1275.09,1147.00,1292.65,-91.02,63,DoubleBottom|DoubleTop,170.00,HOLD,36.73,1104.99,1270.27,1104.99,1178.44,14.72,20.97,-6.25,1206.03,1192.72,1190.22,1062.02,0.95,uptrend,0.00,0.29,false
2026-09-02,LOW,199.84,2728712,33.50,1.89,200.81,227.26,199.34,225.79,-98.11,63,FallingWedge|ThreeDescendingPeaks|DescendingScallop,216.00,SELL,5.12,207.53,184.47,207.53,197.28,-3.15,0.63,-3.77,214.04,210.88,214.08,236.47,0.91,downtrend,0.00,0.08,false
2026-09-02,LRCX,288.32,4830379,39.90,6.44,285.82,341.38,284.40,345.28,-93.56,63,DescendingScallop,176.67,HOLD,16.39,263.73,337.50,263.73,296.52,-0.88,8.55,-9.44,313.60,309.32,325.41,259.37,0.65,uptrend,0.00,0.23,false
2026-09-02,LULU,120.07,3915610,50.94,55.01,113.01,127.92,114.69,128.86,-44.99,63,DoubleBottom|DescendingScallop,126.46,HOLD,4.50,113.32,133.58,113.32,122.32,-1.75,-0.65,-1.10,120.46,119.41,118.46,153.33,1.10,downtrend,0.00,0.08,false
2026-09-02,MAA,128.61,712751,40.01,10.67,127.92,135.15,127.80,137.00,-89.33,63,DoubleBottom|ThreeDescendingPeaks|DescendingScallop,191.00,HOLD,2.19,125.33,135.17,125.33,129.70,-1.54,-1.10,-0.44,131.53,131.21,134.08,132.23,0.90,downtrend,0.00,0.14,false
2026-09-02,MAS,70.94,1929295,39.66,14.08,70.52,77.05,70.04,77.85,-85.92,63,DescendingScallop,145.68,HOLD,1.96,68.00,76.83,68.00,71.92,-1.02,-1.23,0.21,73.78,73.48,76.36,69.48,1.02,uptrend,0.00,0.20,false
2026-09-02,MCHP,72.76,5835366,41.43,21.08,69.81,83.49,70.45,85.97,-78.92,63,ThreeDescendingPeaks|DescendingScallop,177.16,HOLD,3.17,68.01,82.27,68.01,74.34,-1.86,-0.63,-1.23,76.65,75.83,80.65,77.17,0.64,downtrend,0.00,0.08,false
2026-09-02,MCK,924.78,821541,64.11,95.91,837.60,920.79,837.88,928.49,-4.09,63,DoubleBottom|DoubleTop,381.26,HOLD,24.03,888.74,996.86,888.74,936.79,8.89,7.09,1.79,879.19,879.63,841.27,842.56,0.84,uptrend,0.00,0.35,false
2026-09-02,MDLZ,62.45,6041039,49.89,27.23,61.01,64.71,60.85,65.55,-72.77,63,DoubleBottom|DoubleTop|HeadAndShoulders,83.13,HOLD,1.34,60.44,66.47,60.44,63.12,0.24,0.55,-0.31,62.86,62.61,61.53,59.05,0.91,uptrend,0.00,0.22,false
2026-09-02,MDT,92.18,9157834,59.21,40.95,87.27,94.77,84.96,95.41,-59.05,63,DoubleTop|AscendingScallop,164.68,HOLD,2.23,88.83,98.88,88.83,93.30,2.08,2.88,-0.80,91.02,90.48,86.20,89.74,1.19,uptrend,0.00,0.35,false
2026-09-02,MKC,53.80,1855094,50.05,6.12,52.16,56.60,51.71,56.87,-93.88,63,DoubleTop|HeadAndShoulders|AscendingScallop,146.14,HOLD,1.46,51.61,58.19,51.61,54.53,1.27,1.56,-0.28,54.38,54.15,52.68,57.24,0.80,downtrend,0.00,0.08,false
2026-09-02,MLM,517.07,1124516,40.69,29.82,509.95,558.17,502.56,559.03,-70.18,63,ThreeDescendingPeaks|DescendingScallop,172.32,HOLD,13.84,496.32,558.58,496.32,523.99,-10.89,-9.24,-1.64,534.06,532.74,557.01,601.83,1.91,downtrend,0.00,0.08,false
2026-09-02,MMM,168.75,2174431,34.21,4.14,170.48,187.43,168.08,184.69,-95.86,63,DoubleTop|ThreeDescendingPeaks|DescendingScallop,166.00,HOLD,3.52,163.47,179.32,163.47,170.51,-2.10,0.77,-2.87,178.95,176.10,171.55,160.86,0.83,uptrend,0.00,0.34,false
2026-09-02,MNST,44.42,10508139,40.84,7.31,23.84,78.84,44.04,95.17,-92.69,63,HeadAndShoulders|DescendingScallop,200.00,SELL,6.23,53.76,25.74,53.76,41.31,-12.79,-16.13,3.35,51.34,53.48,74.47,78.14,1.11,downtrend,0.00,0.08,false
2026-09-02,MPWR,1219.36,404836,37.21,3.22,1207.50,1450.81,1211.73,1464.99,-96.78,63,DescendingScallop,191.00,HOLD,60.34,1128.85,1400.38,1128.85,1249.53,-44.59,-10.59,-33.99,1329.15,1305.66,1337.25,1247.45,0.70,downtrend,0.00,0.08,false
2026-09-02,MRK,151.64,8756709,65.64,77.55,123.70,161.78,126.68,156.92,-22.45,63,HeadAndShoulders|AscendingScallop,297.20,HOLD,4.12,145.46,164.01,145.46,153.70,10.10,7.75,2.36,142.74,144.22,133.46,117.82,0.79,uptrend,0.83,0.75,true
2026-09-02,MRVL,206.48,15004161,43.81,10.86,197.49,251.36,200.62,254.60,-89.14,63,DoubleBottom,187.58,HOLD,16.06,182.38,254.67,182.38,214.51,11.40,16.05,-4.64,224.42,221.86,223.18,150.46,0.62,uptrend,0.00,0.63,true
2026-09-02,MSFT,496.82,15280048,60.83,48.41,476.22,514.20,477.15,517.78,-51.59,63,DoubleBottom|DoubleTop,148.27,HOLD,11.32,479.84,530.77,479.84,502.48,6.49,21.15,-14.67,495.21,486.91,438.34,431.09,0.63,uptrend,0.00,0.62,true
2026-09-02,MTD,1367.74,178279,44.26,10.59,1371.54,1447.34,1357.19,1456.77,-89.41,63,DoubleTop,139.32,HOLD,35.58,1314.37,1474.48,1314.37,1385.53,-13.37,7.74,-21.11,1409.44,1394.06,1355.50,1319.92,1.05,uptrend,0.00,0.29,false
2026-09-02,MU,956.08,21231828,53.23,46.10,857.44,1007.59,827.00,1036.13,-53.90,63,ThreeDescendingPeaks|AscendingScallop,158.50,HOLD,55.52,872.80,1122.64,872.80,983.84,31.48,36.05,-4.57,932.52,934.53,944.03,599.05,0.75,uptrend,0.00,0.75,true
2026-09-02,NDSN,316.63,322299,51.57,37.87,297.17,339.85,302.92,339.12,-62.13,63,DoubleBottom|ThreeRisingValleys|AscendingScallop,314.36,HOLD,7.35,305.61,338.68,305.61,320.30,9.62,9.56,0.05,318.51,318.02,304.16,278.29,0.76,uptrend,0.00,0.48,false
2026-09-02,NEM,125.16,6336080,59.01,49.27,107.39,138.21,103.10,135.29,-50.73,63,AscendingScallop,221.57,HOLD,4.47,118.45,138.58,118.45,127.40,11.05,12.91,-1.86,122.80,121.44,105.77,108.08,0.75,uptrend,0.00,0.47,false
2026-09-02,NKE,38.24,20604888,38.35,8.01,37.69,42.62,37.97,42.64,-91.99,63,DescendingScallop,216.00,SELL,1.13,39.93,34.86,39.93,37.68,-1.12,-1.02,-0.10,40.15,39.97,41.62,51.67,0.76,downtrend,0.00,0.08,false
2026-09-02,NOW,136.72,14507032,59.86,59.76,112.74,146.03,111.80,149.60,-40.24,63,ThreeRisingValleys|AscendingScallop,322.94,HOLD,6.55,126.89,156.37,126.89,140.00,7.11,7.65,-0.54,129.38,129.78,114.95,118.84,0.80,uptrend,0.83,0.62,true
2026-09-02,NSC,330.06,1143121,39.42,6.12,327.34,356.20,328.37,355.99,-93.88,63,DoubleBottom|DoubleTop|HeadAndShoulders,150.00,HOLD,6.69,320.03,350.12,320.03,333.40,4.33,2.88,1.45,341.77,341.34,334.34,308.48,0.94,uptrend,0.00,0.34,false
2026-09-02,NTAP,180.77,3895915,43.31,6.47,178.49,209.09,178.88,209.06,-93.53,63,DoubleBottom|ThreeDescendingPeaks|DescendingScallop,141.00,HOLD,7.20,169.97,202.37,169.97,184.37,-0.89,7.33,-8.22,193.79,188.19,177.48,129.84,1.64,uptrend,0.00,0.63,true
2026-09-02,NUE,263.97,1155135,58.51,70.18,235.89,282.84,238.62,277.60,-29.82,63,DoubleBottom|DescendingScallop,221.30,BUY,8.74,250.86,290.19,250.86,268.34,-9.43,-2.36,-7.07,259.37,254.98,247.88,204.88,0.82,uptrend,0.83,0.75,true
2026-09-02,NVDA,224.41,155979384,56.67,73.90,208.86,229.71,207.25,230.47,-26.10,63,DoubleTop,198.25,HOLD,7.58,213.05,247.14,213.05,228.20,1.61,5.35,-3.75,219.29,217.05,209.28,196.27,1.23,uptrend,0.00,0.57,true
2026-09-02,NXPI,228.50,2717654,43.56,53.64,218.40,238.85,217.30,242.49,-46.36,63,,99.41,HOLD,7.67,216.99,251.52,216.99,232.34,-5.16,-8.94,3.78,228.62,230.79,253.07,243.37,0.92,downtrend,0.00,0.08,false
2026-09-02,ODFL,187.61,2130829,28.06,12.74,188.64,221.12,183.50,219.74,-87.26,63,ThreeDescendingPeaks|DescendingScallop,251.20,SELL,6.75,197.74,167.35,197.74,184.23,-7.64,-7.11,-0.53,204.88,203.55,215.97,196.00,1.43,downtrend,0.00,0.08,false
2026-09-02,ON,72.34,7131614,37.12,9.71,68.90,85.14,70.92,85.55,-90.29,63,ThreeDescendingPeaks|DescendingScallop,201.67,SELL,3.48,77.56,61.89,77.56,70.60,-3.71,-3.01,-0.69,77.02,76.84,85.26,78.07,1.00,downtrend,0.00,0.08,false
2026-09-02,ORCL,145.75,21817305,50.69,43.88,139.11,155.28,137.43,159.26,-56.12,63,DoubleBottom,126.21,HOLD,6.54,135.94,165.36,135.94,149.02,1.58,6.67,-5.09,147.19,145.24,139.78,169.43,0.97,downtrend,0.00,0.08,false
2026-09-02,ORLY,86.97,7549756,40.41,8.95,86.67,94.16,86.40,94.01,-91.05,63,ThreeDescendingPeaks|DescendingScallop,216.00,SELL,2.06,90.05,80.80,90.05,85.94,-1.18,-0.06,-1.13,90.42,89.40,89.00,92.29,1.63,downtrend,0.00,0.08,false
2026-09-02,OTIS,70.83,3910673,43.85,25.13,69.85,74.27,70.10,74.80,-74.87,63,DoubleBottom|DescendingScallop,200.33,SELL,1.36,72.87,66.75,72.87,70.15,-0.75,-0.47,-0.28,72.06,71.78,72.42,80.15,1.20,downtrend,0.00,0.08,false
2026-09-02,PANW,328.48,13170703,41.84,9.34,330.50,402.88,321.39,398.88,-90.66,63,DescendingScallop,238.00,SELL,20.03,358.52,268.40,358.52,318.47,-2.62,10.45,-13.06,366.69,358.59,347.57,231.78,2.17,uptrend,0.00,0.63,true
2026-09-02,PEP,140.52,7035617,49.86,34.71,136.86,144.22,136.73,145.90,-65.29,63,DoubleBottom|DoubleTop|HeadAndShoulders,104.74,HOLD,2.42,136.90,147.77,136.90,141.73,1.13,1.03,0.09,140.54,140.66,139.73,148.86,1.10,downtrend,0.00,0.08,false
2026-09-02,PG,147.64,7426036,56.53,88.42,142.30,147.58,142.14,148.50,-11.58,63,DoubleBottom|DoubleTop,288.39,HOLD,2.62,143.72,155.49,143.72,148.95,-0.26,-1.03,0.78,144.94,145.37,146.86,147.57,0.82,uptrend,0.00,0.27,false
2026-09-02,PHM,123.70,1136924,42.12,7.68,123.79,133.78,122.90,133.32,-92.32,63,DoubleTop,191.00,HOLD,3.42,118.57,133.97,118.57,125.41,-1.43,-0.53,-0.90,128.78,127.90,129.24,125.13,0.92,downtrend,0.00,0.08,false
2026-09-02,PKG,233.54,666268,37.22,20.28,232.15,264.96,227.65,259.98,-79.72,63,DoubleTop|ThreeDescendingPeaks|DescendingScallop,142.71,HOLD,6.11,224.37,251.88,224.37,236.60,-5.11,-0.03,-5.08,248.56,244.05,242.44,222.80,1.34,uptrend,0.00,0.08,false
2026-09-02,PLD,136.59,3618315,34.52,2.95,137.56,143.74,136.37,143.82,-97.05,63,DoubleBottom|DoubleTop|HeadAndShoulders|MeasuredMoveDown,175.00,HOLD,2.30,133.14,143.48,133.14,137.74,-0.29,-1.21,0.92,140.65,141.05,142.19,137.17,1.12,downtrend,0.00,0.14,false
2026-09-02,PNR,59.84,3256696,32.31,3.60,58.84,69.77,59.57,70.97,-96.40,63,InvertedCupWithHandle|ThreeDescendingPeaks|DescendingScallop,216.00,SELL,2.03,62.88,53.76,62.88,58.83,-2.42,-1.09,-1.33,64.30,63.52,67.66,86.15,0.84,downtrend,0.00,0.08,false
2026-09-02,PODD,148.14,1113180,48.77,58.38,138.92,151.35,130.11,155.17,-41.62,63,DoubleTop|AscendingScallop,142.86,HOLD,6.06,139.05,166.32,139.05,151.17,-2.33,-6.09,3.77,145.14,147.91,154.42,212.01,0.64,downtrend,0.00,0.20,false
2026-09-02,PPG,111.31,1490693,43.09,31.09,109.89,118.14,109.09,119.99,-68.91,63,DescendingScallop,136.63,HOLD,2.77,107.15,119.63,107.15,112.70,-1.15,-1.00,-0.15,114.02,113.56,116.19,111.22,1.18,uptrend,0.00,0.08,false
2026-09-02,PTC,149.13,1129485,53.02,26.69,144.65,158.59,137.23,159.46,-73.31,63,,81.00,HOLD,4.94,141.73,163.94,141.73,151.60,4.73,8.31,-3.58,151.62,149.45,135.20,149.03,0.99,uptrend,0.00,0.08,false
2026-09-02,PWR,610.78,806902,41.12,13.03,579.76,719.89,593.70,724.80,-86.97,63,ThreeDescendingPeaks|DescendingScallop,157.42,HOLD,25.06,573.20,685.95,573.20,623.31,-20.97,2.00,-22.96,649.82,636.94,655.70,585.92,0.76,uptrend,0.00,0.14,false
2026-09-02,QCOM,169.96,7511325,54.63,90.63,157.18,169.96,155.22,171.38,-9.37,63,DoubleBottom|DoubleTop,293.90,HOLD,6.27,160.56,188.77,160.56,173.09,2.07,0.74,1.34,163.57,164.92,170.61,167.85,0.82,sideways,0.00,0.27,false
2026-09-02,RDDT,158.10,6221847,49.33,35.80,142.26,170.07,143.50,184.28,-64.20,63,ThreeDescendingPeaks,114.14,HOLD,9.69,143.57,187.16,143.57,162.94,-3.84,-4.02,0.18,156.16,156.96,170.18,174.90,0.89,downtrend,0.00,0.20,false
2026-09-02,REGN,852.03,749264,70.10,96.74,773.38,850.65,762.79,854.49,-3.26,63,DoubleTop|AscendingScallop,323.95,BUY,20.59,821.15,913.79,821.15,862.32,25.00,42.06,-17.06,812.02,801.67,729.31,730.81,1.05,uptrend,0.83,0.84,true
2026-09-02,RL,336.50,787780,25.32,2.22,333.87,413.65,335.25,411.19,-97.78,63,InvertedCupWithHandle|ThreeDescendingPeaks|DescendingScallop,191.00,HOLD,11.15,319.78,369.95,319.78,342.07,-14.63,-5.01,-9.62,373.76,365.41,381.53,366.02,1.25,downtrend,0.00,0.08,false
2026-09-02,RMD,230.87,1156198,56.32,51.43,214.16,242.98,202.00,242.40,-48.57,63,BullishFlag|AscendingScallop,301.69,HOLD,6.94,220.47,251.68,220.47,234.34,7.14,8.62,-1.48,228.57,228.32,214.03,228.55,0.76,uptrend,0.00,0.20,false
2026-09-02,ROK,425.36,702288,40.26,24.90,418.25,453.10,415.64,454.69,-75.10,63,DescendingScallop,127.78,HOLD,11.05,408.79,458.51,408.79,430.88,-12.52,-11.83,-0.69,435.67,436.11,455.36,419.96,0.99,uptrend,0.00,0.28,false
2026-09-02,ROL,35.71,4935645,34.25,10.22,35.51,37.51,35.48,37.85,-89.78,63,DoubleBottom|DoubleTop|HeadAndShoulders,200.00,SELL,0.92,37.09,32.94,37.09,35.25,-0.51,-1.05,0.54,36.51,36.93,39.83,52.50,1.09,downtrend,0.00,0.08,false
2026-09-02,ROP,415.79,646397,61.09,68.65,386.73,429.07,387.82,428.13,-31.35,63,ThreeRisingValleys|AscendingScallop,371.03,HOLD,10.30,400.35,446.68,400.35,420.94,9.57,10.03,-0.46,407.90,407.59,380.76,376.42,0.97,uptrend,0.83,0.62,true
2026-09-02,ROST,230.85,2175674,41.96,28.16,221.40,258.11,224.50,256.45,-71.84,63,InvertedCupWithHandle|ThreeDescendingPeaks|DescendingScallop,138.02,HOLD,6.02,221.82,248.91,221.82,233.86,-8.85,-5.46,-3.39,239.76,236.37,234.14,211.91,0.78,uptrend,0.00,0.22,false
2026-09-02,RSG,222.52,1713285,58.34,82.14,210.70,225.88,205.01,224.59,-17.86,63,DoubleTop|AscendingScallop,320.39,HOLD,3.91,216.65,234.26,216.65,224.48,4.47,2.83,1.64,218.29,219.23,217.13,214.87,1.17,uptrend,0.00,0.48,false
2026-09-02,RVTY,130.94,2101523,69.42,95.51,110.12,132.88,112.24,131.75,-4.49,63,ThreeRisingValleys|AscendingScallop,503.28,HOLD,3.83,125.19,142.44,125.19,132.86,5.42,4.26,1.16,121.50,122.67,115.56,101.98,1.39,uptrend,0.83,0.90,true
2026-09-02,SHW,331.25,1396150,39.00,7.19,329.81,372.12,328.90,372.16,-92.81,63,ThreeDescendingPeaks|DescendingScallop,191.00,HOLD,8.15,319.03,355.70,319.03,335.32,-7.30,1.25,-8.55,350.97,344.87,343.13,334.13,0.88,downtrend,0.00,0.08,false
2026-09-02,SLB,58.13,13819343,64.90,72.52,49.69,58.71,50.28,60.46,-27.48,63,AscendingScallop,389.45,HOLD,1.92,55.26,63.88,55.26,59.09,2.10,1.93,0.17,54.20,54.46,50.37,48.85,1.19,uptrend,1.00,0.57,true
2026-09-02,SMCI,37.00,32916115,56.28,44.70,30.49,41.89,29.33,42.31,-55.30,63,AscendingScallop,219.42,HOLD,2.30,33.55,43.90,33.55,38.15,2.64,3.72,-1.09,36.19,35.77,31.44,31.33,0.62,uptrend,0.00,0.20,false
2026-09-02,SNDK,1553.40,8866446,52.50,33.26,1193.19,1783.97,1163.09,1827.99,-66.74,63,ThreeRisingValleys|ThreeDescendingPeaks|AscendingScallop,185.77,HOLD,130.27,1358.00,1944.20,1358.00,1618.53,104.48,119.82,-15.34,1488.58,1508.89,1569.34,990.09,0.65,uptrend,0.00,0.75,true
2026-09-02,SNPS,415.97,1268741,50.20,36.24,381.94,447.66,388.11,464.98,-63.76,63,,104.39,HOLD,16.12,391.79,464.33,391.79,424.03,7.30,9.98,-2.67,414.80,416.14,414.79,447.04,0.76,downtrend,0.00,0.08,false
2026-09-02,STE,230.35,467746,48.59,32.48,228.95,240.61,214.54,241.39,-67.52,63,DoubleTop|HeadAndShoulders,106.00,HOLD,5.51,222.08,246.89,222.08,233.11,0.29,3.31,-3.01,234.78,232.48,224.65,233.20,0.72,downtrend,0.00,0.08,false
2026-09-02,STLD,247.64,1192114,54.05,65.52,215.18,275.17,218.02,271.00,-34.48,63,CupWithHandle|DescendingScallop,201.76,BUY,9.32,233.65,275.61,233.65,252.30,-13.90,-7.47,-6.44,245.17,241.21,242.05,209.42,1.01,uptrend,0.50,0.55,true
2026-09-02,STX,808.54,2656324,44.56,14.39,747.30,961.18,761.80,1013.99,-85.61,63,DoubleBottom|DescendingScallop,152.49,HOLD,56.61,723.63,978.37,723.63,836.84,-13.08,14.69,-27.76,854.24,843.87,860.94,587.78,0.68,uptrend,0.00,0.63,true
2026-09-02,SWKS,71.67,7516638,63.43,84.49,64.96,71.12,63.06,73.25,-15.51,63,,319.00,HOLD,3.10,67.02,80.96,67.02,73.22,0.46,1.68,-1.22,68.04,67.24,64.79,63.81,1.38,uptrend,0.00,0.49,false
2026-09-02,SYK,312.19,2185442,38.48,2.49,313.78,351.46,311.38,349.77,-97.51,63,ThreeDescendingPeaks|DescendingScallop,216.00,SELL,9.97,327.15,282.27,327.15,307.20,-7.43,-2.32,-5.12,332.62,328.37,329.28,339.01,1.01,downtrend,0.00,0.08,false
2026-09-02,TECH,72.30,1655844,63.24,41.82,72.02,72.55,71.89,72.62,-58.18,63,DoubleBottom|DescendingTriangle|DoubleTop,79.95,HOLD,0.32,71.82,73.26,71.82,72.46,0.10,0.17,-0.07,72.28,72.11,71.54,60.87,0.64,uptrend,0.00,0.82,true
2026-09-02,TEL,202.21,2446365,44.51,14.92,195.90,221.05,199.28,221.98,-85.08,63,DoubleBottom|DescendingScallop,207.76,SELL,6.12,211.39,183.85,211.39,199.15,-5.24,-1.57,-3.67,208.48,206.20,205.19,216.49,1.26,downtrend,0.00,0.08,false
2026-09-02,TER,341.62,1810183,41.41,11.65,326.75,430.78,328.10,444.17,-88.35,63,ThreeDescendingPeaks|DescendingScallop,161.33,HOLD,23.59,306.24,412.39,306.24,353.41,-10.47,9.49,-19.96,378.76,368.02,376.00,314.50,0.74,uptrend,0.00,0.08,false
2026-09-02,TGT,163.36,2798611,61.96,69.89,145.70,170.88,145.50,170.75,-30.11,63,ThreeRisingValleys|AscendingScallop,379.82,BUY,4.68,156.34,177.40,156.34,165.70,6.86,7.05,-0.18,158.29,158.28,146.08,121.75,0.57,uptrend,0.83,0.75,true
2026-09-02,TJX,131.31,6997505,19.33,0.58,125.78,165.10,131.18,162.50,-99.42,63,FallingWedge|ThreeDescendingPeaks|DescendingScallop,216.00,SELL,3.05,135.88,122.16,135.88,129.79,-10.09,-6.90,-3.19,145.44,142.55,151.17,154.85,0.96,downtrend,0.00,0.08,false
2026-09-02,TMO,608.54,1616965,56.02,42.60,575.32,642.72,569.63,647.00,-57.40,63,HeadAndShoulders|AscendingScallop,96.79,HOLD,15.98,584.57,656.47,584.57,616.53,18.14,19.72,-1.58,609.02,605.45,566.05,535.64,0.98,uptrend,0.00,0.69,true
2026-09-02,TPL,367.32,279409,46.25,40.76,341.51,385.88,335.10,396.78,-59.24,63,DoubleTop|HeadAndShoulders|ThreeRisingValleys|AscendingScallop,90.00,HOLD,15.55,343.99,413.98,343.99,375.10,0.18,-11.22,11.40,363.69,371.91,388.71,391.25,0.69,downtrend,0.00,0.20,false
2026-09-02,TPR,123.14,2927699,33.01,18.82,107.04,165.33,120.31,164.80,-81.18,63,ThreeDescendingPeaks|DescendingScallop,191.00,HOLD,4.51,116.38,136.66,116.38,125.39,-12.54,-9.99,-2.55,136.19,132.73,141.79,138.14,0.77,downtrend,0.00,0.08,false
2026-09-02,TRMB,59.11,3195189,53.47,54.84,55.92,61.90,54.71,62.00,-45.16,63,DoubleTop,81.00,HOLD,1.91,56.25,64.83,56.25,60.06,1.01,1.04,-0.04,58.91,58.80,55.68,64.98,0.80,downtrend,0.00,0.08,false
2026-09-02,TSCO,34.86,8052128,56.11,25.36,33.94,36.27,33.36,36.89,-74.64,63,ThreeDescendingPeaks|AscendingScallop,118.76,HOLD,1.01,33.35,37.88,33.35,35.36,0.70,1.51,-0.81,35.10,34.53,32.57,42.08,0.76,downtrend,0.00,0.08,false
2026-09-02,TSLA,357.01,33758963,53.45,68.49,319.83,368.81,315.52,368.92,-31.51,63,ThreeRisingValleys|AscendingScallop,323.96,HOLD,13.55,336.68,397.67,336.68,363.79,14.60,12.03,2.58,344.32,348.98,358.35,399.97,0.97,downtrend,0.00,0.20,false
2026-09-02,TT,439.02,819905,35.10,10.58,433.37,492.18,433.99,493.71,-89.42,63,DescendingScallop,191.00,HOLD,11.24,422.16,472.74,422.16,444.64,-10.28,-4.10,-6.18,462.78,457.36,470.29,444.08,0.93,downtrend,0.00,0.14,false
2026-09-02,TTD,14.55,21593498,47.24,95.18,11.86,15.75,12.83,19.00,-4.82,63,DoubleBottom|DescendingScallop,197.57,HOLD,0.78,13.37,16.90,13.37,14.94,-1.42,-2.01,0.59,13.80,14.36,16.69,25.30,0.71,downtrend,0.00,0.20,false
2026-09-02,TXN,254.80,3876789,37.42,12.21,249.43,288.90,250.43,289.62,-87.79,63,ThreeDescendingPeaks|DescendingScallop,162.74,HOLD,9.11,241.14,282.13,241.14,259.35,-8.70,-5.41,-3.29,269.17,267.01,282.08,238.39,0.69,uptrend,0.00,0.23,false
2026-09-02,TYL,374.88,823616,68.79,88.00,297.84,388.54,299.73,382.39,-12.00,63,ThreeRisingValleys|AscendingScallop,455.05,HOLD,13.16,355.14,414.36,355.14,381.46,22.23,15.71,6.52,343.19,349.09,321.74,358.51,0.85,uptrend,0.00,0.42,false
2026-09-02,UBER,76.45,12973697,51.95,29.54,72.36,81.19,68.17,82.36,-70.46,63,HeadAndShoulders|AscendingScallop,116.67,HOLD,2.57,72.60,84.15,72.60,77.73,2.25,3.08,-0.82,76.78,76.24,73.98,76.48,0.75,downtrend,0.00,0.20,false
2026-09-02,ULTA,551.74,596906,59.82,87.97,498.89,564.91,493.11,566.73,-12.03,63,DoubleBottom|DoubleTop|AscendingScallop,298.96,HOLD,19.03,523.20,608.83,523.20,561.25,2.19,4.21,-2.02,531.90,529.21,502.53,555.89,0.84,downtrend,0.00,0.20,false
2026-09-02,UNP,289.73,1891342,39.76,14.21,286.03,313.72,285.68,314.15,-85.79,63,DoubleBottom|HeadAndShoulders,138.07,HOLD,6.36,280.19,308.81,280.19,292.91,4.98,3.75,1.23,299.87,299.46,292.56,259.60,0.79,uptrend,0.00,0.48,false
2026-09-02,UPS,103.01,3130275,42.84,28.94,101.29,106.37,101.34,107.17,-71.06,63,DoubleBottom|DoubleTop|HeadAndShoulders,126.30,HOLD,2.24,99.66,109.72,99.66,104.13,-0.75,-2.07,1.32,103.83,104.62,107.92,104.81,0.69,downtrend,0.00,0.08,false
2026-09-02,URI,979.82,380510,30.18,1.58,981.62,1205.62,976.66,1179.18,-98.42,63,ThreeDescendingPeaks|DescendingScallop,166.00,HOLD,31.88,932.00,1075.46,932.00,995.76,-38.18,-7.59,-30.59,1093.62,1067.57,1092.06,925.55,0.90,uptrend,0.00,0.34,false
2026-09-02,VLTO,97.21,1762875,51.24,23.59,96.02,100.08,95.76,101.00,-76.41,63,DoubleBottom|DoubleTop|HeadAndShoulders,93.96,HOLD,2.06,94.12,103.39,94.12,98.24,0.83,1.28,-0.45,98.05,97.53,94.76,93.44,1.24,uptrend,0.00,0.34,false
2026-09-02,VMC,263.93,1254567,38.42,26.46,262.37,289.37,257.17,289.37,-73.54,63,DescendingScallop,184.85,HOLD,7.52,252.65,286.50,252.65,267.69,-5.13,-2.89,-2.24,275.87,274.20,284.38,288.58,1.43,downtrend,0.00,0.08,false
2026-09-02,VRSN,289.96,766930,54.76,64.46,272.76,300.69,271.10,300.36,-35.54,63,DoubleBottom|DoubleTop,212.41,HOLD,8.07,277.86,314.16,277.86,293.99,-1.60,-1.19,-0.41,286.72,286.74,277.37,261.33,1.11,uptrend,0.00,0.49,false
2026-09-02,VRT,256.70,3007714,42.33,15.42,244.43,294.92,248.75,300.30,-84.58,63,DescendingScallop,161.30,HOLD,14.02,235.67,298.76,235.67,263.71,-4.22,0.32,-4.54,269.68,266.74,284.55,256.34,0.74,uptrend,0.00,0.08,false
2026-09-02,VRTX,556.75,1734185,67.08,97.18,492.83,572.33,480.86,558.33,-2.82,63,DoubleTop|AscendingScallop,385.94,HOLD,13.34,536.74,596.77,536.74,563.42,25.90,25.39,0.51,532.58,532.65,505.79,464.98,1.52,uptrend,0.83,0.92,true
2026-09-02,WAB,279.81,886549,38.39,9.71,282.34,305.60,277.17,304.36,-90.29,63,DoubleTop,166.00,HOLD,6.52,270.03,299.37,270.03,283.07,-1.84,0.52,-2.36,293.97,290.98,283.25,253.43,0.98,uptrend,0.00,0.34,false
2026-09-02,WAT,412.20,621465,56.16,53.61,400.72,421.62,388.74,426.22,-46.39,63,DoubleBottom|DoubleTop|AscendingScallop,236.78,HOLD,12.44,393.55,449.51,393.55,418.42,6.66,12.04,-5.39,411.17,407.42,390.17,360.45,0.87,uptrend,0.33,0.69,true
2026-09-02,WDAY,200.87,2774917,62.12,64.26,173.47,211.79,163.05,227.49,-35.74,63,AscendingScallop,276.46,BUY,10.07,185.77,231.07,185.77,205.90,10.75,16.49,-5.74,192.63,189.75,162.37,160.45,0.55,uptrend,0.67,0.75,true
2026-09-02,WELL,238.59,2516633,52.75,55.68,229.45,243.84,224.97,243.04,-44.32,63,DoubleTop|HeadAndShoulders|CupWithHandle,148.79,HOLD,4.79,231.40,252.97,231.40,240.99,2.23,-0.79,3.03,236.65,237.72,236.46,210.48,0.91,uptrend,0.00,0.75,true
2026-09-02,WM,219.04,2336649,38.28,22.25,217.25,229.94,216.27,231.56,-77.75,63,DoubleTop|DescendingScallop,152.00,HOLD,3.96,213.10,230.91,213.10,221.02,-2.63,-3.53,0.90,223.59,223.22,228.45,225.10,1.17,downtrend,0.00,0.14,false
2026-09-02,WSM,221.72,1366644,34.25,6.31,222.83,255.38,219.83,254.89,-93.69,63,DescendingScallop,166.00,HOLD,8.12,209.54,246.09,209.54,225.78,-4.66,0.61,-5.27,239.11,234.47,233.29,203.94,1.25,uptrend,0.00,0.35,false
2026-09-02,WST,342.63,323128,45.71,28.73,338.38,358.07,335.51,360.29,-71.27,63,DoubleTop|HeadAndShoulders,127.82,HOLD,7.79,330.95,366.00,330.95,346.52,-0.33,1.93,-2.25,348.23,346.32,350.20,292.93,0.70,uptrend,0.00,0.63,true
2026-09-02,WY,23.19,4951262,36.57,7.77,22.97,25.73,23.04,26.00,-92.23,63,InvertedCupWithHandle|DescendingScallop,216.00,SELL,0.55,24.02,21.53,24.02,22.91,-0.54,-0.22,-0.32,24.35,24.08,24.24,24.26,1.01,downtrend,0.00,0.08,false
2026-09-02,XOM,164.15,11279808,60.88,66.29,153.40,168.06,151.53,168.64,-33.71,63,DoubleTop|HeadAndShoulders|AscendingScallop,163.38,HOLD,3.42,159.02,174.40,159.02,165.86,2.87,3.40,-0.53,160.73,159.94,152.02,144.32,0.80,uptrend,0.00,0.35,false
2026-09-02,XYL,106.74,1983029,29.41,6.99,105.92,125.08,105.72,124.00,-93.01,63,ThreeDescendingPeaks|DescendingScallop,216.00,SELL,2.79,110.93,98.37,110.93,105.34,-4.42,-2.53,-1.89,115.50,113.88,117.84,124.60,1.22,downtrend,0.00,0.08,false
2026-09-02,ZBRA,351.11,517038,54.80,21.64,344.18,386.50,341.97,386.23,-78.36,63,DescendingScallop,110.82,HOLD,11.92,333.24,386.86,333.24,357.07,4.40,25.41,-21.01,365.34,350.74,310.26,256.01,0.83,uptrend,0.00,0.63,true
2026-09-03,A,149.98,2255846,52.45,16.85,144.70,159.05,140.85,163.75,-83.15,65,BearishFlag|HeadAndShoulders|AscendingScallop,73.22,HOLD,4.56,143.14,163.66,143.14,152.26,5.12,6.04,-0.92,151.88,150.46,142.02,131.56,0.99,uptrend,0.00,0.57,true
2026-09-03,AAPL,328.21,37197362,63.38,90.67,298.61,327.01,300.57,330.81,-9.33,65,ThreeRisingValleys|AscendingScallop,470.14,HOLD,7.38,317.15,350.34,317.15,331.90,3.84,-3.15,7.00,312.81,316.59,314.25,283.61,0.94,uptrend,0.83,0.56,true
2026-09-03,ABBV,260.21,2878299,55.34,63.77,244.04,269.99,241.95,266.97,-36.23,65,DoubleTop|AscendingScallop,224.49,HOLD,5.78,251.54,277.55,251.54,263.10,6.59,3.99,2.60,257.02,257.76,254.21,228.23,0.67,uptrend,0.00,0.41,false
2026-09-03,ABT,108.79,5297460,48.48,8.06,106.58,117.15,106.01,117.34,-91.94,65,DoubleBottom|DoubleTop|HeadAndShoulders,124.81,HOLD,2.83,104.55,117.27,104.55,110.20,2.32,3.40,-1.08,111.87,110.52,104.07,106.41,0.71,uptrend,0.00,0.15,false
2026-09-03,ACN,193.12,5420176,67.97,91.40,170.65,194.60,169.75,195.32,-8.60,65,ThreeRisingValleys|AscendingScallop,426.81,HOLD,6.82,182.88,213.59,182.88,196.53,7.47,8.12,-0.65,182.62,181.54,160.49,203.17,1.08,downtrend,0.00,0.35,false
2026-09-03,ADBE,285.75,3530423,61.53,79.74,252.77,295.33,251.20,294.53,-20.26,65,ThreeRisingValleys|AscendingScallop,475.91,HOLD,10.39,270.16,316.92,270.16,290.95,11.20,10.78,0.42,274.05,273.72,247.39,268.23,0.84,uptrend,0.00,0.27,false
2026-09-03,ADI,356.50,3777049,37.50,17.36,351.67,396.28,348.00,396.95,-82.64,65,ThreeDescendingPeaks|DescendingScallop,145.13,HOLD,11.54,339.19,391.11,339.19,362.27,-6.96,-0.30,-6.65,373.97,369.45,378.48,347.64,1.06,uptrend,0.00,0.08,false
2026-09-03,ADM,84.38,2601717,59.42,83.12,76.77,85.03,75.77,86.11,-16.88,65,DoubleBottom,381.78,BUY,2.65,80.40,92.34,80.40,85.71,0.95,0.08,0.86,80.90,81.54,80.81,71.99,0.73,uptrend,0.83,0.61,true
2026-09-03,ADSK,237.52,2377903,44.80,4.54,237.62,266.14,235.90,271.72,-95.46,65,HeadAndShoulders,191.00,HOLD,10.13,222.32,267.92,222.32,242.59,4.27,7.99,-3.73,251.88,247.86,230.11,247.37,1.24,downtrend,0.00,0.08,false
2026-09-03,AKAM,106.50,3350308,41.09,17.15,99.44,125.99,102.55,127.04,-82.85,65,DescendingScallop,173.63,HOLD,4.86,99.20,121.09,99.20,108.93,-5.87,-2.42,-3.45,112.71,111.26,116.12,109.50,1.02,downtrend,0.00,0.08,false
2026-09-03,ALB,132.16,2861479,48.93,16.26,127.13,141.65,125.64,144.06,-83.74,65,HeadAndShoulders,134.83,HOLD,5.57,123.80,148.88,123.80,134.95,5.17,7.27,-2.10,134.39,133.44,128.27,156.53,1.43,downtrend,0.00,0.08,false
2026-09-03,ALGN,159.85,694132,43.06,21.48,149.84,180.80,153.98,182.20,-78.52,65,DescendingScallop,160.35,HOLD,5.92,150.97,177.62,150.97,162.82,-7.46,-4.67,-2.79,165.32,163.53,171.73,170.42,0.87,downtrend,0.00,0.08,false
2026-09-03,ALLE,155.56,1022158,46.12,28.12,152.26,170.46,151.23,170.87,-71.88,65,DescendingScallop,106.87,HOLD,4.09,149.43,167.82,149.43,157.60,-3.00,-0.07,-2.94,161.36,158.29,152.31,151.11,0.73,uptrend,0.00,0.34,false
2026-09-03,AMAT,435.91,5998175,32.94,8.60,426.12,561.26,426.14,563.76,-91.40,65,FallingWedge|ThreeDescendingPeaks|DescendingScallop,166.00,HOLD,23.73,400.32,507.09,400.32,447.77,-29.76,-13.09,-16.67,493.69,483.64,537.98,405.93,0.81,uptrend,0.00,0.23,false
2026-09-03,AMD,456.16,14826068,42.75,20.38,446.03,504.95,440.50,517.35,-79.62,65,ThreeDescendingPeaks|DescendingScallop,160.60,HOLD,22.50,422.41,523.65,422.41,467.41,-11.04,-5.66,-5.38,475.49,474.63,500.37,339.81,0.83,uptrend,0.00,0.63,true
2026-09-03,ANET,191.44,4108431,51.53,40.91,180.50,208.01,181.27,211.45,-59.09,65,DoubleBottom|HeadAndShoulders,84.84,HOLD,8.41,178.82,216.68,178.82,195.65,-0.77,5.08,-5.85,194.26,191.18,182.36,151.61,0.70,uptrend,0.00,0.63,true
2026-09-03,AOS,60.53,1333375,47.13,37.32,58.75,64.85,58.41,64.32,-62.68,65,DoubleTop|HeadAndShoulders,155.02,HOLD,1.65,58.05,65.48,58.05,61.36,-0.41,0.02,-0.43,61.80,61.16,61.34,65.21,1.08,downtrend,0.00,0.08,false
2026-09-03,APD,304.22,721413,51.11,39.61,300.20,310.90,295.86,313.93,-60.39,65,DoubleBottom|DoubleTop,86.38,HOLD,6.48,294.50,323.66,294.50,307.46,2.20,3.45,-1.25,305.55,304.48,299.75,282.27,0.78,uptrend,0.00,0.22,false
2026-09-03,AVGO,357.16,60115767,37.51,26.00,333.38,430.26,342.33,432.73,-74.00,65,InvertedCupWithHandle|DescendingScallop,244.85,SELL,13.53,377.46,316.57,377.46,350.39,-22.79,-13.63,-9.16,381.82,375.20,384.08,369.76,2.67,downtrend,0.00,0.08,false
2026-09-03,AVY,173.03,814044,46.04,19.60,172.15,185.43,169.93,185.77,-80.40,65,DoubleBottom|DoubleTop|HeadAndShoulders,163.81,HOLD,4.86,165.74,187.61,165.74,175.46,1.33,4.35,-3.02,178.79,176.26,169.87,173.07,0.78,sideways,0.00,0.08,false
2026-09-03,AZO,2968.04,282789,45.74,25.14,2908.77,3114.05,2903.57,3160.00,-74.86,65,DoubleBottom|ThreeDescendingPeaks|DescendingScallop,173.26,HOLD,74.07,2856.94,3190.25,2856.94,3005.07,-33.37,-19.53,-13.84,3011.41,2997.39,3037.85,3385.81,1.11,downtrend,0.00,0.08,false
2026-09-03,BBY,87.49,3308679,55.83,79.57,80.30,89.65,76.70,90.26,-20.43,65,DoubleTop,220.09,BUY,3.43,82.34,97.78,82.34,89.21,0.37,0.11,0.26,84.97,84.95,83.75,71.39,0.82,uptrend,0.83,0.75,true
2026-09-03,BDX,187.62,1206503,64.87,55.87,177.55,194.02,173.29,193.07,-44.13,65,DoubleTop|HeadAndShoulders|AscendingScallop,135.17,HOLD,4.17,181.37,200.13,181.37,189.70,6.72,8.88,-2.15,185.78,183.91,169.33,159.63,0.73,uptrend,0.00,0.55,false
2026-09-03,BIIB,224.51,550676,63.50,92.90,203.36,226.89,201.00,225.80,-7.10,65,DoubleTop|AscendingScallop,334.16,BUY,5.97,215.55,242.42,215.55,227.50,6.43,5.42,1.01,215.13,215.92,209.15,190.77,0.75,uptrend,0.83,0.62,true
2026-09-03,BKNG,195.13,7375682,43.51,1.99,195.54,220.17,194.68,217.32,-98.01,65,DoubleTop,141.00,HOLD,6.62,185.20,214.99,185.20,198.44,-0.04,5.21,-5.25,207.85,202.84,193.93,185.83,1.52,uptrend,0.00,0.35,false
2026-09-03,BLDR,64.18,1573077,38.08,17.43,62.52,76.56,62.31,76.80,-82.57,65,ThreeDescendingPeaks|DescendingScallop,207.77,SELL,3.14,68.89,54.76,68.89,62.61,-2.25,-1.11,-1.14,69.54,68.49,73.60,90.29,0.84,downtrend,0.00,0.08,false
2026-09-03,BSX,46.95,19718445,43.99,13.29,46.19,52.99,46.09,52.99,-86.71,65,ThreeDescendingPeaks|DescendingScallop,184.02,HOLD,1.84,44.18,52.48,44.18,47.87,-0.53,1.05,-1.58,49.59,48.48,46.81,67.03,1.05,downtrend,0.00,0.08,false
2026-09-03,CAH,248.61,1386753,67.46,97.28,226.89,245.54,227.68,258.30,-2.72,65,DoubleBottom,436.12,HOLD,5.41,240.50,264.84,240.50,251.31,0.93,0.92,0.01,236.22,236.82,233.98,215.55,0.82,uptrend,0.00,0.55,false
2026-09-03,CARR,59.08,4861727,39.00,40.02,56.28,65.01,56.44,64.73,-59.98,65,BearishFlag|ThreeDescendingPeaks|DescendingScallop,136.83,HOLD,1.62,56.64,63.95,56.64,59.89,-2.26,-1.93,-0.34,60.65,60.41,65.06,61.35,0.95,downtrend,0.00,0.08,false
2026-09-03,CDNS,304.88,2168869,35.51,5.54,301.60,347.58,302.36,348.12,-94.46,65,DoubleTop,175.00,HOLD,11.81,287.15,340.32,287.15,310.78,-4.12,-5.64,1.52,324.59,326.11,343.15,327.22,1.01,downtrend,0.00,0.08,false
2026-09-03,CDW,153.92,1700645,62.67,84.99,127.94,154.18,130.56,158.04,-15.01,65,DoubleBottom,408.33,HOLD,6.78,143.75,174.25,143.75,157.31,1.52,-1.00,2.52,141.06,143.71,139.47,131.71,1.02,uptrend,0.83,0.63,true
2026-09-03,CEG,285.05,3137058,58.73,63.62,266.46,287.96,261.37,296.62,-36.38,65,AscendingScallop,264.02,HOLD,9.72,270.47,314.20,270.47,289.91,3.86,4.23,-0.37,277.21,276.81,265.81,296.56,1.29,downtrend,0.00,0.34,false
2026-09-03,CF,137.81,2262799,69.02,85.89,110.88,138.85,111.89,141.27,-14.11,65,ThreeRisingValleys|AscendingScallop,476.02,BUY,5.26,129.92,153.60,129.92,140.44,5.46,1.89,3.57,124.86,127.27,120.63,107.81,0.87,uptrend,0.83,0.75,true
2026-09-03,CHD,98.59,1899202,44.06,33.33,96.99,104.43,96.27,103.66,-66.67,65,DoubleBottom|DoubleTop|HeadAndShoulders,112.63,HOLD,2.13,95.40,104.97,95.40,99.65,-0.47,-0.08,-0.39,100.71,100.25,99.27,94.84,1.14,uptrend,0.00,0.08,false
2026-09-03,CHRW,146.68,769311,40.21,45.34,141.07,152.53,141.24,153.25,-54.66,65,DoubleBottom|DoubleTop|HeadAndShoulders,122.93,HOLD,4.88,139.37,161.32,139.37,149.12,-0.81,-6.82,6.01,146.80,150.39,168.85,172.75,0.61,downtrend,0.00,0.08,false
2026-09-03,CIEN,317.46,7520270,32.82,4.00,334.57,454.07,311.60,462.69,-96.00,65,ThreeDescendingPeaks|DescendingScallop,263.00,SELL,27.23,358.31,235.77,358.31,303.84,-15.53,3.64,-19.17,394.32,383.96,408.01,376.52,3.27,downtrend,0.00,0.08,false
2026-09-03,CL,90.09,5323979,45.05,24.93,89.01,93.65,89.15,93.88,-75.07,65,DoubleBottom|DoubleTop|DescendingScallop,138.03,HOLD,1.77,87.43,95.41,87.43,90.98,-0.72,-0.47,-0.25,91.33,91.02,91.88,87.67,1.35,uptrend,0.00,0.08,false
2026-09-03,CLX,94.29,2331654,32.01,6.48,94.79,112.70,93.24,109.42,-93.52,65,FallingWedge|DoubleTop,216.00,SELL,3.00,98.79,85.29,98.79,92.79,-1.11,1.78,-2.89,103.75,101.15,99.90,103.21,0.81,downtrend,0.00,0.08,false
2026-09-03,CMI,545.50,1584736,24.85,2.74,529.26,664.45,542.70,653.00,-97.26,65,ThreeDescendingPeaks|DescendingScallop,191.00,HOLD,17.88,518.68,599.14,518.68,554.44,-35.19,-23.71,-11.47,596.86,588.85,636.08,599.53,1.76,downtrend,0.00,0.08,false
2026-09-03,COHR,264.41,4210869,40.41,8.44,241.38,366.80,255.38,391.37,-91.56,65,FallingWedge|ThreeDescendingPeaks|DescendingScallop,191.00,HOLD,23.34,229.40,334.44,229.40,276.08,-20.74,-0.69,-20.05,304.09,291.52,309.63,275.72,0.58,downtrend,0.00,0.08,false
2026-09-03,COO,70.64,2096549,40.81,17.28,68.65,79.38,69.08,78.11,-82.72,65,DoubleTop|InvertedCupWithHandle|ThreeDescendingPeaks|DescendingScallop,195.39,HOLD,1.58,68.26,75.39,68.26,71.43,-1.23,0.49,-1.72,74.01,72.59,72.67,73.39,1.29,downtrend,0.00,0.08,false
2026-09-03,COP,135.72,4983586,66.67,86.16,120.36,139.64,114.89,137.42,-13.84,65,DoubleTop|RisingWedge|ThreeRisingValleys|AscendingScallop,315.82,BUY,3.03,131.18,144.80,131.18,137.23,5.89,6.02,-0.13,130.00,129.88,119.61,112.51,0.74,uptrend,0.83,0.62,true
2026-09-03,COR,337.22,1082642,66.07,94.54,306.63,338.05,302.01,338.71,-5.46,65,DoubleTop|ThreeRisingValleys|AscendingScallop,412.24,HOLD,7.55,325.90,359.86,325.90,340.99,4.79,2.85,1.94,322.34,322.95,311.22,322.09,0.86,uptrend,0.00,0.35,false
2026-09-03,CPRT,33.58,8395856,63.38,71.85,28.67,35.34,28.68,34.63,-28.15,65,DoubleTop|AscendingScallop,235.41,HOLD,1.08,31.96,36.83,31.96,34.12,1.82,1.65,0.17,32.00,32.07,30.01,34.49,0.84,downtrend,0.00,0.26,false
2026-09-03,CRH,92.04,4187987,38.19,22.93,90.43,101.38,90.21,102.28,-77.07,65,HeadAndShoulders|DescendingScallop,201.38,SELL,2.69,96.07,83.97,96.07,90.70,-1.85,-1.84,-0.01,95.90,95.57,100.13,111.55,0.95,downtrend,0.00,0.08,false
2026-09-03,CRL,293.35,646345,64.97,58.98,271.64,303.32,260.82,303.31,-41.02,65,DoubleTop|HeadAndShoulders|AscendingScallop,155.53,HOLD,9.70,278.80,322.44,278.80,298.20,15.40,21.68,-6.27,287.48,282.25,253.11,199.52,0.73,uptrend,0.00,0.75,true
2026-09-03,CRM,264.43,16008316,81.88,95.10,164.20,270.99,189.91,268.27,-4.90,65,ThreeRisingValleys|AscendingScallop,464.67,HOLD,10.61,248.52,296.26,248.52,269.73,21.67,14.49,7.18,217.59,224.18,189.47,200.64,0.97,uptrend,0.83,0.82,true
2026-09-03,CRWD,214.97,12057530,53.98,64.08,182.49,238.76,181.24,233.88,-35.92,65,MeasuredMoveUp,274.07,HOLD,12.81,195.76,253.39,195.76,221.37,-3.45,2.63,-6.08,210.63,207.91,199.94,142.09,1.18,uptrend,0.50,0.83,true
2026-09-03,CSCO,108.61,14214220,39.12,16.16,103.87,122.45,107.60,124.71,-83.84,65,DoubleBottom|InvertedCupWithHandle|DescendingScallop,166.00,HOLD,2.91,104.25,117.33,104.25,110.06,-3.90,-2.74,-1.16,113.16,112.08,114.48,94.60,0.72,uptrend,0.00,0.37,false
2026-09-03,CSGP,31.68,4540613,51.45,24.38,30.24,33.57,30.04,33.82,-75.62,65,DoubleTop|ThreeDescendingPeaks|AscendingScallop,117.24,HOLD,1.38,29.61,35.82,29.61,32.37,0.83,1.21,-0.38,31.90,31.61,30.25,43.91,0.68,downtrend,0.00,0.08,false
2026-09-03,CSX,48.99,9896170,38.97,26.85,48.64,52.28,47.83,52.15,-73.15,65,DoubleTop|HeadAndShoulders,104.35,HOLD,1.05,47.42,52.14,47.42,49.51,0.16,0.06,0.10,50.46,50.32,50.10,43.08,1.08,uptrend,0.00,0.48,false
2026-09-03,CTAS,201.05,1210527,49.81,41.33,197.48,207.54,196.50,207.51,-58.67,65,DoubleBottom|DoubleTop|HeadAndShoulders,54.75,HOLD,3.87,195.24,212.67,195.24,202.99,0.38,-1.21,1.59,202.51,202.00,196.65,186.76,0.71,uptrend,0.00,0.20,false
2026-09-03,CTSH,64.64,4456734,71.23,91.21,55.88,66.13,56.27,65.42,-8.79,65,ThreeRisingValleys|AscendingScallop,442.51,HOLD,2.16,61.41,71.11,61.41,65.72,3.16,3.61,-0.45,61.01,60.66,51.99,62.82,0.64,uptrend,0.00,0.35,false
2026-09-03,CTVA,88.62,5552611,67.20,85.39,71.94,89.78,74.94,90.87,-14.61,65,ThreeRisingValleys|AscendingScallop,481.89,BUY,2.35,85.09,95.68,85.09,89.80,3.23,-0.49,3.72,80.86,83.27,83.23,77.26,1.22,uptrend,0.83,0.69,true
2026-09-03,DASH,222.00,3296221,54.83,37.23,205.96,239.31,206.25,238.83,-62.77,65,ThreeRisingValleys|AscendingScallop,234.75,HOLD,7.85,210.22,245.56,210.22,225.93,10.25,12.30,-2.05,222.64,221.30,202.93,188.48,0.78,uptrend,0.17,0.75,true
2026-09-03,DD,131.13,1654124,34.83,2.63,130.47,147.41,130.71,146.82,-97.37,65,DescendingScallop,191.00,HOLD,3.39,126.04,141.31,126.04,132.83,-3.48,-1.24,-2.25,138.94,137.22,138.43,136.59,1.40,downtrend,0.00,0.08,false
2026-09-03,DECK,84.50,2441582,34.11,12.70,82.56,97.68,83.25,98.58,-87.30,65,ThreeDescendingPeaks|DescendingScallop,200.00,SELL,2.80,88.70,76.09,88.70,83.10,-4.10,-4.31,0.21,90.12,89.99,97.52,102.53,0.94,downtrend,0.00,0.08,false
2026-09-03,DHI,144.41,1757642,45.96,25.34,141.74,153.15,141.02,154.40,-74.66,65,DoubleTop|ThreeDescendingPeaks|DescendingScallop,172.93,HOLD,4.01,138.40,156.43,138.40,146.41,-0.57,0.26,-0.83,147.44,146.66,149.80,149.81,0.95,downtrend,0.00,0.08,false
2026-09-03,DHR,211.03,2424186,54.98,54.49,199.07,221.11,198.44,220.67,-45.51,65,BearishFlag|DoubleTop|AscendingScallop,135.79,HOLD,6.33,201.54,230.01,201.54,214.19,6.71,6.68,0.03,210.09,209.21,201.34,202.89,0.77,uptrend,0.00,0.27,false
2026-09-03,DOV,191.07,1570394,32.84,16.55,189.21,214.80,187.73,213.63,-83.45,65,DescendingScallop,207.75,SELL,4.31,197.53,178.15,197.53,188.92,-5.03,-2.24,-2.79,202.01,200.06,208.07,209.94,1.51,downtrend,0.00,0.08,false
2026-09-03,DVN,48.79,11099667,62.20,74.73,43.63,50.64,42.42,49.72,-25.27,65,DoubleTop|ThreeRisingValleys|AscendingScallop,383.59,HOLD,1.22,46.96,52.45,46.96,49.40,1.83,1.75,0.07,47.13,47.23,44.70,43.45,1.09,uptrend,0.00,0.43,false
2026-09-03,DXCM,89.71,1677878,59.27,43.31,86.65,92.81,82.09,92.59,-56.69,65,DoubleTop|HeadAndShoulders|AscendingScallop,69.85,HOLD,2.52,85.93,97.27,85.93,90.97,2.02,4.43,-2.42,89.73,88.33,80.84,70.75,0.40,uptrend,0.00,0.75,true
2026-09-03,EBAY,105.86,3387703,48.91,58.58,99.99,109.67,100.50,115.17,-41.42,65,DoubleBottom|DescendingScallop,150.24,HOLD,3.32,100.88,115.83,100.88,107.52,-1.43,-3.29,1.86,104.83,105.78,109.42,98.55,0.80,uptrend,0.00,0.34,false
2026-09-03,ECL,278.97,929015,46.72,25.64,274.06,291.11,273.33,295.33,-74.36,65,DoubleBottom|HeadAndShoulders,97.42,HOLD,5.80,270.27,296.36,270.27,281.87,1.92,1.93,-0.01,282.58,282.01,278.84,272.74,0.66,uptrend,0.00,0.08,false
2026-09-03,EFX,189.09,741229,55.29,59.40,176.48,197.51,176.20,197.90,-40.60,65,DoubleTop|AscendingScallop,165.34,HOLD,6.24,179.74,207.80,179.74,192.21,6.39,5.35,1.04,187.00,186.49,177.68,187.93,0.73,uptrend,0.00,0.26,false
2026-09-03,EL,100.86,2127353,62.40,69.34,80.04,111.67,83.85,108.38,-30.66,65,ThreeRisingValleys|AscendingScallop,362.69,HOLD,3.37,95.80,110.98,95.80,102.55,8.54,6.13,2.41,95.85,97.04,88.05,92.18,0.55,uptrend,0.00,0.47,false
2026-09-03,EMR,150.21,1596364,44.26,21.44,147.71,166.78,146.35,166.35,-78.56,65,DescendingScallop,114.65,HOLD,4.02,144.18,162.27,144.18,152.22,-2.41,1.72,-4.13,157.25,154.11,149.28,142.58,0.70,uptrend,0.00,0.28,false
2026-09-03,EOG,145.96,2911496,51.81,32.13,137.52,153.99,133.45,153.67,-67.87,65,BearishFlag|DoubleTop|CupWithHandle|AscendingScallop,165.02,HOLD,3.49,140.72,156.43,140.72,147.71,2.77,2.57,0.20,145.75,145.72,141.30,128.51,1.05,uptrend,0.00,0.35,false
2026-09-03,EQIX,1040.83,460972,46.39,36.07,1015.78,1107.69,1002.24,1109.22,-63.93,65,DoubleTop,104.68,HOLD,31.61,993.41,1135.67,993.41,1056.64,-0.06,13.26,-13.33,1061.74,1053.67,1046.71,959.81,0.84,uptrend,0.00,0.20,false
2026-09-03,EW,89.78,1844031,48.68,22.20,88.80,93.27,88.61,93.91,-77.80,65,DoubleBottom|DoubleTop,106.79,HOLD,2.01,86.76,95.81,86.76,90.79,0.12,1.55,-1.42,91.04,90.28,89.63,84.92,0.66,uptrend,0.00,0.15,false
2026-09-03,EXPD,187.13,789905,57.90,34.73,178.81,193.88,176.79,192.28,-65.27,65,DoubleTop|AscendingScallop,169.41,HOLD,3.78,181.46,198.47,181.46,189.02,4.73,5.97,-1.24,186.34,185.68,177.76,158.49,1.02,uptrend,0.00,0.83,true
2026-09-03,EXPE,303.14,1608393,45.85,3.14,301.65,341.93,301.88,342.00,-96.86,65,DoubleBottom|HeadAndShoulders,141.00,HOLD,12.30,284.69,340.04,284.69,309.29,4.28,12.79,-8.51,321.79,314.97,293.79,258.42,1.14,uptrend,0.00,0.63,true
2026-09-03,FAST,49.23,6664424,47.35,35.11,48.43,53.14,47.65,52.92,-64.89,65,DoubleTop|HeadAndShoulders|DescendingScallop,90.03,HOLD,1.10,47.58,52.52,47.58,49.78,-0.15,0.93,-1.08,50.78,49.86,48.63,45.32,1.04,uptrend,0.00,0.20,false
2026-09-03,FCX,72.56,11277610,52.90,47.14,63.77,81.18,65.57,80.24,-52.86,65,AscendingScallop,212.40,HOLD,2.94,68.15,81.37,68.15,74.03,4.35,3.95,0.40,72.47,72.45,66.24,60.77,0.80,uptrend,0.00,0.35,false
2026-09-03,FFIV,392.15,324237,47.29,41.99,372.51,422.74,376.21,425.61,-58.01,65,DoubleBottom|ThreeDescendingPeaks|DescendingScallop,111.15,HOLD,13.60,371.75,432.94,371.75,398.95,-8.08,-5.49,-2.58,397.63,396.92,404.57,326.39,0.67,uptrend,0.00,0.50,false
2026-09-03,FICO,1118.93,203207,47.60,45.75,1021.39,1199.98,1015.00,1188.80,-54.25,65,DoubleTop|HeadAndShoulders|AscendingScallop,90.00,HOLD,47.85,1047.16,1262.48,1047.16,1142.85,38.22,-4.85,43.07,1110.69,1129.42,1171.81,1308.72,0.79,downtrend,0.00,0.20,false
2026-09-03,FIX,1580.19,265763,43.05,19.70,1476.95,1833.46,1505.73,1883.70,-80.30,65,ThreeDescendingPeaks|DescendingScallop,138.52,HOLD,82.74,1456.08,1828.42,1456.08,1621.56,-75.37,-27.69,-47.67,1655.21,1633.64,1719.07,1488.41,0.71,uptrend,0.00,0.20,false
2026-09-03,FLEX,107.89,3679041,40.76,19.20,100.59,130.00,102.25,131.63,-80.80,65,CupWithHandle|InvertedCupWithHandle|ThreeDescendingPeaks|DescendingScallop,139.94,HOLD,5.94,98.98,125.70,98.98,110.86,-6.39,-2.29,-4.10,115.30,113.63,124.07,94.58,1.30,uptrend,0.00,0.63,true
2026-09-03,FSLR,207.42,1873273,43.52,33.62,189.66,244.55,197.81,269.70,-66.38,65,BearishFlag|ThreeDescendingPeaks|DescendingScallop,206.46,SELL,9.18,221.20,179.87,221.20,202.83,-11.70,-4.53,-7.17,217.11,212.48,219.94,230.84,0.91,downtrend,0.00,0.08,false
2026-09-03,FTNT,156.36,3122650,47.88,31.63,147.43,171.44,148.25,173.89,-68.37,65,DoubleBottom,123.84,HOLD,7.23,145.51,178.05,145.51,159.98,-1.46,-0.60,-0.86,159.43,159.46,158.65,109.68,0.70,uptrend,0.00,0.63,true
2026-09-03,GDDY,103.63,1895761,61.98,83.37,89.34,104.18,88.73,105.89,-16.63,65,ThreeRisingValleys|AscendingScallop,448.07,BUY,4.25,97.26,116.37,97.26,105.75,3.61,2.12,1.49,96.76,97.42,93.01,96.30,1.05,uptrend,0.83,0.57,true
2026-09-03,GEHC,69.72,3274839,44.78,17.06,69.86,75.47,68.50,75.65,-82.94,65,DoubleBottom|DoubleTop,170.99,HOLD,1.77,67.07,75.03,67.07,70.60,0.60,2.27,-1.67,72.66,71.41,68.21,72.75,1.27,downtrend,0.00,0.08,false
2026-09-03,GEV,941.84,1762235,44.60,30.06,868.99,1079.81,874.00,1099.66,-69.94,65,ThreeDescendingPeaks|DescendingScallop,114.89,HOLD,43.89,876.01,1073.50,876.01,963.78,-42.68,-12.46,-30.22,974.40,960.14,1018.27,884.30,0.85,uptrend,0.00,0.34,false
2026-09-03,GILD,151.22,4497674,68.29,91.65,131.87,155.05,130.59,152.55,-8.35,65,AscendingScallop,410.39,HOLD,3.75,145.59,162.47,145.59,153.10,6.94,6.16,0.78,143.46,144.20,136.06,134.23,0.82,uptrend,0.00,0.41,false
2026-09-03,GLW,146.00,8643102,43.27,17.91,138.22,171.09,139.25,176.94,-82.09,65,ThreeDescendingPeaks|DescendingScallop,143.60,HOLD,8.73,132.90,172.19,132.90,150.37,-4.56,2.22,-6.78,154.66,152.00,166.72,143.41,0.98,uptrend,0.00,0.08,false
2026-09-03,GNRC,183.02,985608,32.95,10.77,176.62,230.58,178.19,225.34,-89.23,65,InvertedCupWithHandle|ThreeDescendingPeaks|DescendingScallop,190.31,HOLD,9.22,169.20,210.67,169.20,187.63,-8.61,-0.73,-7.89,203.60,199.20,218.70,208.27,1.02,downtrend,0.00,0.08,false
2026-09-03,GOOGL,342.48,20685797,47.76,51.44,334.34,354.47,332.82,358.90,-48.56,65,DoubleBottom|HeadAndShoulders|DescendingScallop,103.03,HOLD,8.25,330.11,367.22,330.11,346.60,-5.68,-2.50,-3.18,344.40,343.90,348.67,335.67,0.94,uptrend,0.00,0.34,false
2026-09-03,GPC,137.62,947463,60.20,78.36,131.65,139.16,129.40,139.89,-21.64,65,DoubleTop|HeadAndShoulders|ThreeRisingValleys,208.85,BUY,3.26,132.73,147.39,132.73,139.25,2.23,2.87,-0.64,135.40,134.59,128.79,119.79,0.86,uptrend,0.83,0.82,true
2026-09-03,GRMN,277.18,694152,41.52,21.66,270.62,320.45,268.01,314.28,-78.34,65,ThreeDescendingPeaks|DescendingScallop,113.18,HOLD,7.32,266.20,299.14,266.20,280.84,-10.21,2.51,-12.72,295.53,286.68,271.68,237.93,0.84,uptrend,0.00,0.37,false
2026-09-03,GWW,1312.84,147133,48.62,53.89,1282.97,1335.03,1269.31,1337.96,-46.11,65,DoubleBottom|DoubleTop|HeadAndShoulders|AscendingScallop,149.01,HOLD,27.65,1271.36,1395.80,1271.36,1326.67,-3.54,-12.37,8.83,1309.00,1314.59,1340.44,1175.54,0.68,uptrend,0.00,0.61,true
2026-09-03,HAL,37.29,10103697,64.65,84.73,31.96,37.88,31.77,38.06,-15.27,65,AscendingScallop,369.55,HOLD,1.08,35.67,40.52,35.67,37.83,1.50,1.30,0.20,34.92,35.29,34.04,34.75,0.97,uptrend,0.00,0.20,false
2026-09-03,HD,318.07,3377447,34.07,8.13,315.57,357.21,315.21,358.36,-91.87,65,InvertedCupWithHandle|ThreeDescendingPeaks|DescendingScallop,216.00,SELL,7.43,329.22,295.77,329.22,314.35,-7.22,-3.04,-4.17,336.39,332.25,339.60,344.09,0.91,downtrend,0.00,0.08,false
2026-09-03,HSY,175.06,1261653,40.21,16.49,174.26,191.47,172.02,190.46,-83.51,65,DoubleTop,197.62,HOLD,4.15,168.83,187.52,168.83,177.14,0.71,2.48,-1.77,182.86,180.84,178.95,192.47,1.12,downtrend,0.00,0.08,false
2026-09-03,HUBB,460.15,598498,42.38,27.72,433.08,528.25,439.89,529.39,-72.28,65,ThreeDescendingPeaks|DescendingScallop,155.20,HOLD,13.49,439.92,500.62,439.92,466.89,-20.10,-8.01,-12.09,480.67,471.83,486.58,485.34,1.37,downtrend,0.00,0.08,false
2026-09-03,IBM,234.71,4370121,49.86,54.51,228.94,239.93,227.40,241.80,-45.49,65,DoubleBottom|DoubleTop|HeadAndShoulders,106.00,HOLD,6.74,224.61,254.92,224.61,238.08,0.71,3.23,-2.52,234.43,233.89,241.82,262.63,0.89,downtrend,0.00,0.20,false
2026-09-03,IDXX,529.29,590134,38.06,3.24,525.20,590.31,527.74,602.00,-96.76,65,DoubleBottom|InvertedCupWithHandle|DescendingScallop,216.00,SELL,16.94,554.71,478.46,554.71,520.82,-11.83,-8.04,-3.79,557.76,553.11,558.54,607.81,1.15,downtrend,0.00,0.08,false
2026-09-03,IEX,223.10,468293,38.23,9.56,222.95,243.36,221.02,242.73,-90.44,65,DescendingScallop,166.00,HOLD,5.24,215.24,238.82,215.24,225.72,-3.00,1.00,-4.00,233.15,230.37,228.84,205.60,0.85,uptrend,0.00,0.34,false
2026-09-03,INCY,128.00,909843,59.35,74.91,118.37,131.44,117.38,130.80,-25.09,65,DoubleTop|HeadAndShoulders|AscendingScallop,206.49,BUY,3.49,122.76,138.47,122.76,129.75,3.45,2.56,0.89,124.90,124.97,120.42,104.61,0.74,uptrend,0.83,0.75,true
2026-09-03,IR,75.40,2442282,33.76,15.41,73.48,87.84,74.03,89.27,-84.59,65,ThreeDescendingPeaks|DescendingScallop,216.00,SELL,2.22,78.73,68.73,78.73,74.29,-3.91,-2.86,-1.04,80.66,79.55,81.77,82.02,0.73,downtrend,0.00,0.08,false
2026-09-03,ISRG,369.83,1745526,44.79,11.27,358.09,406.54,365.32,405.34,-88.73,65,DoubleBottom|DescendingScallop,212.40,SELL,11.74,387.43,334.62,387.43,363.96,-4.13,7.00,-11.13,382.32,376.27,381.67,464.71,0.76,downtrend,0.00,0.08,false
2026-09-03,IT,195.46,1026494,59.79,74.58,176.89,204.14,172.65,203.03,-25.42,65,HeadAndShoulders|AscendingScallop,221.47,HOLD,8.45,182.78,220.82,182.78,199.69,9.44,12.66,-3.22,190.52,187.35,162.71,177.79,0.82,uptrend,0.00,0.49,false
2026-09-03,ITW,271.65,976413,37.19,23.03,268.35,299.52,265.89,297.76,-76.97,65,DescendingScallop,143.13,HOLD,5.53,263.35,288.24,263.35,274.42,-6.56,-3.18,-3.39,283.94,280.34,280.24,266.75,1.00,uptrend,0.00,0.20,false
2026-09-03,JBHT,266.28,1164856,47.35,35.98,253.43,284.22,254.11,287.93,-64.02,65,BearishFlag|ThreeDescendingPeaks,115.49,HOLD,8.41,253.67,291.50,253.67,270.48,-4.11,-2.44,-1.67,268.83,267.71,276.34,236.84,1.48,uptrend,0.00,0.34,false
2026-09-03,JBL,305.92,1133401,42.13,17.05,276.98,377.33,292.29,376.97,-82.95,65,InvertedCupWithHandle|ThreeDescendingPeaks|DescendingScallop,148.73,HOLD,13.45,285.74,346.27,285.74,312.65,-18.87,-1.33,-17.54,327.15,317.33,328.40,292.27,1.19,uptrend,0.00,0.15,false
2026-09-03,JCI,142.23,2630011,45.84,25.70,134.91,157.11,137.54,156.84,-74.30,65,InvertedCupWithHandle|ThreeDescendingPeaks|DescendingScallop,125.48,HOLD,3.76,136.59,153.50,136.59,144.11,-5.13,-1.35,-3.78,146.01,143.72,144.58,134.57,0.94,uptrend,0.00,0.14,false
2026-09-03,JNJ,278.43,5908379,65.32,88.55,256.21,278.72,255.12,281.07,-11.45,65,DoubleTop|AscendingScallop,329.35,BUY,5.66,269.93,295.42,269.93,281.26,6.15,4.72,1.43,267.47,267.94,261.16,235.44,0.92,uptrend,0.83,0.62,true
2026-09-03,KLAC,172.94,6858110,35.55,14.01,164.21,212.79,167.05,214.80,-85.99,65,ThreeDescendingPeaks|DescendingScallop,159.38,HOLD,8.93,159.55,199.72,159.55,177.40,-8.63,-3.04,-5.59,188.50,185.31,207.23,171.16,0.78,uptrend,0.00,0.15,false
2026-09-03,KMB,107.95,3192641,46.50,21.17,106.85,111.58,106.76,112.38,-78.83,65,DoubleBottom|DoubleTop|HeadAndShoulders,118.34,HOLD,2.43,104.30,115.25,104.30,109.17,-0.02,-0.29,0.27,109.22,109.17,109.79,103.23,1.10,uptrend,0.00,0.22,false
2026-09-03,KVUE,18.95,18570030,47.35,28.24,18.71,19.43,18.65,19.56,-71.76,65,DoubleBottom|DoubleTop|HeadAndShoulders,93.96,HOLD,0.37,18.40,20.06,18.40,19.13,-0.03,-0.11,0.07,19.07,19.08,19.18,17.94,0.96,uptrend,0.00,0.22,false
2026-09-03,LH,331.50,520640,61.61,59.19,315.67,342.33,313.32,341.80,-40.81,65,DoubleTop|HeadAndShoulders|AscendingScallop,117.46,HOLD,7.45,320.33,353.85,320.33,335.22,8.76,10.25,-1.50,329.00,326.80,305.32,275.24,0.89,uptrend,0.00,0.69,true
2026-09-03,LII,386.08,761511,33.64,26.77,368.42,441.27,371.65,444.10,-73.23,65,ThreeDescendingPeaks|DescendingScallop,171.90,HOLD,13.34,366.06,426.11,366.06,392.75,-18.44,-26.99,8.55,404.85,408.01,476.52,498.46,1.61,downtrend,0.00,0.08,false
2026-09-03,LIN,482.19,1829239,42.03,42.61,475.26,495.22,473.05,495.96,-57.39,65,DoubleBottom|DoubleTop|HeadAndShoulders,82.18,HOLD,8.62,469.27,508.04,469.27,486.50,0.45,-5.09,5.55,485.24,488.12,502.41,480.18,0.98,uptrend,0.00,0.08,false
2026-09-03,LITE,847.37,3301245,48.69,29.23,797.23,971.44,784.47,999.67,-70.77,65,DoubleBottom|ThreeDescendingPeaks|DescendingScallop,91.31,HOLD,68.42,744.74,1052.63,744.74,881.58,20.70,52.16,-31.46,884.33,869.94,816.00,682.03,0.70,uptrend,0.00,0.29,false
2026-09-03,LLY,1159.60,2548877,43.27,14.24,1132.65,1276.17,1137.50,1292.65,-85.76,65,DoubleTop|InvertedCupWithHandle|ThreeDescendingPeaks|DescendingScallop,153.97,HOLD,36.55,1104.78,1269.24,1104.78,1177.87,11.15,19.33,-8.18,1204.41,1189.57,1191.07,1062.69,1.01,uptrend,0.00,0.29,false
2026-09-03,LOW,201.90,3384954,37.05,9.68,199.15,227.28,199.34,225.79,-90.32,65,InvertedCupWithHandle|ThreeDescendingPeaks|DescendingScallop,216.00,SELL,5.04,209.47,186.77,209.47,199.38,-3.76,-0.27,-3.49,213.21,210.02,213.69,236.34,1.10,downtrend,0.00,0.08,false
2026-09-03,LRCX,292.66,7205245,42.06,21.74,283.87,342.02,278.04,345.28,-78.26,65,DescendingScallop,136.73,HOLD,16.28,268.24,341.49,268.24,300.80,-5.37,6.83,-12.21,312.95,307.73,323.77,260.09,0.98,uptrend,0.00,0.37,false
2026-09-03,LULU,121.77,15957993,53.43,72.39,113.09,127.54,114.69,128.86,-27.61,65,DoubleBottom|InvertedCupWithHandle|DescendingScallop,166.39,HOLD,4.52,114.99,135.32,114.99,124.03,-1.62,-1.03,-0.59,120.32,119.64,118.63,153.09,3.75,downtrend,0.00,0.28,false
2026-09-03,MAA,128.56,729880,39.88,12.18,127.58,134.98,127.80,135.73,-87.82,65,DoubleBottom|DoubleTop|DescendingScallop,191.00,HOLD,2.15,125.34,135.00,125.34,129.63,-1.34,-1.18,-0.16,131.28,130.96,133.96,132.22,0.94,downtrend,0.00,0.08,false
2026-09-03,MAS,71.42,1557073,41.59,21.60,70.26,76.90,70.04,77.85,-78.40,65,DescendingScallop,128.27,HOLD,1.98,68.45,77.37,68.45,72.41,-1.14,-1.23,0.09,73.58,73.29,76.23,69.53,0.85,uptrend,0.00,0.34,false
2026-09-03,MCHP,73.11,5814322,42.26,24.27,69.64,83.53,70.45,85.97,-75.73,65,ThreeDescendingPeaks|DescendingScallop,170.77,HOLD,3.12,68.43,82.46,68.43,74.67,-2.35,-0.91,-1.44,76.59,75.57,80.26,77.27,0.67,downtrend,0.00,0.08,false
2026-09-03,MCK,921.38,816791,62.97,90.69,836.43,926.96,837.88,929.95,-9.31,65,DoubleBottom,425.12,HOLD,23.26,886.48,991.17,886.48,933.01,11.97,7.24,4.73,881.69,883.61,844.36,842.96,0.87,uptrend,0.00,0.35,false
2026-09-03,MDLZ,61.45,7653626,44.60,10.28,60.85,64.74,60.85,65.55,-89.72,65,DoubleBottom|DoubleTop|HeadAndShoulders,158.16,HOLD,1.35,59.42,65.50,59.42,62.13,0.28,0.50,-0.23,62.79,62.50,61.52,59.07,1.13,uptrend,0.00,0.08,false
2026-09-03,MDT,93.10,7411216,61.74,57.77,88.35,94.41,84.96,95.41,-42.23,65,DoubleTop|AscendingScallop,209.76,HOLD,2.27,89.69,99.91,89.69,94.24,1.95,2.73,-0.78,91.38,90.73,86.46,89.73,0.95,uptrend,0.00,0.27,false
2026-09-03,MKC,52.58,2430037,44.33,8.14,52.23,56.56,51.91,56.87,-91.86,65,DoubleBottom|DoubleTop,216.73,SELL,1.47,54.79,48.16,54.79,51.84,1.03,1.51,-0.48,54.40,54.00,52.78,57.18,1.04,downtrend,0.00,0.08,false
2026-09-03,MLM,508.94,643887,37.90,13.99,506.22,558.96,502.56,559.03,-86.01,65,ThreeDescendingPeaks|DescendingScallop,212.32,SELL,13.97,529.90,467.02,529.90,501.95,-9.71,-9.47,-0.23,532.59,530.48,554.86,601.39,1.09,downtrend,0.00,0.08,false
2026-09-03,MMM,168.31,3005739,33.53,14.14,168.73,187.94,165.82,184.69,-85.86,65,DescendingScallop,156.94,HOLD,3.54,163.00,178.93,163.00,170.08,-2.78,0.01,-2.80,178.33,175.36,171.60,160.87,1.14,uptrend,0.00,0.34,false
2026-09-03,MNST,44.08,8943242,40.65,2.09,29.60,68.05,43.97,93.90,-97.91,65,HeadAndShoulders|DescendingScallop,200.00,SELL,5.83,52.82,26.60,52.82,41.17,-11.00,-15.69,4.69,48.82,52.59,73.48,78.00,0.92,downtrend,0.00,0.08,false
2026-09-03,MPWR,1213.65,413566,36.67,9.32,1191.20,1452.56,1189.49,1464.99,-90.68,65,FallingWedge|InvertedCupWithHandle|ThreeDescendingPeaks|DescendingScallop,191.00,HOLD,58.53,1125.85,1389.25,1125.85,1242.92,-53.20,-18.02,-35.18,1321.88,1296.90,1332.82,1248.92,0.73,downtrend,0.00,0.08,false
2026-09-03,MRK,152.34,6494856,66.37,79.53,125.67,162.22,126.68,156.92,-20.47,65,HeadAndShoulders|AscendingScallop,304.42,BUY,4.11,146.18,164.66,146.18,154.39,10.69,8.43,2.26,143.94,144.99,134.09,118.12,0.59,uptrend,0.83,0.75,true
2026-09-03,MRVL,208.83,18712337,44.87,15.21,197.22,251.46,200.62,254.60,-84.79,65,DoubleTop,161.91,HOLD,15.75,185.20,256.08,185.20,216.71,9.06,15.31,-6.25,224.34,220.62,221.82,151.07,0.77,uptrend,0.00,0.63,true
2026-09-03,MSFT,510.12,24108434,66.11,81.15,475.73,515.71,477.15,517.78,-18.85,65,DoubleBottom|DoubleTop,318.67,HOLD,11.85,492.34,545.68,492.34,516.05,4.26,17.42,-13.16,495.72,489.12,441.23,431.09,1.02,uptrend,0.83,0.78,true
2026-09-03,MTD,1356.23,168344,41.34,17.62,1362.23,1450.15,1334.73,1456.77,-82.38,65,DoubleTop|ThreeDescendingPeaks|DescendingScallop,144.42,HOLD,36.80,1301.03,1466.63,1301.03,1374.63,-15.75,2.43,-18.19,1406.19,1390.46,1358.56,1319.69,0.98,sideways,0.00,0.29,false
2026-09-03,MU,958.16,24105584,53.49,47.50,864.33,1008.38,844.62,1036.13,-52.50,65,CupWithHandle|InvertedCupWithHandle|ThreeDescendingPeaks|AscendingScallop,163.22,HOLD,54.47,876.45,1121.58,876.45,985.40,24.50,35.85,-11.36,936.35,936.78,942.22,602.61,0.87,uptrend,0.00,0.75,true
2026-09-03,NDSN,317.49,213311,52.38,40.25,298.04,339.84,302.92,339.12,-59.75,65,DoubleTop|HeadAndShoulders|AscendingScallop,56.58,HOLD,7.25,306.61,339.25,306.61,321.12,9.86,9.67,0.19,318.94,317.97,304.59,278.73,0.51,uptrend,0.00,0.48,false
2026-09-03,NEM,130.43,7737970,64.04,75.03,110.54,137.56,110.00,135.29,-24.97,65,AscendingScallop,320.38,BUY,4.55,123.61,144.08,123.61,132.70,10.75,12.64,-1.89,124.05,122.30,106.50,108.30,0.92,uptrend,0.83,0.61,true
2026-09-03,NKE,38.77,29515435,41.69,24.19,37.61,42.37,37.95,42.37,-75.81,65,DescendingScallop,191.77,HOLD,1.12,37.10,42.12,37.10,39.33,-1.06,-1.04,-0.01,39.99,39.86,41.56,51.54,1.06,downtrend,0.00,0.08,false
2026-09-03,NOW,145.59,18151068,65.74,87.47,113.68,147.90,117.59,149.60,-12.53,65,ThreeRisingValleys|AscendingScallop,507.18,HOLD,6.82,135.37,166.04,135.37,149.00,8.14,7.50,0.64,130.79,131.29,115.98,118.71,0.99,uptrend,1.00,0.62,true
2026-09-03,NSC,327.83,1179716,37.63,8.96,325.39,356.69,325.06,355.99,-91.04,65,DoubleTop|HeadAndShoulders,150.00,HOLD,6.77,317.68,348.13,317.68,331.21,3.71,3.24,0.47,341.04,340.05,334.82,308.70,0.95,uptrend,0.00,0.34,false
2026-09-03,NTAP,185.38,6229993,48.81,51.92,177.78,209.19,161.00,209.06,-48.08,65,ThreeDescendingPeaks|DescendingScallop,128.00,HOLD,8.57,172.52,211.10,172.52,189.67,-2.96,5.47,-8.44,193.49,187.93,178.08,130.22,2.43,uptrend,0.00,0.63,true
2026-09-03,NUE,262.47,1048552,56.98,69.66,236.08,281.70,238.62,277.60,-30.34,65,DoubleBottom|ThreeRisingValleys|DescendingScallop|MeasuredMoveUp,349.53,BUY,8.64,249.50,288.40,249.50,266.79,-9.82,-4.24,-5.58,258.89,255.70,248.32,205.45,0.75,uptrend,0.67,0.75,true
2026-09-03,NVDA,228.45,133890362,59.21,91.30,208.60,230.92,207.25,230.47,-8.70,65,DoubleTop|HeadAndShoulders|MeasuredMoveUp,247.66,BUY,7.46,217.26,250.84,217.26,232.18,0.85,4.47,-3.61,219.76,218.14,209.87,196.46,1.05,uptrend,0.83,0.64,true
2026-09-03,NXPI,224.99,2331937,40.84,36.83,218.05,238.52,217.30,242.49,-63.17,65,DescendingScallop,123.10,HOLD,7.53,213.69,247.59,213.69,228.76,-4.84,-8.08,3.24,228.28,230.24,251.69,243.51,0.80,downtrend,0.00,0.08,false
2026-09-03,ODFL,185.75,3659246,26.90,18.70,185.66,221.53,179.34,219.74,-81.30,65,ThreeDescendingPeaks|DescendingScallop|MeasuredMoveDown,270.38,SELL,7.09,196.38,164.49,196.38,182.21,-8.07,-7.16,-0.91,203.60,201.86,215.31,196.27,2.30,downtrend,0.00,0.08,false
2026-09-03,ON,73.65,8136692,40.20,18.66,68.56,85.01,70.92,85.55,-81.34,65,DescendingScallop,170.46,HOLD,3.44,68.48,83.98,68.48,75.37,-3.99,-3.14,-0.85,76.78,76.53,84.41,78.21,1.15,downtrend,0.00,0.08,false
2026-09-03,ORCL,154.04,25017843,57.58,85.88,139.31,156.14,137.43,159.26,-14.12,65,DoubleBottom|DoubleTop|AscendingScallop,309.62,HOLD,6.86,143.75,174.62,143.75,157.47,1.12,5.60,-4.48,147.72,146.08,139.71,169.09,1.11,downtrend,0.00,0.28,false
2026-09-03,ORLY,87.38,4310180,42.22,15.38,86.41,93.83,86.40,94.01,-84.62,65,DoubleBottom|ThreeDescendingPeaks|DescendingScallop,207.85,SELL,2.02,90.41,81.32,90.41,86.37,-1.34,-0.37,-0.97,90.12,89.21,88.99,92.23,0.93,downtrend,0.00,0.08,false
2026-09-03,OTIS,71.48,2558029,47.62,48.59,69.88,74.01,70.10,74.80,-51.41,65,DoubleBottom|DescendingScallop,166.08,HOLD,1.34,69.46,75.51,69.46,72.15,-0.59,-0.54,-0.05,71.95,71.75,72.40,80.07,0.79,downtrend,0.00,0.08,false
2026-09-03,PANW,331.94,6901854,43.02,16.00,326.16,404.47,321.39,398.88,-84.00,65,DescendingScallop,155.76,HOLD,19.43,302.79,390.24,302.79,341.66,-6.82,7.53,-14.35,365.31,356.05,348.50,232.42,1.13,uptrend,0.00,0.63,true
2026-09-03,PEP,140.02,10306583,48.39,28.64,137.06,144.18,136.73,145.90,-71.36,65,DoubleBottom|DoubleTop|HeadAndShoulders,114.01,HOLD,2.40,136.42,147.21,136.42,141.22,1.25,1.08,0.17,140.62,140.60,139.68,148.83,1.59,downtrend,0.00,0.08,false
2026-09-03,PG,146.92,6105520,54.08,76.85,142.31,147.57,142.14,148.36,-23.15,65,DoubleBottom|DoubleTop,240.07,HOLD,2.55,143.09,154.58,143.09,148.20,0.00,-0.88,0.88,144.94,145.52,146.76,147.57,0.68,sideways,0.00,0.27,false
2026-09-03,PHM,124.31,1066131,43.37,13.53,123.18,133.86,122.90,133.32,-86.47,65,DoubleTop,180.99,HOLD,3.43,119.16,134.60,119.16,126.03,-1.26,-0.74,-0.53,128.52,127.56,129.01,125.16,0.87,downtrend,0.00,0.08,false
2026-09-03,PKG,234.57,533594,38.73,24.76,230.28,265.01,227.65,259.98,-75.24,65,DoubleTop|DescendingScallop,133.69,HOLD,6.24,225.20,253.30,225.20,237.69,-5.85,-1.27,-4.58,247.65,243.15,242.37,222.99,1.07,uptrend,0.00,0.08,false
2026-09-03,PLD,138.35,3469484,41.18,26.68,137.43,143.79,136.36,143.82,-73.32,65,DoubleBottom|DoubleTop|HeadAndShoulders,104.65,HOLD,2.27,134.94,145.17,134.94,139.49,-0.16,-0.91,0.75,140.61,140.79,142.14,137.25,1.11,uptrend,0.00,0.14,false
2026-09-03,PNR,60.02,2439486,33.24,11.39,58.69,68.93,59.26,70.97,-88.61,65,InvertedCupWithHandle|ThreeDescendingPeaks|DescendingScallop,216.00,SELL,2.00,63.02,54.01,63.02,59.02,-2.46,-1.44,-1.02,63.81,63.19,67.37,85.93,0.64,downtrend,0.00,0.08,false
2026-09-03,PODD,150.58,1157580,51.94,72.82,139.66,151.74,136.46,155.17,-27.18,65,AscendingScallop,267.64,HOLD,6.05,141.50,168.73,141.50,153.61,-1.34,-5.16,3.82,145.70,148.16,154.45,211.10,0.71,downtrend,0.00,0.20,false
2026-09-03,PPG,110.75,1232330,41.89,23.25,109.60,117.79,109.09,119.99,-76.75,65,DescendingScallop,176.18,HOLD,2.85,106.48,119.29,106.48,112.17,-1.28,-1.10,-0.18,113.70,113.30,115.99,111.29,0.98,downtrend,0.00,0.08,false
2026-09-03,PTC,150.08,1249563,54.20,33.43,144.97,158.51,145.37,159.46,-66.57,65,,109.17,HOLD,4.95,142.66,164.93,142.66,152.55,4.35,7.47,-3.12,151.74,149.51,135.94,148.88,1.13,uptrend,0.00,0.08,false
2026-09-03,PWR,620.06,870771,44.02,20.11,576.73,718.14,593.70,724.80,-79.89,65,BearishFlag|InvertedCupWithHandle|ThreeDescendingPeaks|DescendingScallop,137.36,HOLD,25.11,582.40,695.38,582.40,632.61,-29.58,-3.35,-26.23,647.44,635.33,654.06,586.87,0.81,uptrend,0.00,0.20,false
2026-09-03,QCOM,168.57,6987656,52.88,81.45,157.41,170.55,156.23,171.38,-18.55,65,DoubleBottom|DoubleTop|CupWithHandle,349.93,HOLD,6.19,159.29,187.13,159.29,171.66,2.28,1.04,1.24,163.98,165.27,170.03,167.82,0.76,sideways,0.00,0.27,false
2026-09-03,RDDT,155.99,3983861,48.08,35.90,142.72,170.11,143.47,184.28,-64.10,65,DoubleBottom|ThreeDescendingPeaks|DescendingScallop,147.85,HOLD,9.56,141.65,184.67,141.65,160.77,-3.18,-3.65,0.47,156.42,156.87,170.08,174.71,0.57,downtrend,0.00,0.20,false
2026-09-03,REGN,843.47,496173,66.54,80.23,779.24,851.93,767.17,859.34,-19.77,65,DoubleBottom|DoubleTop|AscendingScallop,373.81,BUY,20.67,812.47,905.47,812.47,853.80,22.07,38.22,-16.15,815.58,805.65,733.71,731.56,0.71,uptrend,0.83,0.76,true
2026-09-03,RL,344.20,762575,33.06,17.45,330.66,411.70,335.21,407.79,-82.55,65,ThreeDescendingPeaks|DescendingScallop,184.24,HOLD,11.02,327.67,377.26,327.67,349.71,-16.25,-7.30,-8.95,371.18,363.39,380.13,366.08,1.26,downtrend,0.00,0.08,false
2026-09-03,RMD,229.19,782985,54.28,44.36,214.66,243.07,202.00,242.40,-55.64,65,AscendingScallop,199.47,HOLD,6.85,218.91,249.75,218.91,232.62,7.33,8.34,-1.01,228.87,228.40,214.69,228.47,0.53,uptrend,0.00,0.20,false
2026-09-03,ROK,428.28,812819,42.52,32.37,417.52,452.47,415.64,454.69,-67.63,65,DescendingScallop,94.97,HOLD,10.91,411.92,461.00,411.92,433.73,-11.78,-11.79,0.01,434.99,435.36,454.72,420.22,1.16,uptrend,0.00,0.28,false
2026-09-03,ROL,35.71,5050356,34.25,10.62,35.41,37.50,35.47,37.85,-89.38,65,DoubleBottom|DoubleTop|HeadAndShoulders,199.76,HOLD,0.93,34.32,38.49,34.32,36.17,-0.44,-0.89,0.45,36.46,36.82,39.65,52.38,1.13,downtrend,0.00,0.08,false
2026-09-03,ROP,422.35,620433,64.79,81.97,387.72,430.61,387.82,429.60,-18.03,65,ThreeRisingValleys|AscendingScallop,516.75,HOLD,10.55,406.53,453.99,406.53,427.62,11.37,9.85,1.52,409.16,409.00,382.58,376.29,0.93,uptrend,1.00,0.70,true
2026-09-03,ROST,231.67,1504455,43.20,35.16,221.23,256.02,224.50,256.45,-64.84,65,DoubleBottom|ThreeDescendingPeaks|DescendingScallop,130.75,HOLD,5.85,222.89,249.23,222.89,234.60,-8.46,-6.39,-2.08,238.63,235.92,234.20,212.26,0.54,uptrend,0.00,0.22,false
2026-09-03,RSG,225.12,1395484,62.31,95.13,212.04,226.09,211.88,225.74,-4.87,65,DoubleTop|AscendingScallop,333.02,HOLD,3.89,219.29,236.79,219.29,227.06,4.91,3.31,1.60,219.07,219.79,217.36,214.94,0.95,uptrend,0.00,0.40,false
2026-09-03,RVTY,130.63,1817135,68.61,87.73,110.79,133.85,112.68,133.00,-12.27,65,ThreeRisingValleys|AscendingScallop,488.89,BUY,3.93,124.73,142.43,124.73,132.60,6.17,4.58,1.58,122.32,123.43,116.06,102.17,1.18,uptrend,0.83,0.90,true
2026-09-03,SHW,332.26,1576858,39.99,15.40,327.58,371.25,327.78,372.16,-84.60,65,ThreeDescendingPeaks|DescendingScallop,190.73,HOLD,8.16,320.02,356.74,320.02,336.34,-7.94,-0.83,-7.11,349.41,343.67,343.11,334.13,1.00,downtrend,0.00,0.08,false
2026-09-03,SLB,57.41,9157010,61.91,64.03,49.95,59.04,50.28,60.46,-35.97,65,AscendingScallop,328.08,HOLD,1.93,54.52,63.20,54.52,58.37,2.12,1.93,0.20,54.50,54.74,50.59,48.95,0.79,uptrend,0.00,0.41,false
2026-09-03,SMCI,37.87,34386232,58.55,69.74,31.81,41.42,29.68,42.31,-30.26,65,ThreeDescendingPeaks|AscendingScallop,211.30,HOLD,2.31,34.40,44.81,34.40,39.03,2.21,3.54,-1.33,36.61,35.97,31.55,31.34,0.64,uptrend,0.00,0.20,false
2026-09-03,SNDK,1554.99,8670816,52.58,33.65,1226.49,1780.31,1184.37,1827.99,-66.35,65,AscendingScallop,182.31,HOLD,125.66,1366.50,1931.98,1366.50,1617.82,77.85,121.27,-43.43,1503.40,1513.28,1562.15,996.60,0.66,uptrend,0.00,0.75,true
2026-09-03,SNPS,416.31,1457851,50.32,36.69,382.70,447.93,388.11,464.98,-63.31,65,DoubleBottom,139.80,HOLD,15.45,393.14,462.66,393.14,424.03,6.65,9.26,-2.60,415.32,416.16,413.83,447.17,0.88,downtrend,0.00,0.08,false
2026-09-03,STE,226.83,517849,43.24,8.65,227.85,241.20,225.55,241.39,-91.35,65,DoubleBottom|DoubleTop|HeadAndShoulders,191.00,HOLD,5.65,218.36,243.77,218.36,229.65,0.14,2.57,-2.44,234.53,231.94,225.04,233.05,0.85,downtrend,0.00,0.08,false
2026-09-03,STLD,246.03,889228,52.73,68.28,215.35,273.45,218.02,271.00,-31.72,65,ThreeRisingValleys|DescendingScallop,183.48,HOLD,9.17,232.27,273.55,232.27,250.62,-13.98,-9.21,-4.77,244.40,241.66,242.14,209.88,0.76,uptrend,0.00,0.47,false
2026-09-03,STX,798.61,2966871,43.36,14.00,741.86,961.18,761.80,1013.99,-86.00,65,DoubleBottom|InvertedCupWithHandle|ThreeDescendingPeaks,156.98,HOLD,55.78,714.94,965.95,714.94,826.50,-23.15,9.83,-32.98,851.52,839.56,857.05,590.48,0.78,uptrend,0.00,0.63,true
2026-09-03,SWKS,71.50,4022469,62.83,82.75,64.90,71.64,63.06,73.26,-17.25,65,,301.33,HOLD,3.08,66.88,80.74,66.88,73.04,0.40,1.36,-0.96,68.27,67.64,64.80,63.83,0.74,uptrend,0.00,0.35,false
2026-09-03,SYK,307.99,2655862,36.38,3.98,309.63,352.67,306.50,349.77,-96.02,65,DescendingScallop,216.00,SELL,10.19,323.28,277.42,323.28,302.89,-7.68,-3.59,-4.09,331.15,326.43,329.17,338.74,1.20,downtrend,0.00,0.08,false
2026-09-03,TECH,72.45,2542828,65.49,64.58,72.10,72.52,71.96,72.62,-35.42,65,DoubleBottom|DoubleTop,260.36,BUY,0.32,71.98,73.40,71.98,72.61,0.10,0.16,-0.05,72.31,72.14,71.81,60.93,0.98,uptrend,0.83,0.82,true
2026-09-03,TEL,209.41,2097004,53.06,51.58,195.97,220.41,199.28,221.98,-48.42,65,DoubleBottom|DescendingScallop,111.59,HOLD,6.28,199.98,228.26,199.98,212.55,-4.97,-2.40,-2.57,208.19,206.51,205.41,216.35,1.06,downtrend,0.00,0.28,false
2026-09-03,TER,338.59,1690141,40.68,10.59,321.68,431.22,326.08,444.17,-89.41,65,ThreeDescendingPeaks|DescendingScallop,164.32,HOLD,23.01,304.07,407.63,304.07,350.10,-16.69,5.39,-22.08,376.45,365.21,374.23,315.34,0.70,uptrend,0.00,0.08,false
2026-09-03,TGT,164.01,1986084,62.71,72.53,147.43,170.84,145.50,170.75,-27.47,65,HeadAndShoulders|AscendingScallop,327.73,HOLD,4.56,157.18,177.68,157.18,166.29,7.13,7.12,0.01,159.13,158.83,146.54,122.12,0.41,uptrend,1.00,0.75,true
2026-09-03,TJX,132.19,7840826,22.40,8.76,125.04,162.85,130.15,162.50,-91.24,65,ThreeDescendingPeaks|DescendingScallop,216.00,SELL,2.99,136.67,123.22,136.67,130.70,-10.51,-7.76,-2.75,143.95,141.57,150.51,154.78,1.07,downtrend,0.00,0.08,false
2026-09-03,TMO,618.43,1804922,60.17,57.36,579.79,642.10,574.77,647.00,-42.64,65,DoubleTop|HeadAndShoulders|AscendingScallop,122.08,HOLD,16.22,594.10,667.09,594.10,626.54,18.97,19.33,-0.36,610.94,606.69,568.57,535.84,1.09,uptrend,0.00,0.77,true
2026-09-03,TPL,366.50,271931,45.85,31.23,342.34,386.14,335.10,396.78,-68.77,65,BearishFlag|ThreeDescendingPeaks|AscendingScallop,90.00,HOLD,14.93,344.11,411.28,344.11,373.96,1.15,-8.35,9.50,364.24,371.40,388.49,391.37,0.72,downtrend,0.00,0.20,false
2026-09-03,TPR,122.60,2828440,32.52,15.23,107.05,161.38,120.31,164.80,-84.77,65,ThreeDescendingPeaks|DescendingScallop,191.00,HOLD,4.43,115.96,135.88,115.96,124.81,-12.29,-11.03,-1.25,134.22,131.77,141.25,138.25,0.74,downtrend,0.00,0.08,false
2026-09-03,TRMB,60.10,2352429,56.91,70.31,55.96,62.01,54.71,62.00,-29.69,65,DoubleTop,199.07,HOLD,1.91,57.24,65.82,57.24,61.05,1.19,1.00,0.19,58.98,58.92,55.88,64.89,0.58,downtrend,0.00,0.20,false
2026-09-03,TSCO,34.60,7253865,53.62,25.06,34.03,36.22,33.36,36.89,-74.94,65,,131.28,HOLD,1.04,33.04,37.72,33.04,35.12,0.55,1.33,-0.78,35.13,34.54,32.66,41.97,0.70,downtrend,0.00,0.08,false
2026-09-03,TSLA,376.36,62838720,60.54,85.50,321.67,372.66,321.25,384.04,-14.50,65,AscendingScallop,381.30,HOLD,14.52,354.59,419.91,354.59,383.62,14.89,13.29,1.60,347.16,351.59,358.37,399.83,1.71,downtrend,0.00,0.43,false
2026-09-03,TT,445.19,973489,40.28,23.56,431.69,490.51,434.00,493.71,-76.44,65,ThreeDescendingPeaks|DescendingScallop,141.24,HOLD,11.10,428.54,478.48,428.54,450.74,-11.73,-5.60,-6.13,461.10,456.20,469.53,444.22,1.09,uptrend,0.00,0.14,false
2026-09-03,TTD,15.09,23598530,52.02,95.50,12.65,14.70,12.83,15.19,-4.50,65,DoubleBottom|AscendingScallop,383.16,HOLD,0.79,13.91,17.45,13.91,15.48,-1.13,-1.88,0.75,13.67,14.43,16.64,25.16,0.87,downtrend,0.00,0.27,false
2026-09-03,TXN,253.83,4299114,36.84,14.97,247.60,288.27,248.13,289.62,-85.03,65,DescendingScallop,155.41,HOLD,8.94,240.43,280.64,240.43,258.30,-9.56,-6.17,-3.39,267.94,265.75,281.10,238.86,0.77,uptrend,0.00,0.23,false
2026-09-03,TYL,379.27,814278,70.30,80.66,302.21,391.47,307.79,393.53,-19.34,65,ThreeRisingValleys|AscendingScallop,444.73,HOLD,13.59,358.89,420.04,358.89,386.06,24.39,17.39,7.00,346.84,351.96,323.60,358.07,0.84,uptrend,0.00,0.35,false
2026-09-03,UBER,75.96,14395318,50.63,23.70,73.68,80.42,71.23,82.36,-76.30,65,HeadAndShoulders,122.79,HOLD,2.61,72.05,83.79,72.05,77.26,2.18,2.97,-0.79,77.05,76.22,74.02,76.40,0.88,downtrend,0.00,0.08,false
2026-09-03,ULTA,557.11,665149,61.31,85.14,498.12,567.51,493.11,568.28,-14.86,65,DoubleBottom|DoubleTop,357.36,HOLD,19.03,528.57,614.19,528.57,566.62,3.67,3.12,0.55,532.81,531.87,504.10,556.02,0.91,uptrend,0.00,0.27,false
2026-09-03,UNP,289.15,2041388,39.20,12.16,285.06,314.06,285.69,314.15,-87.84,65,DoubleBottom|HeadAndShoulders,143.89,HOLD,6.31,279.68,308.09,279.68,292.31,4.30,4.14,0.16,299.56,298.47,293.14,259.94,0.85,uptrend,0.00,0.42,false
2026-09-03,UPS,103.50,4810655,44.65,37.44,101.32,106.37,101.34,107.11,-62.56,65,DoubleBottom|DoubleTop|HeadAndShoulders,111.36,HOLD,2.23,100.16,110.18,100.16,104.61,-0.58,-1.71,1.13,103.85,104.51,107.86,104.85,1.12,downtrend,0.00,0.14,false
2026-09-03,URI,993.87,322875,34.05,12.59,969.88,1200.49,967.58,1179.18,-87.41,65,ThreeDescendingPeaks|DescendingScallop,159.13,HOLD,31.57,946.52,1088.58,946.52,1009.65,-46.04,-15.41,-30.63,1085.18,1060.56,1090.26,926.35,0.78,uptrend,0.00,0.34,false
2026-09-03,VLTO,97.88,2032148,53.98,37.10,96.02,100.08,95.76,101.00,-62.90,65,DoubleBottom|DoubleTop,107.84,HOLD,2.05,94.81,104.03,94.81,98.90,1.02,1.18,-0.16,98.05,97.57,94.99,93.44,1.40,uptrend,0.00,0.34,false
2026-09-03,VMC,260.23,1029408,35.90,11.98,259.97,289.64,257.17,289.37,-88.02,65,DescendingScallop,216.00,SELL,7.54,271.54,237.60,271.54,256.46,-5.17,-3.38,-1.79,274.80,272.87,283.44,288.47,1.17,downtrend,0.00,0.08,false
2026-09-03,VRSN,293.35,560417,57.75,76.04,272.73,300.80,271.10,300.36,-23.96,65,DoubleBottom|DoubleTop|ThreeRisingValleys,414.24,HOLD,7.93,281.45,317.14,281.45,297.32,-0.31,-1.36,1.04,286.76,287.37,278.19,261.54,0.81,uptrend,0.00,0.41,false
2026-09-03,VRT,268.83,4239493,49.25,38.95,244.24,294.48,248.75,300.30,-61.05,65,DoubleBottom|ThreeDescendingPeaks,103.78,HOLD,14.19,247.54,311.40,247.54,275.93,-6.29,-0.53,-5.77,269.36,266.94,283.60,256.83,1.05,uptrend,0.00,0.14,false
2026-09-03,VRTX,557.96,800663,67.51,96.03,501.88,570.67,482.10,560.25,-3.97,65,DoubleTop|AscendingScallop,325.69,BUY,13.01,538.45,596.98,538.45,564.46,25.51,25.69,-0.18,536.28,535.06,507.45,465.59,0.71,uptrend,0.83,0.76,true
2026-09-03,WAB,280.83,861849,39.78,20.07,280.31,306.19,274.92,304.36,-79.93,65,DoubleTop,137.46,HOLD,6.66,270.83,300.82,270.83,284.16,-2.58,-0.16,-2.42,293.25,290.02,283.42,253.82,0.94,uptrend,0.00,0.42,false
2026-09-03,WAT,413.56,438277,57.01,58.11,402.80,420.92,396.00,426.22,-41.89,65,DoubleBottom|DoubleTop|HeadAndShoulders,103.81,HOLD,12.55,394.74,451.20,394.74,419.83,6.37,10.83,-4.46,411.86,408.01,391.06,360.62,0.64,uptrend,0.00,0.69,true
2026-09-03,WDAY,206.92,2981863,65.21,79.35,177.32,211.62,173.17,227.49,-20.65,65,AscendingScallop,335.29,BUY,10.13,191.72,237.31,191.72,211.99,10.61,15.44,-4.83,194.47,191.39,164.15,160.33,0.60,uptrend,0.67,0.75,true
2026-09-03,WELL,241.12,2303962,56.62,80.88,229.46,244.35,224.97,243.04,-19.12,65,DoubleTop|HeadAndShoulders,167.08,HOLD,4.80,233.92,255.52,233.92,243.52,2.71,-0.08,2.78,236.90,238.05,236.86,210.71,0.84,uptrend,0.00,0.75,true
2026-09-03,WM,221.72,2361619,44.95,43.78,217.35,229.11,216.27,231.56,-56.22,65,DoubleTop|DescendingScallop,114.40,HOLD,3.93,215.82,233.52,215.82,223.69,-2.21,-3.31,1.10,223.23,223.07,228.42,225.16,1.20,downtrend,0.00,0.08,false
2026-09-03,WSM,222.76,1182411,35.90,13.35,220.57,255.23,218.60,254.89,-86.65,65,DescendingScallop,161.85,HOLD,7.98,210.78,246.71,210.78,226.75,-5.79,-0.76,-5.03,237.90,233.35,233.03,204.14,1.07,uptrend,0.00,0.35,false
2026-09-03,WST,342.73,241438,45.83,29.14,337.80,358.07,335.51,360.29,-70.86,65,DoubleTop,120.47,HOLD,7.74,331.13,365.94,331.13,346.60,-0.85,1.57,-2.42,347.93,345.98,350.25,293.34,0.53,uptrend,0.00,0.63,true
2026-09-03,WY,23.04,6209076,35.11,6.54,22.84,25.63,22.91,25.87,-93.46,65,InvertedCupWithHandle|DescendingScallop,216.00,SELL,0.55,23.87,21.38,23.87,22.76,-0.53,-0.30,-0.23,24.23,23.98,24.19,24.26,1.28,downtrend,0.00,0.08,false
2026-09-03,XOM,162.21,13753278,56.53,51.73,154.27,167.93,151.53,168.64,-48.27,65,BearishFlag|DoubleTop|AscendingScallop,92.20,HOLD,3.43,157.07,172.49,157.07,163.92,2.38,3.25,-0.87,161.10,160.16,152.52,144.53,0.97,uptrend,0.00,0.27,false
2026-09-03,XYL,107.89,1637809,33.32,15.77,105.05,124.66,105.72,124.00,-84.23,65,ThreeDescendingPeaks|DescendingScallop,210.70,SELL,2.73,111.98,99.70,111.98,106.53,-4.38,-2.93,-1.44,114.85,113.31,117.75,124.42,0.99,downtrend,0.00,0.08,false
2026-09-03,ZBRA,357.50,416388,58.14,42.96,343.57,386.44,341.97,386.23,-57.04,65,DescendingScallop,81.35,HOLD,11.72,339.92,392.67,339.92,363.36,0.79,20.44,-19.65,365.00,351.38,312.45,256.59,0.69,uptrend,0.00,0.63,true
2026-09-04,A,150.86,1808367,54.02,20.19,145.45,158.79,145.45,163.75,-79.81,74,DoubleBottom|DoubleTop,90.74,HOLD,4.51,144.10,164.38,144.10,153.11,4.27,5.74,-1.46,152.12,150.50,142.33,131.59,0.78,uptrend,0.00,0.63,true
2026-09-04,AAPL,319.97,38272821,53.89,56.76,298.60,327.68,300.57,330.81,-43.24,74,ThreeRisingValleys|AscendingScallop,350.05,HOLD,7.64,308.51,342.89,308.51,323.79,4.62,-1.75,6.37,313.14,316.91,315.15,283.87,0.97,uptrend,0.00,0.42,false
2026-09-04,ABBV,256.46,4701126,50.20,28.21,245.57,269.51,244.03,266.97,-71.79,74,DoubleTop|AscendingScallop,119.05,HOLD,5.69,247.92,273.54,247.92,259.31,5.83,4.55,1.28,257.54,257.63,254.48,228.34,1.10,uptrend,0.00,0.29,false
2026-09-04,ABT,108.33,6880590,47.28,9.72,106.68,117.10,107.36,117.34,-90.28,74,DoubleBottom|DoubleTop|HeadAndShoulders,166.00,HOLD,2.81,104.11,116.77,104.11,109.74,1.71,3.14,-1.44,111.89,110.31,104.37,106.31,0.92,uptrend,0.00,0.15,false
2026-09-04,ACN,186.72,4855687,58.99,65.45,171.51,194.84,169.75,195.32,-34.55,74,ThreeRisingValleys|AscendingScallop,300.60,HOLD,6.84,176.45,207.25,176.45,190.14,6.86,7.62,-0.75,183.17,182.03,161.71,202.90,0.96,downtrend,0.00,0.20,false
2026-09-04,ADBE,266.51,6579463,48.86,22.89,252.94,295.30,251.20,294.53,-77.11,74,,194.93,HOLD,11.21,249.70,300.13,249.70,272.11,9.99,10.40,-0.41,274.12,273.03,248.85,267.93,1.52,downtrend,0.00,0.08,false
2026-09-04,ADI,362.25,3485837,42.77,37.60,350.99,394.19,348.00,396.95,-62.40,74,ThreeDescendingPeaks|DescendingScallop,116.51,HOLD,11.32,345.27,396.21,345.27,367.91,-7.70,-1.64,-6.06,372.59,368.76,377.37,348.30,0.97,uptrend,0.00,0.08,false
2026-09-04,ADM,84.61,2322245,59.98,85.37,77.38,85.23,75.86,86.11,-14.63,74,DoubleBottom,386.10,HOLD,2.61,80.69,92.44,80.69,85.92,1.11,0.33,0.79,81.30,81.83,80.97,72.12,0.66,uptrend,0.83,0.69,true
2026-09-04,ADSK,217.90,3900636,35.30,3.06,229.75,270.88,216.20,271.72,-96.94,74,HeadAndShoulders,216.00,SELL,10.93,234.30,185.10,234.30,212.43,2.14,6.79,-4.65,250.32,245.00,230.67,247.00,1.93,downtrend,0.00,0.08,false
2026-09-04,AKAM,105.22,1757227,39.65,12.57,98.80,126.09,102.55,127.04,-87.43,74,ThreeDescendingPeaks|DescendingScallop,188.44,HOLD,4.69,98.18,119.30,98.18,107.57,-6.17,-3.01,-3.16,112.45,110.69,115.97,109.58,0.59,downtrend,0.00,0.08,false
2026-09-04,ALB,126.28,3234752,42.08,17.53,126.18,142.12,122.50,144.06,-82.47,74,DoubleTop,194.66,HOLD,5.87,117.48,143.88,117.48,129.21,4.17,6.77,-2.59,134.15,132.76,127.98,156.58,1.59,downtrend,0.00,0.08,false
2026-09-04,ALGN,158.63,990515,41.76,23.64,149.33,179.81,153.98,182.20,-76.36,74,DescendingScallop,172.60,HOLD,5.90,149.78,176.34,149.78,161.59,-7.26,-5.31,-1.95,164.57,163.06,171.39,170.55,1.23,downtrend,0.00,0.08,false
2026-09-04,ALLE,157.12,746263,49.27,38.25,152.19,169.34,151.23,169.43,-61.75,74,DescendingScallop,85.98,HOLD,3.95,151.19,168.97,151.19,159.10,-3.48,-0.97,-2.51,160.77,158.18,152.71,151.09,0.54,uptrend,0.00,0.42,false
2026-09-04,AMAT,454.71,5985911,39.68,31.51,423.24,555.68,426.13,563.76,-68.49,74,ThreeDescendingPeaks|DescendingScallop,135.50,HOLD,23.77,419.06,526.01,419.06,466.59,-31.41,-16.24,-15.17,489.46,480.89,533.72,407.06,0.80,uptrend,0.00,0.50,false
2026-09-04,AMD,477.57,19364684,49.67,72.25,445.94,504.46,440.50,517.35,-27.75,74,ThreeDescendingPeaks,94.52,HOLD,22.51,443.81,545.10,443.81,488.82,-9.81,-5.67,-4.14,475.20,474.91,499.27,341.00,1.11,uptrend,0.00,0.83,true
2026-09-04,ANET,193.78,4190753,53.25,50.32,180.99,208.03,181.27,211.45,-49.68,74,DoubleBottom|HeadAndShoulders,105.68,HOLD,8.28,181.36,218.62,181.36,197.92,-1.03,3.95,-4.99,194.51,191.43,182.93,151.94,0.73,uptrend,0.00,0.63,true
2026-09-04,AOS,60.48,1311982,46.94,36.44,58.69,64.55,58.41,64.09,-63.56,74,DoubleTop,154.05,HOLD,1.60,58.08,65.28,58.08,61.28,-0.71,-0.15,-0.57,61.62,61.09,61.32,65.20,1.06,downtrend,0.00,0.08,false
2026-09-04,APD,301.27,671146,47.69,21.27,299.84,311.04,297.85,313.93,-78.73,74,DoubleBottom|DoubleTop,109.07,HOLD,6.32,291.79,320.23,291.79,304.43,2.00,3.12,-1.12,305.44,304.18,300.18,282.51,0.73,uptrend,0.00,0.22,false
2026-09-04,AVGO,357.89,32481307,38.04,35.82,333.71,422.93,342.33,432.73,-64.18,74,ThreeDescendingPeaks|DescendingScallop,170.55,HOLD,13.02,338.37,396.95,338.37,364.40,-22.02,-16.12,-5.91,378.32,373.55,383.66,369.83,1.39,downtrend,0.00,0.08,false
2026-09-04,AVY,175.06,753219,49.76,32.39,171.88,185.49,169.93,185.77,-67.61,74,DoubleBottom|DoubleTop,110.94,HOLD,4.87,167.75,189.67,167.75,177.50,0.65,3.59,-2.94,178.68,176.14,170.08,173.09,0.72,uptrend,0.00,0.08,false
2026-09-04,AZO,2983.29,402008,47.43,31.09,2915.89,3092.53,2903.57,3160.00,-68.91,74,DoubleBottom|ThreeDescendingPeaks|DescendingScallop,163.15,HOLD,72.79,2874.10,3201.66,2874.10,3019.69,-40.27,-24.64,-15.63,3004.21,2996.05,3036.33,3381.45,1.51,downtrend,0.00,0.08,false
2026-09-04,BBY,90.27,3911700,60.32,96.14,80.39,90.39,76.70,90.82,-3.86,74,DoubleTop,265.08,HOLD,3.45,85.09,100.63,85.09,92.00,0.36,0.20,0.17,85.39,85.45,84.02,71.47,0.96,uptrend,0.83,0.82,true
2026-09-04,BDX,184.74,1439059,57.49,32.55,179.00,193.35,175.63,193.07,-67.45,74,DoubleTop|HeadAndShoulders|AscendingScallop,56.00,HOLD,4.13,178.55,197.12,178.55,186.80,5.74,8.27,-2.52,186.18,183.99,170.00,159.80,0.88,uptrend,0.00,0.35,false
2026-09-04,BIIB,220.83,464803,57.98,68.52,204.24,227.30,201.00,225.80,-31.48,74,DoubleTop|AscendingScallop,261.96,HOLD,5.88,212.01,238.47,212.01,223.77,5.87,5.60,0.27,215.77,216.38,209.53,191.05,0.65,uptrend,0.00,0.55,false
2026-09-04,BKNG,193.29,5131671,41.92,4.38,193.34,220.25,192.19,217.32,-95.62,74,DoubleTop,166.00,HOLD,6.39,183.71,212.45,183.71,196.48,-1.69,3.75,-5.44,206.80,201.93,194.25,185.84,1.08,uptrend,0.00,0.22,false
2026-09-04,BLDR,65.79,2438481,42.24,32.43,62.31,75.88,62.31,75.50,-67.57,74,DescendingScallop,171.15,HOLD,3.12,61.11,75.16,61.11,67.35,-2.81,-1.45,-1.36,69.10,68.23,73.15,90.12,1.29,downtrend,0.00,0.08,false
2026-09-04,BSX,47.80,15438005,47.71,26.43,46.03,53.00,46.09,52.99,-73.57,74,InvertedCupWithHandle|ThreeDescendingPeaks|DescendingScallop,149.12,HOLD,1.80,45.10,53.20,45.10,48.70,-0.95,0.66,-1.61,49.51,48.42,46.89,66.76,0.81,downtrend,0.00,0.08,false
2026-09-04,CAH,247.18,1543542,64.97,90.24,226.28,247.23,227.68,258.30,-9.76,74,DoubleBottom,383.20,HOLD,5.23,239.33,262.88,239.33,249.80,1.19,0.81,0.38,236.75,237.80,234.23,215.76,0.91,uptrend,0.00,0.55,false
2026-09-04,CARR,59.71,4349147,42.57,54.79,56.34,64.53,56.44,64.73,-45.21,74,ThreeDescendingPeaks|DescendingScallop,123.92,HOLD,1.62,57.28,64.56,57.28,60.52,-2.32,-2.00,-0.32,60.43,60.35,64.73,61.39,0.85,downtrend,0.00,0.08,false
2026-09-04,CDNS,292.70,4223335,31.05,8.02,296.43,348.09,287.90,347.72,-91.98,74,DoubleTop|HeadAndShoulders,175.00,HOLD,12.50,273.95,330.21,273.95,298.95,-4.44,-5.32,0.89,322.26,322.93,341.64,327.13,1.88,downtrend,0.00,0.08,false
2026-09-04,CDW,152.38,1291186,60.62,79.37,128.12,155.66,130.56,158.05,-20.63,74,DoubleBottom,376.45,HOLD,6.65,142.41,172.32,142.41,155.70,2.52,-0.50,3.02,141.89,144.53,139.95,131.77,0.80,uptrend,0.00,0.49,false
2026-09-04,CEG,298.96,2798083,66.71,97.79,264.84,292.49,264.82,299.73,-2.21,74,DoubleBottom|AscendingScallop,538.17,HOLD,10.14,283.74,329.39,283.74,304.03,4.57,4.21,0.36,278.66,278.92,266.42,296.36,1.14,uptrend,0.00,0.54,false
2026-09-04,CF,133.35,2622823,60.59,64.55,112.24,139.39,113.81,141.27,-35.45,74,ThreeRisingValleys|AscendingScallop,391.02,HOLD,5.33,125.36,149.34,125.36,136.01,6.36,2.70,3.66,125.81,127.85,121.19,108.08,1.00,uptrend,0.83,0.61,true
2026-09-04,CHD,98.55,1290977,43.92,32.76,96.83,104.12,96.27,103.66,-67.24,74,DoubleBottom|FallingWedge|DoubleTop|HeadAndShoulders,113.55,HOLD,2.07,95.44,104.77,95.44,99.59,-0.54,-0.22,-0.32,100.48,100.08,99.28,94.92,0.78,uptrend,0.00,0.08,false
2026-09-04,CHRW,147.64,994440,41.82,53.29,141.09,152.34,141.24,153.25,-46.71,74,DoubleBottom|DoubleTop|HeadAndShoulders,90.00,HOLD,4.75,140.51,161.90,140.51,150.02,-0.58,-5.22,4.65,146.71,150.13,168.19,172.72,0.81,downtrend,0.00,0.20,false
2026-09-04,CIEN,321.00,3333279,33.92,8.09,322.69,456.80,311.60,462.69,-91.91,74,ThreeDescendingPeaks|DescendingScallop,191.00,HOLD,26.28,281.58,399.83,281.58,334.14,-20.10,0.07,-20.17,389.75,377.97,404.74,377.16,1.40,downtrend,0.00,0.08,false
2026-09-04,CL,88.77,3977477,40.16,2.24,88.71,93.49,88.68,93.88,-97.76,74,DoubleBottom|DoubleTop|DescendingScallop,166.00,HOLD,1.78,86.10,94.10,86.10,89.66,-0.79,-0.56,-0.23,91.10,90.81,91.83,87.72,1.00,uptrend,0.00,0.08,false
2026-09-04,CLX,93.06,2202858,30.09,2.56,93.09,113.20,92.63,109.42,-97.44,74,FallingWedge|DoubleTop,216.00,SELL,2.90,97.42,84.35,97.42,91.61,-2.20,1.06,-3.27,103.14,100.38,99.86,103.17,0.76,downtrend,0.00,0.08,false
2026-09-04,CMI,560.75,1059355,34.19,20.11,527.02,658.34,542.70,653.00,-79.89,74,ThreeDescendingPeaks|DescendingScallop,172.97,HOLD,17.80,534.05,614.14,534.05,569.65,-36.38,-26.17,-10.21,592.68,586.18,632.75,600.06,1.17,downtrend,0.00,0.08,false
2026-09-04,COHR,281.86,4999192,46.03,35.87,246.21,352.24,255.25,386.50,-64.13,74,ThreeDescendingPeaks|DescendingScallop,136.89,HOLD,23.10,247.22,351.15,247.22,293.41,-22.47,-5.10,-17.37,299.22,290.60,307.12,276.44,0.72,uptrend,0.00,0.08,false
2026-09-04,COO,69.59,1956954,37.26,5.65,68.08,79.48,69.08,78.11,-94.35,74,DoubleTop|InvertedCupWithHandle|ThreeDescendingPeaks|DescendingScallop,216.00,SELL,1.55,71.92,64.94,71.92,68.81,-1.70,0.07,-1.78,73.78,72.31,72.65,73.38,1.19,downtrend,0.00,0.08,false
2026-09-04,COP,134.26,5185673,62.76,66.45,122.89,138.78,119.17,137.42,-33.55,74,DoubleTop|ThreeRisingValleys|AscendingScallop,325.51,HOLD,3.03,129.71,143.36,129.71,135.78,5.61,6.03,-0.42,130.84,130.30,120.17,112.74,0.79,uptrend,0.00,0.47,false
2026-09-04,COR,330.95,1017372,59.10,70.93,306.75,338.99,302.01,338.71,-29.07,74,DoubleTop,191.77,HOLD,7.51,319.69,353.48,319.69,334.70,5.23,2.99,2.24,322.87,323.72,312.10,321.92,0.82,uptrend,0.00,0.20,false
2026-09-04,CPRT,33.72,6588878,64.09,75.60,28.97,35.44,28.68,34.63,-24.40,74,DoubleTop|AscendingScallop,232.60,HOLD,1.07,32.12,36.93,32.12,34.25,1.65,1.68,-0.03,32.21,32.23,30.08,34.45,0.66,downtrend,0.00,0.20,false
2026-09-04,CRH,94.26,3752622,44.66,50.75,90.50,100.69,90.21,102.28,-49.25,74,HeadAndShoulders|DescendingScallop,142.96,HOLD,2.72,90.18,102.43,90.18,95.62,-1.82,-1.91,0.08,95.59,95.44,99.76,111.48,0.88,downtrend,0.00,0.08,false
2026-09-04,CRL,288.50,735576,60.05,38.93,275.62,301.44,265.49,303.31,-61.07,74,DoubleTop|HeadAndShoulders|AscendingScallop,56.00,HOLD,9.59,274.12,317.27,274.12,293.29,13.21,20.11,-6.90,288.53,282.84,254.63,200.15,0.82,uptrend,0.00,0.75,true
2026-09-04,CRM,259.23,10336093,76.62,87.95,165.87,275.96,189.91,268.27,-12.05,74,ThreeRisingValleys|AscendingScallop,453.14,BUY,10.32,243.74,290.20,243.74,264.39,23.07,15.76,7.31,220.92,227.52,191.65,200.75,0.63,uptrend,0.83,0.69,true
2026-09-04,CRWD,213.10,8341574,53.12,60.52,182.45,238.67,181.24,233.88,-39.48,74,IslandReversal,247.93,BUY,12.39,194.51,250.27,194.51,219.30,-3.57,1.15,-4.71,210.56,208.40,200.81,142.49,0.81,uptrend,0.33,0.75,true
2026-09-04,CSCO,109.20,11975256,40.95,29.91,103.93,121.17,107.60,124.71,-70.09,74,DoubleBottom|DescendingScallop,166.00,HOLD,2.82,104.97,117.67,104.97,110.61,-3.84,-3.15,-0.70,112.55,111.81,114.28,94.75,0.61,uptrend,0.00,0.37,false
2026-09-04,CSGP,30.91,3875257,47.36,16.95,30.38,33.49,30.04,33.82,-83.05,74,DoubleBottom|DoubleTop|ThreeDescendingPeaks,154.12,HOLD,1.38,28.84,35.05,28.84,31.60,0.54,1.11,-0.57,31.94,31.55,30.29,43.73,0.59,downtrend,0.00,0.08,false
2026-09-04,CSX,49.41,7813700,43.08,36.57,48.54,52.29,47.83,52.15,-63.43,74,DoubleTop|HeadAndShoulders,167.82,HOLD,1.04,47.85,52.53,47.85,49.93,0.08,0.09,-0.01,50.41,50.23,50.14,43.16,0.85,uptrend,0.00,0.55,true
2026-09-04,CTAS,200.47,1320801,48.76,29.18,197.28,207.48,196.50,207.51,-70.82,74,DoubleBottom|DoubleTop|HeadAndShoulders,63.70,HOLD,3.82,194.74,211.92,194.74,202.38,0.41,-0.98,1.39,202.38,201.86,197.28,186.84,0.79,uptrend,0.00,0.20,false
2026-09-04,CTSH,62.31,4459263,60.41,64.09,56.32,66.16,56.37,65.42,-35.91,74,ThreeRisingValleys|AscendingScallop,294.27,HOLD,2.17,59.06,68.82,59.06,63.39,2.95,3.41,-0.46,61.24,60.82,52.46,62.78,0.68,downtrend,0.00,0.20,false
2026-09-04,CTVA,87.86,4165601,64.30,79.09,72.20,90.63,74.94,90.87,-20.91,74,ThreeRisingValleys|AscendingScallop,453.39,HOLD,2.33,84.37,94.84,84.37,89.02,4.06,0.37,3.69,81.41,83.70,83.35,77.38,0.91,uptrend,0.00,0.47,false
2026-09-04,DASH,211.73,4137483,45.59,1.99,205.28,239.54,206.25,238.83,-98.01,74,,121.67,HOLD,8.07,199.63,235.93,199.63,215.76,8.99,11.78,-2.79,222.41,220.39,203.63,188.49,1.01,uptrend,0.00,0.63,true
2026-09-04,DD,131.59,1725870,36.15,16.95,129.51,147.28,129.40,146.82,-83.05,74,ThreeDescendingPeaks|DescendingScallop,183.71,HOLD,3.38,126.52,141.73,126.52,133.28,-3.88,-1.76,-2.12,138.40,136.69,138.31,136.66,1.44,downtrend,0.00,0.08,false
2026-09-04,DECK,85.81,2653388,37.71,26.02,82.55,96.52,83.25,98.18,-73.98,74,DescendingScallop,179.75,HOLD,2.73,81.71,94.01,81.71,87.18,-4.05,-4.31,0.26,89.54,89.59,97.19,102.55,1.00,downtrend,0.00,0.08,false
2026-09-04,DHI,142.75,1607662,43.85,12.93,141.23,152.82,141.02,154.40,-87.07,74,DoubleTop|ThreeDescendingPeaks|DescendingScallop,207.70,SELL,3.89,148.58,131.09,148.58,140.81,-1.22,-0.01,-1.21,147.03,146.29,149.32,149.83,0.88,downtrend,0.00,0.08,false
2026-09-04,DHR,207.66,2897963,50.46,38.57,199.42,221.05,199.49,220.67,-61.43,74,DoubleTop,164.42,HOLD,6.29,198.23,226.53,198.23,210.80,5.95,6.51,-0.55,210.23,209.06,201.63,202.83,0.93,uptrend,0.00,0.22,false
2026-09-04,DOV,192.88,1285198,36.48,27.35,188.43,213.76,187.72,212.91,-72.65,74,DescendingScallop,186.29,HOLD,4.20,186.59,205.47,186.59,194.98,-5.40,-2.81,-2.59,201.10,199.38,207.32,210.00,1.22,downtrend,0.00,0.08,false
2026-09-04,DVN,48.06,8841575,57.22,53.37,44.43,50.34,43.65,49.72,-46.63,74,DoubleTop|AscendingScallop,191.37,HOLD,1.23,46.22,51.74,46.22,48.67,1.66,1.78,-0.12,47.39,47.31,44.81,43.51,0.88,uptrend,0.00,0.27,false
2026-09-04,DXCM,87.90,2266002,52.92,7.68,87.63,92.15,84.53,92.59,-92.32,74,DoubleTop|HeadAndShoulders,69.92,HOLD,2.49,84.17,95.36,84.17,89.14,1.34,3.86,-2.52,89.89,88.28,81.22,70.90,0.56,uptrend,0.00,0.63,true
2026-09-04,EBAY,103.41,3179498,44.42,30.28,100.81,107.99,100.50,111.00,-69.72,74,DoubleBottom|DoubleTop|DescendingScallop,102.89,HOLD,3.29,98.48,113.27,98.48,105.05,-0.98,-2.97,1.99,104.40,105.55,109.33,98.66,0.77,uptrend,0.00,0.08,false
2026-09-04,ECL,279.28,1003662,47.21,20.11,273.74,290.84,273.33,295.33,-79.89,74,DoubleBottom|HeadAndShoulders,95.02,HOLD,5.76,270.64,296.55,270.64,282.16,1.40,1.74,-0.34,282.29,281.75,278.81,272.86,0.72,uptrend,0.00,0.08,false
2026-09-04,EFX,177.05,2734008,42.77,30.43,175.49,197.95,167.93,197.90,-69.57,74,DoubleTop|HeadAndShoulders,300.27,SELL,7.30,188.00,155.14,188.00,173.40,5.10,5.38,-0.28,186.72,185.59,178.18,187.79,2.59,downtrend,0.00,0.08,false
2026-09-04,EL,103.86,3878661,66.67,81.57,80.85,112.41,83.85,108.38,-18.43,74,HeadAndShoulders|AscendingScallop,274.90,HOLD,3.40,98.76,114.06,98.76,105.56,8.30,6.62,1.68,96.63,97.69,88.50,92.27,0.98,uptrend,0.83,0.61,true
2026-09-04,EMR,152.82,2036734,48.76,42.71,147.26,166.69,146.35,166.35,-57.29,74,ThreeDescendingPeaks|DescendingScallop,86.00,HOLD,3.97,146.86,164.74,146.86,154.81,-2.97,0.74,-3.71,156.97,153.99,149.43,142.71,0.91,uptrend,0.00,0.34,false
2026-09-04,EOG,145.19,2606794,50.45,22.27,139.75,152.80,136.59,153.67,-77.73,74,DoubleTop|InvertedCupWithHandle|AscendingScallop,120.00,HOLD,3.47,139.99,155.59,139.99,146.92,2.42,2.67,-0.25,146.28,145.67,141.53,128.69,0.95,uptrend,0.00,0.15,false
2026-09-04,EQIX,1035.98,344592,45.18,32.08,1014.81,1108.00,1002.24,1109.22,-67.92,74,DoubleTop,112.38,HOLD,30.59,990.09,1127.76,990.09,1051.28,-3.04,11.11,-14.16,1061.40,1051.98,1045.68,961.11,0.64,uptrend,0.00,0.20,false
2026-09-04,EW,89.90,2617587,49.31,30.93,88.83,93.26,88.40,93.91,-69.07,74,DoubleBottom|DoubleTop|DescendingScallop,94.72,HOLD,1.99,86.92,95.87,86.92,90.89,-0.19,1.20,-1.38,91.04,90.24,89.64,84.95,0.93,uptrend,0.00,0.15,false
2026-09-04,EXPD,188.80,485309,61.12,56.45,180.11,193.58,176.79,192.28,-43.55,74,DoubleTop|HeadAndShoulders|AscendingScallop,140.59,HOLD,3.72,183.22,199.96,183.22,190.66,4.09,5.83,-1.74,186.85,185.97,178.30,158.72,0.64,uptrend,0.00,0.82,true
2026-09-04,EXPE,298.04,1836269,43.50,4.77,298.97,343.34,295.84,342.00,-95.23,74,HeadAndShoulders,141.00,HOLD,12.00,280.04,334.03,280.04,304.04,1.73,10.76,-9.03,321.16,313.35,294.73,258.69,1.29,uptrend,0.00,0.63,true
2026-09-04,FAST,49.60,6313648,49.58,43.33,48.32,53.03,47.65,52.92,-56.67,74,DoubleTop|DescendingScallop,78.10,HOLD,1.14,47.89,53.03,47.89,50.17,-0.41,0.64,-1.06,50.67,49.83,48.68,45.37,1.02,uptrend,0.00,0.28,false
2026-09-04,FCX,72.73,7262134,53.25,48.31,64.03,81.23,65.57,80.24,-51.69,74,HeadAndShoulders|AscendingScallop,141.80,HOLD,2.86,68.44,81.30,68.44,74.16,4.29,4.04,0.25,72.63,72.48,66.44,60.93,0.52,uptrend,0.00,0.49,false
2026-09-04,FFIV,390.47,311911,46.55,37.57,371.87,422.41,376.21,425.61,-62.43,74,DoubleBottom|HeadAndShoulders|DescendingScallop,116.93,HOLD,13.04,370.92,429.58,370.92,396.99,-7.49,-6.08,-1.41,397.14,396.31,404.66,327.20,0.66,uptrend,0.00,0.44,false
2026-09-04,FICO,932.26,1429604,30.24,15.56,990.07,1220.39,885.00,1188.80,-84.44,74,DoubleTop|MeasuredMoveDown,256.26,SELL,61.17,1024.02,748.75,1024.02,901.67,27.08,3.57,23.51,1105.23,1110.65,1167.58,1304.58,4.56,downtrend,0.00,0.08,false
2026-09-04,FIX,1610.34,273692,46.07,33.82,1472.68,1829.32,1505.73,1883.70,-66.18,74,ThreeDescendingPeaks|DescendingScallop,118.95,HOLD,80.74,1489.23,1852.56,1489.23,1650.71,-79.14,-35.78,-43.36,1651.00,1631.42,1710.93,1491.86,0.74,uptrend,0.00,0.34,false
2026-09-04,FLEX,109.51,4329037,42.94,29.75,100.07,129.34,102.25,131.63,-70.25,74,ThreeDescendingPeaks|DescendingScallop,124.32,HOLD,5.84,100.74,127.04,100.74,112.43,-6.59,-3.02,-3.57,114.71,113.24,123.04,94.84,1.50,uptrend,0.00,0.63,true
2026-09-04,FSLR,204.45,1519700,41.44,24.42,191.43,238.22,197.81,251.39,-75.58,74,InvertedCupWithHandle|ThreeDescendingPeaks|DescendingScallop,209.22,SELL,8.97,217.91,177.54,217.91,199.96,-13.14,-6.60,-6.53,214.82,211.71,219.06,230.60,0.81,downtrend,0.00,0.08,false
2026-09-04,FTNT,156.29,3045143,47.82,31.36,147.19,171.35,148.25,173.89,-68.64,74,DoubleBottom,123.76,HOLD,7.03,145.74,177.39,145.74,159.81,-1.25,-0.76,-0.49,159.27,159.16,158.78,110.06,0.70,uptrend,0.00,0.63,true
2026-09-04,GDDY,101.31,1609020,57.59,60.85,90.09,104.46,88.73,106.00,-39.15,74,CupWithHandle|ThreeRisingValleys|AscendingScallop,432.32,HOLD,4.20,95.00,113.92,95.00,103.41,3.91,2.43,1.47,97.28,97.79,93.45,96.18,0.90,uptrend,0.00,0.35,false
2026-09-04,GEHC,68.86,2760466,41.59,5.23,69.28,75.76,68.49,75.65,-94.77,74,DoubleTop,191.00,HOLD,1.73,66.26,74.05,66.26,69.73,0.16,1.85,-1.69,72.52,71.17,68.29,72.74,1.08,downtrend,0.00,0.08,false
2026-09-04,GEV,941.95,1233783,44.62,38.63,865.92,1078.04,874.00,1099.66,-61.37,74,ThreeDescendingPeaks|DescendingScallop,114.81,HOLD,42.16,878.70,1068.44,878.70,963.03,-44.93,-17.67,-27.26,971.98,958.41,1015.40,886.12,0.61,uptrend,0.00,0.42,false
2026-09-04,GILD,150.99,5977099,67.66,88.05,133.32,155.37,131.61,152.55,-11.95,74,AscendingScallop,416.14,HOLD,3.62,145.56,161.87,145.56,152.81,6.47,6.37,0.09,144.35,144.85,136.60,134.36,1.12,uptrend,0.00,0.49,false
2026-09-04,GLW,154.30,7910333,50.01,52.24,138.45,169.73,139.25,176.94,-47.76,74,ThreeDescendingPeaks|DescendingScallop,73.12,HOLD,8.72,141.22,180.46,141.22,158.66,-5.14,0.94,-6.08,154.09,152.22,165.25,143.78,0.91,uptrend,0.00,0.15,false
2026-09-04,GNRC,187.35,605487,37.45,24.09,174.80,229.92,178.19,225.34,-75.91,74,ThreeDescendingPeaks|DescendingScallop,164.29,HOLD,8.89,174.02,214.01,174.02,191.79,-10.39,-2.29,-8.10,202.36,198.07,216.54,208.50,0.63,downtrend,0.00,0.08,false
2026-09-04,GOOGL,338.46,20841990,44.82,30.03,334.32,352.90,332.82,357.61,-69.97,74,DoubleBottom|DoubleTop|HeadAndShoulders|DescendingScallop,129.87,HOLD,8.12,326.28,362.81,326.28,342.52,-6.38,-3.27,-3.11,343.61,343.38,348.57,335.94,0.94,uptrend,0.00,0.27,false
2026-09-04,GPC,138.08,714430,61.01,82.75,131.60,139.46,129.40,139.89,-17.25,74,DoubleTop|HeadAndShoulders|AscendingScallop,216.54,HOLD,3.21,133.26,147.72,133.26,139.69,2.01,2.62,-0.60,135.53,134.92,129.29,119.85,0.65,uptrend,0.83,0.82,true
2026-09-04,GRMN,277.03,569468,41.38,22.31,268.73,318.95,268.01,314.28,-77.69,74,ThreeDescendingPeaks|DescendingScallop,114.10,HOLD,7.00,266.53,298.02,266.53,280.53,-10.97,-0.63,-10.34,293.84,285.76,272.51,238.37,0.70,uptrend,0.00,0.23,false
2026-09-04,GWW,1324.49,174812,51.66,75.28,1288.85,1333.83,1274.60,1337.96,-24.72,74,DoubleBottom|DoubleTop|HeadAndShoulders,183.01,HOLD,26.97,1284.03,1405.41,1284.03,1337.98,-0.89,-9.67,8.78,1311.34,1315.53,1339.44,1177.54,0.84,uptrend,0.00,0.61,true
2026-09-04,HAL,37.07,10887695,62.86,80.32,32.42,37.94,32.23,38.06,-19.68,74,AscendingScallop,370.45,HOLD,1.04,35.51,40.19,35.51,37.59,1.46,1.36,0.10,35.18,35.46,34.09,34.80,1.03,uptrend,0.00,0.28,false
2026-09-04,HD,321.05,2259444,37.81,16.60,314.79,354.53,315.21,358.36,-83.40,74,ThreeDescendingPeaks|DescendingScallop,205.99,SELL,7.28,331.97,299.20,331.97,317.41,-8.68,-4.30,-4.38,334.66,331.18,339.12,343.90,0.62,downtrend,0.00,0.08,false
2026-09-04,HSY,173.15,1494144,37.77,6.13,172.81,192.00,172.02,190.46,-93.87,74,DoubleTop,216.00,SELL,4.02,179.17,161.10,179.17,171.14,-0.43,1.96,-2.40,182.40,180.11,178.88,192.44,1.30,downtrend,0.00,0.08,false
2026-09-04,HUBB,460.72,530794,42.70,38.10,432.25,523.76,439.89,529.39,-61.90,74,ThreeDescendingPeaks|DescendingScallop,178.39,HOLD,13.23,440.87,500.42,440.87,467.34,-20.85,-10.86,-9.98,478.01,470.77,485.08,485.54,1.19,downtrend,0.00,0.08,false
2026-09-04,IBM,234.89,3055465,50.04,50.04,228.97,239.66,227.40,241.80,-49.96,74,DoubleBottom|DoubleTop|HeadAndShoulders,106.00,HOLD,6.58,225.01,254.64,225.01,238.18,0.02,2.41,-2.40,234.31,233.98,241.35,262.32,0.63,downtrend,0.00,0.20,false
2026-09-04,IDXX,535.38,405812,41.35,24.91,524.10,586.28,522.05,602.00,-75.09,74,BearishFlag|DescendingScallop,197.09,HOLD,16.76,510.24,585.67,510.24,543.76,-13.17,-9.60,-3.57,555.19,551.42,558.15,607.14,0.81,downtrend,0.00,0.08,false
2026-09-04,IEX,223.74,450114,39.50,12.69,221.65,243.59,220.98,242.73,-87.31,74,ThreeDescendingPeaks|DescendingScallop,158.38,HOLD,5.07,216.13,238.95,216.13,226.28,-3.50,0.14,-3.64,232.62,229.74,228.76,205.90,0.82,uptrend,0.00,0.34,false
2026-09-04,INCY,126.75,1000072,56.24,55.93,118.95,131.47,117.56,130.80,-44.07,74,DoubleTop|HeadAndShoulders|AscendingScallop,132.47,HOLD,3.39,121.67,136.91,121.67,128.44,3.16,2.69,0.47,125.21,125.14,120.81,104.72,0.83,uptrend,0.00,0.75,true
2026-09-04,IR,76.36,3804920,37.83,28.04,73.34,86.93,74.03,87.97,-71.96,74,ThreeDescendingPeaks|DescendingScallop,196.98,HOLD,2.16,73.12,82.84,73.12,77.44,-4.00,-3.17,-0.83,80.13,79.24,81.67,82.03,1.16,downtrend,0.00,0.08,false
2026-09-04,ISRG,366.70,2080382,43.02,8.06,356.58,406.84,363.31,405.34,-91.94,74,DoubleBottom|DescendingScallop,216.00,SELL,11.36,383.74,332.61,383.74,361.02,-7.25,4.17,-11.42,381.71,375.36,381.01,463.81,0.91,downtrend,0.00,0.08,false
2026-09-04,IT,186.42,767677,52.38,33.32,176.98,204.13,172.65,203.03,-66.68,74,HeadAndShoulders,88.95,HOLD,8.61,173.50,212.26,173.50,190.73,7.62,11.50,-3.88,190.56,187.26,163.91,177.59,0.62,uptrend,0.00,0.23,false
2026-09-04,ITW,270.12,1032111,35.65,17.63,267.06,298.16,265.89,297.76,-82.37,74,ThreeDescendingPeaks|DescendingScallop,156.73,HOLD,5.46,261.93,286.50,261.93,272.85,-7.22,-4.17,-3.05,282.61,279.37,280.23,266.90,1.05,uptrend,0.00,0.14,false
2026-09-04,JBHT,273.77,856284,53.37,68.12,253.54,284.63,254.11,287.93,-31.88,74,,186.68,HOLD,8.42,261.14,299.02,261.14,277.98,-4.17,-2.53,-1.64,269.09,268.29,276.33,237.40,1.07,uptrend,0.00,0.68,true
2026-09-04,JBL,310.57,695980,44.85,26.17,275.39,375.86,292.29,376.97,-73.83,74,DescendingScallop,133.17,HOLD,13.19,290.78,350.14,290.78,317.17,-19.96,-4.99,-14.97,325.62,316.69,327.12,292.82,0.74,uptrend,0.00,0.23,false
2026-09-04,JCI,144.94,2995919,51.34,50.37,134.91,156.38,137.54,156.84,-49.63,74,InvertedCupWithHandle|DescendingScallop,75.82,HOLD,3.69,139.41,156.00,139.41,146.78,-5.17,-2.18,-2.99,145.65,143.84,144.57,134.72,1.06,uptrend,0.00,0.28,false
2026-09-04,JNJ,275.23,3878977,60.57,66.13,257.19,279.34,255.26,281.07,-33.87,74,DoubleTop|AscendingScallop,267.69,HOLD,5.52,266.94,291.80,266.94,277.99,5.56,4.91,0.65,268.26,268.64,261.77,235.82,0.62,uptrend,0.00,0.55,false
2026-09-04,KLAC,185.60,12689661,47.38,57.13,163.96,211.78,167.05,214.80,-42.87,74,DescendingScallop,99.96,HOLD,9.32,171.62,213.56,171.62,190.26,-8.97,-3.96,-5.01,187.87,185.34,205.76,171.52,1.41,uptrend,0.00,0.44,false
2026-09-04,KMB,104.96,4131732,39.45,1.46,105.99,111.97,104.85,112.38,-98.54,74,DoubleTop|HeadAndShoulders,150.00,HOLD,2.48,101.24,112.40,101.24,106.20,-0.23,-0.27,0.05,108.98,108.77,109.73,103.24,1.40,uptrend,0.00,0.08,false
2026-09-04,KVUE,18.74,26747514,43.65,5.75,18.67,19.43,18.65,19.56,-94.25,74,DoubleBottom|DoubleTop|HeadAndShoulders,150.00,HOLD,0.37,18.19,19.84,18.19,18.92,-0.04,-0.10,0.05,19.05,19.05,19.18,17.95,1.34,uptrend,0.00,0.08,false
2026-09-04,LH,326.89,438649,55.12,24.01,316.79,341.98,315.33,341.80,-75.99,74,DoubleTop|HeadAndShoulders,66.76,HOLD,7.31,315.92,348.83,315.92,330.55,8.03,9.71,-1.69,329.39,326.81,306.53,275.57,0.75,uptrend,0.00,0.57,true
2026-09-04,LII,390.53,443804,36.34,36.59,369.23,435.54,371.65,439.96,-63.41,74,ThreeDescendingPeaks|DescendingScallop,153.01,HOLD,12.98,371.06,429.48,371.06,397.02,-19.81,-25.14,5.33,402.38,406.35,472.92,498.11,0.95,downtrend,0.00,0.08,false
2026-09-04,LIN,477.57,1870357,38.50,6.05,474.36,494.88,473.05,495.96,-93.95,74,DoubleBottom|DoubleTop|HeadAndShoulders,147.43,HOLD,8.46,464.87,502.96,464.87,481.80,1.35,-3.95,5.30,484.62,487.11,501.51,480.48,1.00,downtrend,0.00,0.08,false
2026-09-04,LITE,881.26,3553950,51.78,52.08,796.82,970.96,784.47,999.67,-47.92,74,DoubleBottom|ThreeDescendingPeaks,108.67,HOLD,66.81,781.04,1081.69,781.04,914.66,17.94,47.47,-29.53,883.89,871.02,816.39,685.22,0.77,uptrend,0.00,0.63,true
2026-09-04,LLY,1149.36,2159931,41.33,7.64,1127.28,1277.91,1137.50,1292.65,-92.36,74,InvertedCupWithHandle|ThreeDescendingPeaks|DescendingScallop,166.00,HOLD,35.46,1096.18,1255.73,1096.18,1167.09,0.45,16.27,-15.82,1202.60,1185.74,1191.50,1063.33,0.86,uptrend,0.00,0.22,false
2026-09-04,LOW,204.45,2432988,41.23,19.32,198.52,226.02,199.34,225.79,-80.68,74,ThreeDescendingPeaks|DescendingScallop,189.59,HOLD,5.04,196.89,219.56,196.89,206.97,-4.84,-1.24,-3.61,212.27,209.49,213.34,236.23,0.79,downtrend,0.00,0.08,false
2026-09-04,LRCX,307.65,8351945,48.91,58.02,283.60,341.92,278.04,345.28,-41.98,74,ThreeDescendingPeaks,91.14,HOLD,16.37,283.09,356.77,283.09,315.84,-5.71,5.02,-10.74,312.76,307.72,321.88,260.90,1.12,uptrend,0.00,0.57,true
2026-09-04,LULU,100.61,37193682,31.79,9.89,108.51,129.33,97.99,128.76,-90.11,74,DescendingScallop,288.00,SELL,5.89,109.45,82.93,109.45,97.66,-2.47,-1.46,-1.01,118.92,117.83,118.40,152.77,6.18,downtrend,0.00,0.08,false
2026-09-04,MAA,128.32,505766,39.23,9.06,127.44,134.46,127.75,135.73,-90.94,74,DoubleBottom|DoubleTop|HeadAndShoulders|DescendingScallop,191.00,HOLD,2.11,125.15,134.65,125.15,129.38,-1.41,-1.26,-0.15,130.95,130.71,133.77,132.21,0.67,downtrend,0.00,0.08,false
2026-09-04,MAS,72.70,1992191,46.51,41.63,70.54,76.15,70.04,77.63,-58.37,74,ThreeDescendingPeaks|DescendingScallop,170.42,HOLD,2.00,69.69,78.71,69.69,73.70,-1.37,-1.26,-0.12,73.34,73.23,76.09,69.60,1.08,uptrend,0.00,0.34,false
2026-09-04,MCHP,74.17,7672954,44.81,40.00,70.13,81.99,70.45,85.66,-60.00,74,DescendingScallop,150.04,HOLD,3.02,69.64,83.23,69.64,75.68,-2.56,-1.24,-1.32,76.06,75.43,79.86,77.38,0.95,downtrend,0.00,0.08,false
2026-09-04,MCK,907.99,683155,58.57,76.15,837.32,929.91,837.88,929.95,-23.85,74,ThreeRisingValleys|AscendingScallop,430.88,HOLD,22.80,873.80,976.38,873.80,919.39,14.86,7.83,7.03,883.61,885.93,847.25,843.22,0.76,uptrend,0.00,0.27,false
2026-09-04,MDLZ,61.28,7892166,43.75,7.97,60.67,64.78,60.85,65.55,-92.03,74,DoubleBottom|BearishFlag|DoubleTop|HeadAndShoulders,166.00,HOLD,1.32,59.30,65.24,59.30,61.94,0.10,0.43,-0.33,62.73,62.38,61.53,59.10,1.15,uptrend,0.00,0.08,false
2026-09-04,MDT,94.17,8627339,64.50,77.33,89.14,94.32,86.72,95.41,-22.67,74,DoubleTop|AscendingScallop,290.13,HOLD,2.28,90.75,101.02,90.75,95.31,1.63,2.53,-0.90,91.73,91.05,86.74,89.72,1.08,uptrend,0.00,0.49,false
2026-09-04,MKC,52.08,2804140,42.20,10.63,52.04,56.66,51.51,56.87,-89.37,74,DoubleBottom|DoubleTop,218.20,SELL,1.46,54.26,47.71,54.26,51.35,0.62,1.40,-0.79,54.35,53.82,52.85,57.12,1.17,downtrend,0.00,0.08,false
2026-09-04,MLM,514.77,685152,41.03,30.82,504.51,557.29,502.56,559.03,-69.18,74,ThreeDescendingPeaks|DescendingScallop,183.07,HOLD,13.76,494.14,556.04,494.14,521.65,-10.47,-9.87,-0.60,530.90,528.98,552.57,601.01,1.14,downtrend,0.00,0.08,false
2026-09-04,MMM,168.56,2175217,34.33,15.66,167.36,187.87,165.80,184.69,-84.34,74,ThreeDescendingPeaks|DescendingScallop,152.94,HOLD,3.45,163.39,178.90,163.39,170.28,-3.50,-0.73,-2.78,177.62,174.71,171.61,160.88,0.83,uptrend,0.00,0.34,false
2026-09-04,MNST,43.82,12030820,33.58,3.04,43.61,49.25,43.65,49.24,-96.96,74,FallingWedge,230.00,SELL,1.08,45.44,40.58,45.44,43.28,-0.08,0.01,-0.09,46.43,46.22,47.39,41.78,1.23,uptrend,0.00,0.22,false
2026-09-04,MPWR,1223.86,625831,38.38,18.38,1181.03,1444.96,1189.49,1464.99,-81.62,74,ThreeDescendingPeaks|DescendingScallop,183.99,HOLD,56.71,1138.80,1393.99,1138.80,1252.21,-56.00,-25.18,-30.82,1313.00,1289.94,1328.53,1250.55,1.10,downtrend,0.00,0.08,false
2026-09-04,MRK,150.33,4298143,62.27,70.10,127.99,162.06,128.24,156.92,-29.90,74,DoubleTop|HeadAndShoulders|AscendingScallop|MeasuredMoveDown,118.91,HOLD,3.97,144.37,162.25,144.37,152.32,9.74,8.90,0.84,145.03,145.50,134.59,118.40,0.40,uptrend,0.00,0.75,true
2026-09-04,MRVL,223.55,20890894,51.08,42.48,197.58,251.58,200.62,254.60,-57.52,74,DoubleTop,72.79,HOLD,15.69,200.02,270.61,200.02,231.39,6.36,14.28,-7.91,224.58,220.90,220.67,151.77,0.85,uptrend,0.00,0.63,true
2026-09-04,MSFT,499.70,17437000,59.36,55.50,475.73,515.69,477.15,517.78,-44.50,74,DoubleBottom|DoubleTop,172.02,HOLD,11.84,481.94,535.22,481.94,505.62,3.67,14.13,-10.46,495.71,490.13,444.17,431.05,0.76,uptrend,0.00,0.56,true
2026-09-04,MTD,1345.26,103019,38.73,8.63,1352.02,1451.94,1334.73,1456.77,-91.37,74,DoubleTop|ThreeDescendingPeaks|DescendingScallop,166.00,HOLD,35.58,1291.89,1452.00,1291.89,1363.05,-21.05,-2.88,-18.17,1401.98,1386.16,1360.60,1319.47,0.60,uptrend,0.00,0.35,false
2026-09-04,MU,1016.59,34925945,60.15,99.09,868.53,1018.08,844.62,1036.13,-0.91,74,DoubleTop|AscendingScallop,316.45,BUY,54.84,934.33,1181.11,934.33,1044.01,25.66,35.78,-10.12,943.30,944.38,938.28,606.48,1.26,uptrend,0.83,0.90,true
2026-09-04,NDSN,318.36,424326,53.23,42.65,298.85,339.86,302.92,339.12,-57.35,74,DoubleTop|AscendingScallop,132.49,HOLD,6.98,307.89,339.30,307.89,321.85,9.67,9.71,-0.04,319.35,318.01,304.87,279.18,0.99,uptrend,0.00,0.48,false
2026-09-04,NEM,128.09,5634325,60.49,63.00,112.20,137.41,113.10,135.29,-37.00,74,HeadAndShoulders|AscendingScallop,177.60,HOLD,4.54,121.28,141.70,121.28,130.36,9.76,12.20,-2.44,124.80,122.85,107.15,108.50,0.69,uptrend,0.00,0.61,true
2026-09-04,NKE,38.40,20178773,40.06,13.27,37.48,42.17,37.95,42.23,-86.73,74,BearishFlag|DescendingScallop,214.54,SELL,1.09,40.04,35.12,40.04,37.85,-1.13,-1.08,-0.05,39.83,39.72,41.51,51.42,0.73,downtrend,0.00,0.08,false
2026-09-04,NOW,141.26,12294794,61.04,73.74,114.15,149.07,117.59,149.60,-26.26,74,ThreeRisingValleys|AscendingScallop,416.80,HOLD,6.81,131.04,161.70,131.04,144.67,8.11,7.35,0.76,131.61,132.24,117.02,118.58,0.70,uptrend,0.00,0.42,false
2026-09-04,NSC,329.46,627545,39.78,14.23,324.59,357.00,325.06,355.99,-85.77,74,DoubleTop|HeadAndShoulders,218.03,SELL,6.64,339.43,309.53,339.43,326.14,2.53,3.43,-0.90,340.80,339.04,335.16,308.94,0.54,uptrend,0.00,0.28,false
2026-09-04,NTAP,185.59,2247242,49.06,52.36,177.29,209.29,161.00,209.06,-47.64,74,ThreeDescendingPeaks|DescendingScallop,56.00,HOLD,8.56,172.75,211.27,172.75,189.87,-4.15,3.63,-7.78,193.29,187.70,178.70,130.62,0.87,uptrend,0.00,0.63,true
2026-09-04,NUE,261.07,775974,55.52,67.82,236.36,280.27,238.62,277.60,-32.18,74,DoubleBottom|ThreeRisingValleys|DescendingScallop,267.64,HOLD,8.43,248.42,286.36,248.42,265.29,-8.95,-5.73,-3.22,258.31,256.21,248.56,206.02,0.56,uptrend,0.67,0.75,true
2026-09-04,NVDA,230.36,132204717,60.39,84.01,208.12,232.04,207.25,234.76,-15.99,74,,312.09,BUY,7.38,219.29,252.50,219.29,234.05,0.56,3.67,-3.11,220.08,219.30,210.57,196.68,1.03,uptrend,0.83,0.72,true
2026-09-04,NXPI,227.84,2903004,43.90,73.36,218.90,236.48,217.30,242.49,-26.64,74,DescendingScallop,78.90,HOLD,7.26,216.95,249.60,216.95,231.46,-4.02,-7.23,3.21,227.69,230.01,250.27,243.70,1.00,downtrend,0.00,0.08,false
2026-09-04,ODFL,185.87,2389705,27.11,19.34,183.56,220.58,179.34,219.74,-80.66,74,ThreeDescendingPeaks|DescendingScallop,184.20,HOLD,6.89,175.53,206.55,175.53,189.32,-8.65,-7.32,-1.33,202.07,200.34,214.62,196.55,1.45,downtrend,0.00,0.08,false
2026-09-04,ON,74.38,10318515,41.91,34.09,68.41,84.48,70.92,85.55,-65.91,74,DescendingScallop,152.32,HOLD,3.32,69.40,84.35,69.40,76.04,-3.81,-3.25,-0.56,76.45,76.33,83.53,78.35,1.45,downtrend,0.00,0.08,false
2026-09-04,ORCL,158.78,26162395,60.94,95.87,138.63,157.99,137.43,159.70,-4.13,74,DoubleBottom|IslandReversal|DoubleTop|AscendingScallop,421.36,HOLD,6.77,148.62,179.10,148.62,162.17,1.17,4.60,-3.44,148.31,147.29,139.84,168.78,1.15,downtrend,0.00,0.35,false
2026-09-04,ORLY,87.89,3790170,44.48,23.39,86.36,93.32,86.40,93.84,-76.61,74,DoubleBottom|ThreeDescendingPeaks|DescendingScallop,187.59,HOLD,1.98,84.91,93.84,84.91,88.88,-1.64,-0.67,-0.97,89.84,89.08,89.01,92.17,0.82,downtrend,0.00,0.08,false
2026-09-04,OTIS,71.21,2965744,46.23,39.08,69.95,73.67,70.10,74.39,-60.92,74,DoubleBottom|DescendingScallop,172.01,HOLD,1.30,69.26,75.11,69.26,71.86,-0.63,-0.59,-0.04,71.81,71.70,72.35,79.98,0.91,downtrend,0.00,0.08,false
2026-09-04,PANW,333.26,5601433,43.50,18.00,322.20,405.36,321.39,398.88,-82.00,74,HeadAndShoulders|DescendingScallop,150.93,HOLD,18.84,305.00,389.79,305.00,342.68,-9.32,4.39,-13.71,363.78,353.88,349.30,233.07,0.91,uptrend,0.00,0.63,true
2026-09-04,PEP,137.63,6075599,42.03,2.36,136.82,144.28,136.73,145.90,-97.64,74,DoubleBottom|DoubleTop|HeadAndShoulders,280.00,SELL,2.41,141.25,130.39,141.25,136.42,0.94,1.06,-0.13,140.55,140.32,139.65,148.78,0.93,downtrend,0.00,0.08,false
2026-09-04,PG,146.44,5552427,52.45,69.13,142.28,147.66,142.14,148.36,-30.87,74,DoubleBottom|DoubleTop,174.38,HOLD,2.47,142.74,153.84,142.74,147.67,0.08,-0.72,0.80,144.97,145.61,146.72,147.57,0.63,downtrend,0.00,0.27,false
2026-09-04,PHM,124.45,922395,43.67,14.88,122.87,133.32,122.90,133.32,-85.12,74,DoubleTop,177.19,HOLD,3.32,119.47,134.40,119.47,126.11,-1.62,-0.97,-0.65,128.10,127.26,128.79,125.22,0.76,downtrend,0.00,0.08,false
2026-09-04,PKG,237.25,526991,42.59,34.35,229.23,264.19,227.65,259.98,-65.65,74,DoubleTop|DescendingScallop,115.52,HOLD,6.07,228.14,255.47,228.14,240.29,-6.72,-2.50,-4.22,246.71,242.59,242.30,223.19,1.05,uptrend,0.00,0.22,false
2026-09-04,PLD,137.34,2255166,38.74,13.14,136.98,143.95,136.36,143.82,-86.86,74,DoubleBottom|DoubleTop|HeadAndShoulders,141.11,HOLD,2.21,134.03,143.96,134.03,138.44,-0.15,-0.68,0.53,140.47,140.46,142.07,137.32,0.75,uptrend,0.00,0.14,false
2026-09-04,PNR,60.21,2365298,34.26,15.73,58.59,68.16,59.15,68.50,-84.27,74,BearishFlag|InvertedCupWithHandle|ThreeDescendingPeaks|DescendingScallop,212.21,SELL,1.94,63.13,54.38,63.13,59.24,-2.68,-1.75,-0.92,63.38,62.91,67.05,85.72,0.62,downtrend,0.00,0.08,false
2026-09-04,PODD,147.48,1058427,47.89,51.08,140.30,151.73,138.28,155.17,-48.92,74,DoubleBottom|AscendingScallop|DiamondBottom,294.86,HOLD,5.99,138.50,165.44,138.50,150.47,-0.98,-4.32,3.35,146.01,148.10,154.32,210.20,0.66,downtrend,0.00,0.20,false
2026-09-04,PPG,112.53,1153249,46.96,48.18,110.29,116.38,109.09,119.06,-51.82,74,HeadAndShoulders|DescendingScallop,107.34,HOLD,2.84,108.27,121.06,108.27,113.95,-1.42,-1.19,-0.23,113.34,113.22,115.79,111.38,0.92,uptrend,0.00,0.08,false
2026-09-04,PTC,141.02,2055645,43.03,5.24,143.34,159.48,140.00,159.46,-94.76,74,HeadAndShoulders,191.00,HOLD,5.32,133.05,156.97,133.05,143.68,3.22,6.58,-3.37,151.41,148.70,136.51,148.72,1.80,downtrend,0.00,0.08,false
2026-09-04,PWR,624.41,639404,45.37,25.96,574.61,715.51,593.70,724.80,-74.04,74,InvertedCupWithHandle|DescendingScallop,127.96,HOLD,24.37,587.85,697.53,587.85,636.60,-32.70,-8.62,-24.08,645.06,634.29,652.18,587.86,0.60,uptrend,0.00,0.20,false
2026-09-04,QCOM,168.74,8495424,53.08,82.57,157.34,170.70,156.23,171.38,-17.43,74,DoubleBottom|DoubleTop,277.15,HOLD,6.00,159.73,186.75,159.73,171.74,2.19,1.29,0.90,164.02,165.60,169.31,167.83,0.93,sideways,0.00,0.27,false
2026-09-04,RDDT,154.46,2782512,47.14,45.66,142.56,169.55,143.47,184.28,-54.34,74,DoubleBottom|ThreeDescendingPeaks|DescendingScallop,154.22,HOLD,9.17,140.70,181.98,140.70,159.05,-2.04,-3.29,1.24,156.05,156.64,170.01,174.54,0.40,downtrend,0.00,0.20,false
2026-09-04,REGN,827.72,535178,60.46,60.60,784.04,851.47,775.83,859.34,-39.40,74,DoubleBottom|DoubleTop,198.19,HOLD,20.45,797.04,889.07,797.04,837.95,17.54,34.01,-16.47,817.75,807.76,737.86,732.17,0.78,uptrend,0.00,0.55,false
2026-09-04,RL,351.20,682848,39.24,31.78,329.17,408.75,335.21,407.79,-68.22,74,ThreeDescendingPeaks|DescendingScallop,156.91,HOLD,11.06,334.61,384.39,334.61,356.73,-17.15,-9.50,-7.64,368.96,362.23,378.95,366.22,1.13,downtrend,0.00,0.08,false
2026-09-04,RMD,228.35,837607,53.24,37.36,217.78,241.59,210.58,242.40,-62.64,74,AscendingScallop,116.96,HOLD,6.65,218.37,248.30,218.37,231.68,6.38,8.02,-1.64,229.69,228.40,215.28,228.39,0.61,downtrend,0.00,0.08,false
2026-09-04,ROK,433.81,506909,46.63,64.73,417.38,451.89,415.64,454.69,-35.27,74,,140.07,HOLD,10.68,417.80,465.84,417.80,439.15,-10.30,-11.60,1.30,434.63,435.22,453.81,420.54,0.76,uptrend,0.00,0.34,false
2026-09-04,ROL,35.86,5236296,36.01,24.60,35.47,37.26,35.25,37.73,-75.40,74,DoubleBottom|DoubleTop|HeadAndShoulders,158.64,HOLD,0.93,34.47,38.65,34.47,36.32,-0.38,-0.76,0.38,36.36,36.73,39.51,52.27,1.18,downtrend,0.00,0.08,false
2026-09-04,ROP,407.28,616761,52.46,37.27,388.18,430.65,387.82,429.60,-62.73,74,,131.50,HOLD,10.99,390.79,440.26,390.79,412.78,10.67,9.64,1.03,409.42,408.83,384.07,376.10,0.93,uptrend,0.00,0.23,false
2026-09-04,ROST,230.69,1381559,42.05,31.97,221.46,253.33,224.50,256.45,-68.03,74,DoubleBottom|DescendingScallop,139.44,HOLD,5.68,222.17,247.72,222.17,233.53,-7.96,-7.10,-0.86,237.40,235.42,234.51,212.62,0.49,uptrend,0.00,0.08,false
2026-09-04,RSG,222.71,1545428,56.90,69.73,212.60,226.35,212.22,225.74,-30.27,74,DoubleTop|AscendingScallop,274.79,HOLD,3.94,216.79,234.54,216.79,224.68,4.61,3.63,0.98,219.47,220.07,217.55,215.01,1.07,uptrend,0.00,0.42,false
2026-09-04,RVTY,130.22,1167592,67.49,85.60,111.64,134.56,112.68,133.00,-14.40,74,ThreeRisingValleys|AscendingScallop,464.81,HOLD,3.80,124.52,141.63,124.52,132.12,6.42,4.91,1.51,123.10,124.07,116.40,102.36,0.76,uptrend,0.83,0.75,true
2026-09-04,SHW,333.71,977714,41.46,20.38,326.86,368.36,327.78,368.32,-79.62,74,DescendingScallop,177.89,HOLD,7.81,322.00,357.13,322.00,337.61,-9.17,-2.82,-6.35,347.61,342.72,343.01,334.16,0.63,downtrend,0.00,0.08,false
2026-09-04,SLB,57.51,7587531,62.17,65.21,50.50,59.19,50.67,60.46,-34.79,74,AscendingScallop,325.07,HOLD,1.89,54.68,63.17,54.68,58.45,2.12,1.93,0.19,54.84,55.00,50.79,49.06,0.66,uptrend,0.00,0.47,false
2026-09-04,SMCI,39.59,53308923,62.66,80.65,32.78,41.29,30.92,42.31,-19.35,74,AscendingScallop,348.49,HOLD,2.36,36.04,46.68,36.04,40.77,2.00,3.32,-1.32,37.03,36.31,31.71,31.37,0.97,uptrend,0.00,0.35,false
2026-09-04,SNDK,1740.00,16217211,61.24,100.00,1268.77,1790.81,1194.01,1827.99,0.00,74,AscendingScallop,382.39,BUY,129.90,1545.15,2129.70,1545.15,1804.95,74.41,120.76,-46.35,1529.79,1534.87,1550.25,1003.97,1.22,uptrend,0.83,0.83,true
2026-09-04,SNPS,393.84,2934108,42.59,15.96,380.28,448.13,380.33,464.98,-84.04,74,,199.10,HOLD,17.05,368.27,444.98,368.27,402.36,5.21,8.52,-3.31,414.21,414.03,412.61,447.19,1.67,downtrend,0.00,0.08,false
2026-09-04,STE,224.59,468166,40.21,16.69,226.08,241.69,221.43,241.39,-83.31,74,DoubleTop|HeadAndShoulders,199.54,HOLD,5.63,216.15,241.48,216.15,227.40,-0.63,1.78,-2.42,233.89,231.24,225.32,232.88,0.79,downtrend,0.00,0.08,false
2026-09-04,STLD,242.06,1150322,49.50,61.33,215.53,271.24,218.02,271.00,-38.67,74,DescendingScallop|MeasuredMoveUp,124.96,HOLD,8.96,228.62,268.93,228.62,246.54,-12.65,-10.53,-2.12,243.38,241.70,241.96,210.31,0.97,uptrend,0.00,0.61,true
2026-09-04,STX,849.28,2544115,50.64,43.37,745.12,961.57,763.52,1013.99,-56.63,74,ThreeDescendingPeaks,107.79,HOLD,55.68,765.76,1016.32,765.76,877.12,-21.66,5.71,-27.37,853.35,840.49,853.52,593.42,0.70,uptrend,0.00,0.63,true
2026-09-04,SWKS,74.02,4795307,67.73,93.36,64.35,72.54,63.06,74.80,-6.64,74,MeasuredMoveUp,397.17,BUY,3.09,69.38,83.30,69.38,75.57,0.42,1.08,-0.66,68.44,68.25,64.88,63.89,0.87,uptrend,0.83,0.64,true
2026-09-04,SYK,303.13,2349116,34.06,1.50,304.97,353.74,302.51,349.77,-98.50,74,ThreeDescendingPeaks|DescendingScallop,216.00,SELL,9.85,317.91,273.57,317.91,298.20,-9.02,-4.89,-4.13,329.35,324.21,328.91,338.45,1.05,downtrend,0.00,0.08,false
2026-09-04,TECH,72.43,1856146,64.92,65.91,72.10,72.53,72.00,72.62,-34.09,74,DoubleBottom|DoubleTop,244.80,BUY,0.30,71.98,73.33,71.98,72.58,0.09,0.15,-0.06,72.32,72.17,71.85,61.00,0.77,uptrend,0.83,0.82,true
2026-09-04,TEL,208.65,2018902,52.14,65.21,196.17,219.45,199.28,221.98,-34.79,74,DoubleBottom|DescendingScallop,132.95,HOLD,6.15,199.43,227.09,199.43,211.72,-4.62,-3.08,-1.55,207.81,206.71,205.58,216.22,1.04,downtrend,0.00,0.28,false
2026-09-04,TER,357.03,2223968,46.88,31.42,319.94,430.73,326.00,444.17,-68.58,74,ThreeDescendingPeaks|DescendingScallop,121.36,HOLD,22.83,322.78,425.53,322.78,368.45,-18.25,1.49,-19.73,375.33,364.43,371.93,316.29,0.96,uptrend,0.00,0.30,false
2026-09-04,TGT,164.44,2820327,63.23,74.29,148.79,170.95,146.21,170.75,-25.71,74,BearishFlag|HeadAndShoulders|AscendingScallop,179.27,HOLD,4.38,157.87,177.59,157.87,166.63,6.82,7.07,-0.26,159.87,159.36,147.04,122.50,0.58,uptrend,0.00,0.75,true
2026-09-04,TJX,132.08,6853739,22.28,8.29,124.70,160.27,130.15,160.85,-91.71,74,ThreeDescendingPeaks|DescendingScallop,216.00,SELL,2.87,136.38,123.47,136.38,130.65,-10.50,-8.49,-2.01,142.48,140.66,150.05,154.72,0.92,downtrend,0.00,0.08,false
2026-09-04,TMO,613.78,1216225,57.43,46.54,581.75,642.11,580.00,647.00,-53.46,74,DoubleTop|HeadAndShoulders|AscendingScallop,61.77,HOLD,15.98,589.80,661.73,589.80,621.77,17.57,18.75,-1.18,611.93,607.36,570.73,536.07,0.76,uptrend,0.00,0.75,true
2026-09-04,TPL,362.42,267214,43.85,13.01,346.24,384.41,335.10,396.78,-86.99,74,ThreeDescendingPeaks|AscendingScallop,124.70,HOLD,14.52,340.64,405.97,340.64,369.68,1.48,-5.78,7.26,365.33,370.54,387.92,391.59,0.73,downtrend,0.00,0.08,false
2026-09-04,TPR,122.14,2471055,32.07,12.17,107.87,156.54,120.31,164.80,-87.83,74,ThreeDescendingPeaks|DescendingScallop,191.00,HOLD,4.29,115.70,135.02,115.70,124.29,-11.92,-11.80,-0.11,132.20,130.85,140.77,138.35,0.64,downtrend,0.00,0.08,false
2026-09-04,TRMB,59.47,2681227,54.17,57.90,55.96,62.01,54.71,62.00,-42.10,74,DoubleTop|HeadAndShoulders,65.00,HOLD,1.92,56.59,65.22,56.59,60.43,1.12,0.97,0.15,58.98,58.98,56.06,64.81,0.66,downtrend,0.00,0.20,false
2026-09-04,TSCO,34.99,6566140,56.73,44.28,34.08,36.22,33.77,36.89,-55.72,74,DoubleBottom|HeadAndShoulders,124.53,HOLD,1.06,33.40,38.17,33.40,35.52,0.33,1.13,-0.80,35.15,34.58,32.75,41.88,0.65,downtrend,0.00,0.08,false
2026-09-04,TSLA,354.08,64559388,50.93,43.39,324.27,372.60,323.64,384.04,-56.61,74,ThreeRisingValleys|AscendingScallop,243.12,HOLD,15.27,331.18,399.88,331.18,361.71,13.40,13.98,-0.58,348.44,351.83,357.95,399.56,1.70,downtrend,0.00,0.28,false
2026-09-04,TT,447.90,961473,42.45,37.53,431.13,487.63,434.00,493.71,-62.47,74,ThreeDescendingPeaks|DescendingScallop,128.38,HOLD,10.83,431.66,480.38,431.66,453.31,-12.66,-7.03,-5.62,459.38,455.41,468.42,444.39,1.08,uptrend,0.00,0.20,false
2026-09-04,TTD,14.43,24810810,46.48,63.76,12.63,14.79,12.83,15.26,-36.24,74,DoubleBottom|AscendingScallop,304.89,HOLD,0.80,13.22,16.84,13.22,14.83,-0.91,-1.70,0.80,13.71,14.43,16.58,25.03,1.14,downtrend,0.00,0.28,false
2026-09-04,TXN,258.44,4231822,41.49,33.41,247.63,285.48,248.13,289.62,-66.59,74,ThreeDescendingPeaks|DescendingScallop,123.93,HOLD,8.81,245.22,284.87,245.22,262.85,-9.53,-6.85,-2.68,266.55,265.06,280.03,239.38,0.79,uptrend,0.00,0.30,false
2026-09-04,TYL,364.03,629357,59.51,55.55,307.14,391.70,308.00,393.53,-44.45,74,ThreeRisingValleys|AscendingScallop,325.17,HOLD,13.96,343.10,405.90,343.10,371.01,24.25,18.74,5.51,349.42,353.11,325.26,357.57,0.65,uptrend,0.00,0.20,false
2026-09-04,UBER,75.76,14114922,50.07,21.32,73.79,80.39,73.97,82.36,-78.68,74,DoubleBottom|HeadAndShoulders,158.92,HOLD,2.54,71.95,83.38,71.95,77.03,1.78,2.76,-0.98,77.09,76.17,74.09,76.32,0.91,sideways,0.00,0.08,false
2026-09-04,ULTA,564.12,515781,63.24,93.97,498.25,567.27,493.11,568.44,-6.03,74,DoubleBottom|DoubleTop|ThreeRisingValleys|AscendingScallop,473.73,HOLD,18.64,536.16,620.04,536.16,573.44,4.87,2.42,2.45,532.76,534.94,505.67,556.30,0.71,uptrend,0.00,0.27,false
2026-09-04,UNP,289.62,1273934,39.94,13.81,284.50,314.27,285.69,314.15,-86.19,74,DoubleBottom|DoubleTop|HeadAndShoulders,219.21,SELL,6.25,299.00,270.86,299.00,286.49,3.28,4.32,-1.04,299.39,297.63,293.58,260.28,0.54,uptrend,0.00,0.34,false
2026-09-04,UPS,102.29,3104496,41.17,16.46,101.14,106.33,101.34,107.11,-83.54,74,DoubleBottom|DoubleTop|HeadAndShoulders,156.68,HOLD,2.16,99.05,108.77,99.05,103.37,-0.51,-1.40,0.90,103.74,104.30,107.72,104.89,0.74,downtrend,0.00,0.14,false
2026-09-04,URI,1009.86,316092,38.25,22.35,963.56,1191.51,967.58,1176.44,-77.65,74,ThreeDescendingPeaks|DescendingScallop,136.98,HOLD,30.65,963.88,1101.81,963.88,1025.19,-52.71,-23.07,-29.64,1077.53,1055.73,1087.67,927.37,0.76,uptrend,0.00,0.48,false
2026-09-04,VLTO,96.31,1341302,47.27,12.66,95.78,100.11,95.63,101.00,-87.34,74,DoubleBottom|DoubleTop,133.45,HOLD,2.07,93.20,102.53,93.20,97.35,0.64,1.05,-0.41,97.94,97.45,95.15,93.43,0.92,uptrend,0.00,0.28,false
2026-09-04,VMC,262.63,1067956,38.71,22.73,258.69,288.71,257.17,289.37,-77.27,74,DescendingScallop,196.29,HOLD,7.45,251.46,284.97,251.46,266.35,-5.98,-3.97,-2.01,273.70,271.89,282.43,288.39,1.22,downtrend,0.00,0.08,false
2026-09-04,VRSN,292.08,494479,56.25,71.70,272.84,300.44,271.10,300.36,-28.30,74,DoubleTop|ThreeRisingValleys,281.26,HOLD,7.83,280.34,315.57,280.34,295.99,1.06,-1.29,2.36,286.64,287.82,279.02,261.74,0.72,uptrend,0.00,0.35,false
2026-09-04,VRT,280.53,3302822,54.88,96.54,244.21,295.33,248.75,300.30,-3.46,74,DoubleBottom,280.54,HOLD,14.06,259.45,322.70,259.45,287.56,-6.70,-1.37,-5.33,269.77,268.23,282.70,257.40,0.83,uptrend,0.00,0.40,false
2026-09-04,VRTX,546.12,801784,59.36,67.07,509.55,568.00,502.29,560.25,-32.93,74,DoubleTop|AscendingScallop,225.93,HOLD,13.04,526.56,585.24,526.56,552.64,22.54,25.34,-2.80,538.78,536.11,508.76,466.15,0.72,uptrend,0.83,0.61,true
2026-09-04,WAB,282.86,444067,42.56,28.61,279.10,306.50,274.83,304.36,-71.39,74,DoubleTop,119.77,HOLD,6.41,273.25,302.08,273.25,286.06,-2.99,-0.76,-2.23,292.80,289.33,283.42,254.23,0.52,uptrend,0.00,0.48,false
2026-09-04,WAT,409.38,352077,53.59,44.28,403.14,420.84,396.00,426.22,-55.72,74,DoubleBottom|DoubleTop|HeadAndShoulders,65.73,HOLD,12.42,390.75,446.64,390.75,415.59,4.71,9.51,-4.79,411.99,408.14,391.71,360.77,0.53,uptrend,0.00,0.63,true
2026-09-04,WDAY,195.79,2848585,56.13,32.55,179.53,211.02,173.17,227.49,-67.45,74,AscendingScallop,191.48,HOLD,10.23,180.44,226.48,180.44,200.91,8.95,14.16,-5.22,195.27,191.81,165.79,160.18,0.57,uptrend,0.00,0.57,true
2026-09-04,WELL,236.17,2008105,48.29,27.84,229.41,244.32,224.97,243.04,-72.16,74,DoubleTop|HeadAndShoulders,65.00,HOLD,4.90,228.82,250.86,228.82,238.62,2.72,0.59,2.14,236.86,237.87,237.11,210.91,0.75,uptrend,0.00,0.48,false
2026-09-04,WM,218.99,2416926,40.19,21.85,217.01,228.58,216.27,228.98,-78.15,74,DoubleTop,142.70,HOLD,3.94,213.08,230.82,213.08,220.96,-2.44,-3.15,0.71,222.79,222.68,228.33,225.22,1.21,downtrend,0.00,0.08,false
2026-09-04,WSM,227.42,1030301,42.85,28.30,220.01,253.35,218.60,254.89,-71.70,74,DescendingScallop,125.47,HOLD,7.94,215.51,251.24,215.51,231.39,-6.80,-2.12,-4.68,236.68,232.79,232.78,204.37,0.93,uptrend,0.00,0.49,false
2026-09-04,WST,339.97,337806,43.01,18.00,336.94,357.52,335.51,360.29,-82.00,74,DoubleTop|ThreeDescendingPeaks|DescendingScallop,143.34,HOLD,7.39,328.88,362.15,328.88,343.67,-1.93,1.02,-2.95,347.23,345.41,350.12,293.73,0.76,uptrend,0.00,0.63,true
2026-09-04,WY,23.02,3858564,34.91,12.56,22.76,25.45,22.74,25.54,-87.44,74,InvertedCupWithHandle|DescendingScallop,216.00,SELL,0.55,23.84,21.37,23.84,22.75,-0.65,-0.38,-0.26,24.10,23.89,24.14,24.27,0.83,downtrend,0.00,0.08,false
2026-09-04,XOM,159.47,15942898,50.99,31.16,155.61,167.24,154.45,168.64,-68.84,74,DoubleBottom|DoubleTop,96.49,HOLD,3.40,154.37,169.67,154.37,161.17,1.84,3.03,-1.18,161.42,160.09,152.96,144.74,1.14,uptrend,0.00,0.08,false
2026-09-04,XYL,105.69,2424569,29.91,1.90,103.89,124.36,105.47,124.00,-98.10,74,ThreeDescendingPeaks|DescendingScallop,216.00,SELL,2.80,109.88,97.30,109.88,104.29,-4.83,-3.37,-1.46,114.12,112.58,117.53,124.25,1.43,downtrend,0.00,0.08,false
2026-09-04,ZBRA,362.74,401430,60.70,70.36,343.53,385.10,341.97,386.23,-29.64,74,ThreeDescendingPeaks|DescendingScallop,61.22,HOLD,11.87,344.94,398.35,344.94,368.67,-1.39,15.65,-17.04,364.32,352.46,314.84,257.24,0.68,uptrend,0.00,0.63,true
2026-09-04,A,150.86,1825400,54.02,20.19,145.45,158.79,145.45,163.75,-79.81,73,DoubleBottom|DoubleTop,90.74,HOLD,4.51,144.10,164.38,144.10,153.11,4.27,5.74,-1.46,152.12,150.50,142.33,131.59,0.79,uptrend,0.00,0.63,true
2026-09-04,AAPL,319.97,39551800,53.89,56.76,298.60,327.68,300.57,330.81,-43.24,73,ThreeRisingValleys|AscendingScallop,350.05,HOLD,7.64,308.51,342.89,308.51,323.79,4.62,-1.75,6.37,313.14,316.91,315.15,283.87,1.00,uptrend,0.00,0.42,false
2026-09-04,ABBV,256.46,4728800,50.20,28.21,245.57,269.51,244.03,266.97,-71.79,73,DoubleTop|AscendingScallop,119.05,HOLD,5.70,247.91,273.55,247.91,259.31,5.83,4.55,1.28,257.54,257.63,254.48,228.34,1.11,uptrend,0.00,0.29,false
2026-09-04,ABT,108.33,7029300,47.28,9.72,106.68,117.10,107.36,117.34,-90.28,73,DoubleBottom|DoubleTop|HeadAndShoulders,166.00,HOLD,2.81,104.11,116.77,104.11,109.74,1.71,3.14,-1.44,111.89,110.31,104.37,106.31,0.94,uptrend,0.00,0.15,false
2026-09-04,ACN,186.72,5103400,58.99,65.45,171.51,194.84,169.75,195.32,-34.55,73,ThreeRisingValleys|AscendingScallop,314.10,HOLD,6.84,176.45,207.25,176.45,190.14,6.86,7.62,-0.75,183.17,182.03,161.71,202.90,1.00,downtrend,0.00,0.28,false
2026-09-04,ADBE,266.51,6637100,48.86,22.89,252.94,295.30,251.20,294.53,-77.11,73,,194.93,HOLD,11.21,249.70,300.14,249.70,272.11,9.99,10.40,-0.41,274.12,273.03,248.85,267.93,1.54,downtrend,0.00,0.08,false
2026-09-04,ADI,362.25,3559800,42.77,37.60,350.99,394.19,348.00,396.95,-62.40,73,ThreeDescendingPeaks|DescendingScallop,116.51,HOLD,11.32,345.27,396.21,345.27,367.91,-7.70,-1.64,-6.06,372.59,368.76,377.37,348.30,0.99,uptrend,0.00,0.08,false
2026-09-04,ADM,84.61,2362900,59.98,85.37,77.38,85.23,75.86,86.11,-14.63,73,DoubleBottom,386.10,HOLD,2.61,80.69,92.44,80.69,85.92,1.11,0.33,0.79,81.30,81.83,80.97,72.12,0.67,uptrend,0.83,0.69,true
2026-09-04,ADSK,217.90,3956100,35.30,3.06,229.75,270.88,216.20,271.72,-96.94,73,HeadAndShoulders,216.00,SELL,10.93,234.30,185.10,234.30,212.43,2.14,6.79,-4.65,250.32,245.00,230.67,247.00,1.95,downtrend,0.00,0.08,false
2026-09-04,AKAM,105.22,1758400,39.65,12.57,98.80,126.09,102.55,127.04,-87.43,73,ThreeDescendingPeaks|DescendingScallop,188.44,HOLD,4.70,98.18,119.31,98.18,107.57,-6.17,-3.01,-3.16,112.45,110.69,115.97,109.58,0.59,downtrend,0.00,0.08,false
2026-09-04,ALB,126.28,3239400,42.08,17.72,126.18,142.12,122.45,144.06,-82.28,73,DoubleTop,194.12,HOLD,5.87,117.48,143.89,117.48,129.21,4.17,6.77,-2.59,134.15,132.76,127.98,156.58,1.60,downtrend,0.00,0.08,false
2026-09-04,ALGN,158.64,990500,41.76,23.67,149.33,179.81,153.98,182.20,-76.33,73,DescendingScallop,172.55,HOLD,5.90,149.79,176.35,149.79,161.59,-7.26,-5.31,-1.95,164.57,163.06,171.39,170.55,1.23,downtrend,0.00,0.08,false
2026-09-04,ALLE,157.12,746300,49.27,38.25,152.19,169.34,151.23,169.43,-61.75,73,DescendingScallop,85.98,HOLD,3.97,151.17,169.02,151.17,159.10,-3.48,-0.97,-2.51,160.77,158.18,152.71,151.09,0.54,uptrend,0.00,0.42,false
2026-09-04,AMAT,454.71,6009400,39.68,31.51,423.24,555.68,426.13,563.76,-68.49,73,ThreeDescendingPeaks|DescendingScallop,135.50,HOLD,23.77,419.06,526.01,419.06,466.59,-31.41,-16.24,-15.17,489.46,480.89,533.72,407.06,0.81,uptrend,0.00,0.50,false
2026-09-04,AMD,477.57,19651900,49.67,72.25,445.94,504.46,440.50,517.35,-27.75,73,ThreeDescendingPeaks,94.52,HOLD,22.51,443.81,545.10,443.81,488.82,-9.81,-5.67,-4.14,475.20,474.91,499.27,341.00,1.12,uptrend,0.00,0.83,true
2026-09-04,ANET,193.78,4204100,53.25,50.32,180.99,208.03,181.27,211.45,-49.68,73,DoubleBottom|HeadAndShoulders,105.68,HOLD,8.28,181.36,218.62,181.36,197.92,-1.03,3.95,-4.99,194.51,191.43,182.93,151.94,0.74,uptrend,0.00,0.63,true
2026-09-04,AOS,60.48,1312000,46.94,36.44,58.69,64.55,58.41,64.09,-63.56,73,DoubleTop,154.05,HOLD,1.60,58.08,65.28,58.08,61.28,-0.71,-0.15,-0.57,61.62,61.09,61.32,65.20,1.06,downtrend,0.00,0.08,false
2026-09-04,APD,301.27,675600,47.69,21.27,299.84,311.04,297.85,313.93,-78.73,73,DoubleBottom|DoubleTop,109.07,HOLD,6.32,291.79,320.23,291.79,304.43,2.00,3.12,-1.12,305.44,304.18,300.18,282.51,0.73,uptrend,0.00,0.22,false
2026-09-04,AVGO,357.90,32773600,38.05,35.83,333.71,422.93,342.33,432.73,-64.17,73,ThreeDescendingPeaks|DescendingScallop,170.53,HOLD,13.03,338.36,396.98,338.36,364.41,-22.02,-16.12,-5.91,378.32,373.55,383.66,369.83,1.40,downtrend,0.00,0.08,false
2026-09-04,AVY,175.06,774400,49.76,32.39,171.88,185.49,169.93,185.77,-67.61,73,DoubleBottom|DoubleTop,110.94,HOLD,4.87,167.75,189.68,167.75,177.50,0.65,3.59,-2.94,178.68,176.14,170.08,173.09,0.73,uptrend,0.00,0.08,false
2026-09-04,AZO,2983.29,402000,47.43,31.09,2915.89,3092.53,2903.57,3160.00,-68.91,73,DoubleBottom|ThreeDescendingPeaks|DescendingScallop,163.15,HOLD,72.79,2874.10,3201.67,2874.10,3019.69,-40.27,-24.64,-15.63,3004.21,2996.05,3036.33,3381.45,1.51,downtrend,0.00,0.08,false
2026-09-04,BBY,90.27,3954700,60.32,96.10,80.39,90.39,76.70,90.82,-3.90,73,DoubleTop,265.02,HOLD,3.45,85.09,100.63,85.09,92.00,0.36,0.20,0.17,85.39,85.45,84.02,71.47,0.97,uptrend,0.83,0.82,true
2026-09-04,BDX,184.74,1439100,57.49,32.55,179.00,193.35,175.63,193.07,-67.45,73,DoubleTop|HeadAndShoulders|AscendingScallop,56.00,HOLD,4.13,178.55,197.12,178.55,186.80,5.74,8.27,-2.52,186.18,183.99,170.00,159.80,0.88,uptrend,0.00,0.35,false
2026-09-04,BIIB,220.83,465100,57.98,68.52,204.24,227.30,201.00,225.80,-31.48,73,DoubleTop|AscendingScallop,261.96,HOLD,5.88,212.01,238.47,212.01,223.77,5.87,5.60,0.27,215.77,216.38,209.53,191.05,0.65,uptrend,0.00,0.55,false
2026-09-04,BKNG,193.29,6320100,41.92,4.38,193.34,220.25,192.19,217.32,-95.62,73,DoubleTop,166.00,HOLD,6.39,183.71,212.45,183.71,196.48,-1.69,3.75,-5.44,206.80,201.93,194.25,185.84,1.31,uptrend,0.00,0.22,false
2026-09-04,BLDR,65.79,2439800,42.24,32.43,62.31,75.88,62.31,75.50,-67.57,73,DescendingScallop,171.15,HOLD,3.12,61.11,75.16,61.11,67.35,-2.81,-1.45,-1.36,69.10,68.23,73.15,90.12,1.29,downtrend,0.00,0.08,false
2026-09-04,BSX,47.80,15502400,47.71,26.43,46.03,53.00,46.09,52.99,-73.57,73,InvertedCupWithHandle|ThreeDescendingPeaks|DescendingScallop,149.12,HOLD,1.80,45.10,53.20,45.10,48.70,-0.95,0.66,-1.61,49.51,48.42,46.89,66.76,0.81,downtrend,0.00,0.08,false
2026-09-04,CAH,247.18,1548300,64.97,90.24,226.28,247.23,227.68,258.30,-9.76,73,DoubleBottom,383.20,HOLD,5.24,239.32,262.90,239.32,249.80,1.19,0.81,0.38,236.75,237.80,234.23,215.76,0.91,uptrend,0.00,0.55,false
2026-09-04,CARR,59.71,4349200,42.57,54.79,56.34,64.53,56.44,64.73,-45.21,73,ThreeDescendingPeaks|DescendingScallop,123.92,HOLD,1.62,57.28,64.56,57.28,60.52,-2.32,-2.00,-0.32,60.43,60.35,64.73,61.39,0.85,downtrend,0.00,0.08,false
2026-09-04,CDNS,292.70,4224500,31.05,8.02,296.43,348.09,287.90,347.72,-91.98,73,DoubleTop|HeadAndShoulders,175.00,HOLD,12.51,273.93,330.23,273.93,298.96,-4.44,-5.32,0.89,322.26,322.93,341.64,327.13,1.88,downtrend,0.00,0.08,false
2026-09-04,CDW,152.38,1291200,60.62,79.37,128.12,155.66,130.56,158.05,-20.63,73,DoubleBottom,376.45,HOLD,6.65,142.41,172.32,142.41,155.70,2.52,-0.50,3.02,141.89,144.53,139.95,131.77,0.80,uptrend,0.00,0.49,false
2026-09-04,CEG,298.96,2896300,66.71,97.79,264.84,292.49,264.82,299.73,-2.21,73,DoubleBottom|AscendingScallop,538.17,HOLD,10.14,283.74,329.39,283.74,304.03,4.57,4.21,0.36,278.66,278.92,266.42,296.36,1.18,uptrend,0.00,0.54,false
2026-09-04,CF,133.35,2662100,60.59,64.55,112.24,139.39,113.81,141.27,-35.45,73,ThreeRisingValleys|AscendingScallop,404.52,HOLD,5.33,125.36,149.34,125.36,136.01,6.36,2.70,3.66,125.81,127.85,121.19,108.08,1.01,uptrend,0.83,0.69,true
2026-09-04,CHD,98.55,1340300,43.92,32.76,96.83,104.12,96.27,103.66,-67.24,73,DoubleBottom|FallingWedge|DoubleTop|HeadAndShoulders,113.55,HOLD,2.07,95.44,104.77,95.44,99.59,-0.54,-0.22,-0.32,100.48,100.08,99.28,94.92,0.81,uptrend,0.00,0.08,false
2026-09-04,CHRW,147.64,1116200,41.82,53.29,141.09,152.34,141.24,153.25,-46.71,73,DoubleBottom|DoubleTop|HeadAndShoulders,90.00,HOLD,4.75,140.51,161.90,140.51,150.02,-0.58,-5.22,4.65,146.71,150.13,168.19,172.72,0.90,downtrend,0.00,0.20,false
2026-09-04,CIEN,321.00,3340000,33.92,8.09,322.69,456.80,311.60,462.69,-91.91,73,ThreeDescendingPeaks|DescendingScallop,191.00,HOLD,26.28,281.58,399.83,281.58,334.14,-20.10,0.07,-20.17,389.75,377.97,404.74,377.16,1.41,downtrend,0.00,0.08,false
2026-09-04,CL,88.77,4100600,40.16,2.58,88.71,93.49,88.66,93.88,-97.42,73,DoubleBottom|DoubleTop|DescendingScallop,166.00,HOLD,1.78,86.10,94.11,86.10,89.66,-0.79,-0.56,-0.23,91.10,90.81,91.83,87.72,1.03,uptrend,0.00,0.08,false
2026-09-04,CLX,93.06,2216100,30.09,2.56,93.09,113.20,92.63,109.42,-97.44,73,FallingWedge|DoubleTop,216.00,SELL,2.90,97.42,84.35,97.42,91.61,-2.20,1.06,-3.27,103.14,100.38,99.86,103.17,0.77,downtrend,0.00,0.08,false
2026-09-04,CMI,560.75,1059400,34.19,20.11,527.02,658.34,542.70,653.00,-79.89,73,ThreeDescendingPeaks|DescendingScallop,172.97,HOLD,17.80,534.05,614.14,534.05,569.65,-36.38,-26.17,-10.21,592.68,586.18,632.75,600.06,1.17,downtrend,0.00,0.08,false
2026-09-04,COHR,281.86,5035800,46.03,35.87,246.21,352.24,255.25,386.50,-64.13,73,ThreeDescendingPeaks|DescendingScallop,136.89,HOLD,23.10,247.22,351.15,247.22,293.41,-22.47,-5.10,-17.37,299.22,290.60,307.12,276.44,0.73,uptrend,0.00,0.08,false
2026-09-04,COO,69.59,1957000,37.26,5.65,68.08,79.48,69.08,78.11,-94.35,73,DoubleTop|InvertedCupWithHandle|ThreeDescendingPeaks|DescendingScallop,216.00,SELL,1.55,71.92,64.94,71.92,68.81,-1.70,0.07,-1.78,73.78,72.31,72.65,73.38,1.19,downtrend,0.00,0.08,false
2026-09-04,COP,134.26,5496100,62.76,66.45,122.89,138.78,119.17,137.42,-33.55,73,DoubleTop|ThreeRisingValleys|AscendingScallop,325.51,HOLD,3.03,129.71,143.36,129.71,135.78,5.61,6.03,-0.42,130.84,130.30,120.17,112.74,0.84,uptrend,0.00,0.47,false
2026-09-04,COR,330.95,1027600,59.10,70.93,306.75,338.99,302.01,338.71,-29.07,73,DoubleTop,191.77,HOLD,7.51,319.69,353.48,319.69,334.70,5.23,2.99,2.24,322.87,323.72,312.10,321.92,0.83,uptrend,0.00,0.20,false
2026-09-04,CPRT,33.72,6588900,64.09,75.60,28.97,35.44,28.68,34.63,-24.40,73,DoubleTop|AscendingScallop,232.60,HOLD,1.07,32.12,36.93,32.12,34.25,1.65,1.68,-0.03,32.21,32.23,30.08,34.45,0.66,downtrend,0.00,0.20,false
2026-09-04,CRH,94.26,3894500,44.66,50.75,90.50,100.69,90.21,102.28,-49.25,73,HeadAndShoulders|DescendingScallop,142.96,HOLD,2.72,90.17,102.43,90.17,95.62,-1.82,-1.91,0.08,95.59,95.44,99.76,111.48,0.91,downtrend,0.00,0.08,false
2026-09-04,CRL,288.50,738900,60.05,38.93,275.62,301.44,265.49,303.31,-61.07,73,DoubleTop|HeadAndShoulders|AscendingScallop,56.00,HOLD,9.59,274.12,317.27,274.12,293.29,13.21,20.11,-6.90,288.53,282.84,254.63,200.15,0.82,uptrend,0.00,0.75,true
2026-09-04,CRM,259.23,10490600,76.62,87.95,165.87,275.96,189.91,268.27,-12.05,73,ThreeRisingValleys|AscendingScallop,453.14,BUY,10.32,243.74,290.20,243.74,264.39,23.07,15.76,7.31,220.92,227.52,191.65,200.75,0.64,uptrend,0.83,0.69,true
2026-09-04,CRWD,213.10,8422800,53.12,60.52,182.45,238.67,181.24,233.88,-39.48,73,IslandReversal,247.93,BUY,12.39,194.51,250.27,194.51,219.30,-3.57,1.15,-4.71,210.56,208.40,200.81,142.49,0.81,uptrend,0.33,0.75,true
2026-09-04,CSCO,109.20,12374300,40.95,29.91,103.93,121.17,107.60,124.71,-70.09,73,DoubleBottom|DescendingScallop,166.00,HOLD,2.82,104.96,117.67,104.96,110.61,-3.84,-3.15,-0.70,112.55,111.81,114.28,94.75,0.63,uptrend,0.00,0.37,false
2026-09-04,CSGP,30.91,3875300,47.36,16.86,30.38,33.49,30.04,33.82,-83.14,73,DoubleBottom|DoubleTop|ThreeDescendingPeaks,154.12,HOLD,1.38,28.84,35.05,28.84,31.60,0.54,1.11,-0.57,31.94,31.55,30.29,43.73,0.59,downtrend,0.00,0.08,false
2026-09-04,CSX,49.41,7816200,43.08,36.57,48.54,52.29,47.83,52.15,-63.43,73,DoubleTop|HeadAndShoulders,167.82,HOLD,1.04,47.85,52.53,47.85,49.93,0.08,0.09,-0.01,50.41,50.23,50.14,43.16,0.85,uptrend,0.00,0.55,true
2026-09-04,CTAS,200.47,1320800,48.76,29.18,197.28,207.48,196.50,207.51,-70.82,73,DoubleBottom|DoubleTop|HeadAndShoulders,63.70,HOLD,3.82,194.74,211.92,194.74,202.38,0.41,-0.98,1.39,202.38,201.86,197.28,186.84,0.79,uptrend,0.00,0.20,false
2026-09-04,CTSH,62.31,4473100,60.41,64.09,56.32,66.16,56.37,65.42,-35.91,73,ThreeRisingValleys|AscendingScallop,294.27,HOLD,2.17,59.06,68.82,59.06,63.40,2.95,3.41,-0.46,61.24,60.82,52.46,62.78,0.68,downtrend,0.00,0.20,false
2026-09-04,CTVA,87.86,4274300,64.30,79.09,72.20,90.63,74.94,90.87,-20.91,73,ThreeRisingValleys|AscendingScallop,453.39,HOLD,2.33,84.37,94.84,84.37,89.02,4.06,0.37,3.69,81.41,83.70,83.35,77.38,0.93,uptrend,0.00,0.47,false
2026-09-04,DASH,211.73,4170700,45.59,1.99,205.28,239.54,206.25,238.83,-98.01,73,,121.67,HOLD,8.07,199.63,235.94,199.63,215.76,8.99,11.78,-2.79,222.41,220.39,203.63,188.49,1.01,uptrend,0.00,0.63,true
2026-09-04,DD,131.59,1832700,36.15,18.40,129.51,147.28,129.17,146.82,-81.60,73,ThreeDescendingPeaks|DescendingScallop,180.49,HOLD,3.40,126.50,141.78,126.50,133.29,-3.88,-1.76,-2.12,138.40,136.69,138.31,136.66,1.52,downtrend,0.00,0.08,false
2026-09-04,DECK,85.81,2693000,37.71,26.02,82.55,96.52,83.25,98.18,-73.98,73,DescendingScallop,179.75,HOLD,2.75,81.68,94.07,81.68,87.19,-4.05,-4.31,0.26,89.54,89.59,97.19,102.55,1.01,downtrend,0.00,0.08,false
2026-09-04,DHI,142.75,1665600,43.85,12.93,141.23,152.82,141.02,154.40,-87.07,73,DoubleTop|ThreeDescendingPeaks|DescendingScallop,207.70,SELL,3.89,148.58,131.09,148.58,140.81,-1.22,-0.01,-1.21,147.03,146.29,149.32,149.83,0.91,downtrend,0.00,0.08,false
2026-09-04,DHR,207.66,2898100,50.46,38.57,199.42,221.05,199.49,220.67,-61.43,73,DoubleTop,164.42,HOLD,6.29,198.23,226.53,198.23,210.80,5.95,6.51,-0.55,210.23,209.06,201.63,202.83,0.93,uptrend,0.00,0.22,false
2026-09-04,DOV,192.88,1358400,36.48,27.35,188.43,213.76,187.72,212.91,-72.65,73,DescendingScallop,186.29,HOLD,4.20,186.59,205.47,186.59,194.98,-5.40,-2.81,-2.59,201.10,199.38,207.32,210.00,1.29,downtrend,0.00,0.08,false
2026-09-04,DVN,48.06,8841700,57.22,53.37,44.43,50.34,43.65,49.72,-46.63,73,DoubleTop|AscendingScallop,191.37,HOLD,1.23,46.22,51.74,46.22,48.67,1.66,1.78,-0.12,47.39,47.31,44.81,43.51,0.88,uptrend,0.00,0.27,false
2026-09-04,DXCM,87.90,2361500,52.92,7.68,87.63,92.15,84.53,92.59,-92.32,73,DoubleTop|HeadAndShoulders,69.92,HOLD,2.49,84.17,95.36,84.17,89.14,1.34,3.86,-2.52,89.89,88.28,81.22,70.90,0.58,uptrend,0.00,0.63,true
2026-09-04,EBAY,103.41,3197800,44.42,30.28,100.81,107.99,100.50,111.00,-69.72,73,DoubleBottom|DoubleTop|DescendingScallop,102.89,HOLD,3.29,98.48,113.28,98.48,105.05,-0.98,-2.97,1.99,104.40,105.55,109.33,98.66,0.77,uptrend,0.00,0.08,false
2026-09-04,ECL,279.28,1017300,47.21,20.11,273.74,290.84,273.33,295.33,-79.89,73,DoubleBottom|HeadAndShoulders,95.02,HOLD,5.76,270.64,296.55,270.64,282.16,1.40,1.74,-0.34,282.29,281.75,278.81,272.86,0.73,uptrend,0.00,0.08,false
2026-09-04,EFX,177.05,2736800,42.77,30.43,175.49,197.95,167.93,197.90,-69.57,73,DoubleTop|HeadAndShoulders,300.27,SELL,7.30,188.00,155.14,188.00,173.40,5.10,5.38,-0.28,186.72,185.59,178.18,187.79,2.59,downtrend,0.00,0.08,false
2026-09-04,EL,103.86,4712900,66.67,81.57,80.85,112.41,83.85,108.38,-18.43,73,HeadAndShoulders|AscendingScallop,288.40,HOLD,3.40,98.76,114.06,98.76,105.56,8.30,6.62,1.68,96.63,97.69,88.50,92.27,1.18,uptrend,0.83,0.69,true
2026-09-04,EMR,152.82,2036700,48.76,42.71,147.26,166.69,146.35,166.35,-57.29,73,ThreeDescendingPeaks|DescendingScallop,86.00,HOLD,3.98,146.85,164.75,146.85,154.81,-2.97,0.74,-3.71,156.97,153.99,149.43,142.71,0.91,uptrend,0.00,0.34,false
2026-09-04,EOG,145.19,2636900,50.45,22.27,139.75,152.80,136.59,153.67,-77.73,73,DoubleTop|InvertedCupWithHandle|AscendingScallop,120.00,HOLD,3.47,139.99,155.59,139.99,146.92,2.42,2.67,-0.25,146.28,145.67,141.53,128.69,0.96,uptrend,0.00,0.15,false
2026-09-04,EQIX,1035.98,344600,45.18,32.08,1014.81,1108.00,1002.24,1109.22,-67.92,73,DoubleTop,112.38,HOLD,30.59,990.09,1127.75,990.09,1051.28,-3.04,11.11,-14.16,1061.40,1051.98,1045.68,961.11,0.64,uptrend,0.00,0.20,false
2026-09-04,EW,89.90,2635300,49.31,30.93,88.83,93.26,88.40,93.91,-69.07,73,DoubleBottom|DoubleTop|DescendingScallop,94.72,HOLD,2.00,86.90,95.89,86.90,90.90,-0.19,1.20,-1.38,91.04,90.24,89.64,84.95,0.94,uptrend,0.00,0.15,false
2026-09-04,EXPD,188.80,505200,61.12,56.45,180.11,193.58,176.79,192.28,-43.55,73,DoubleTop|HeadAndShoulders|AscendingScallop,140.59,HOLD,3.75,183.18,200.05,183.18,190.67,4.09,5.83,-1.74,186.85,185.97,178.30,158.72,0.66,uptrend,0.00,0.82,true
2026-09-04,EXPE,298.04,1845700,43.50,5.03,298.97,343.34,295.71,342.00,-94.97,73,HeadAndShoulders,141.00,HOLD,12.01,280.03,334.06,280.03,304.04,1.73,10.76,-9.03,321.16,313.35,294.73,258.69,1.30,uptrend,0.00,0.63,true
2026-09-04,FAST,49.60,6568300,49.58,43.33,48.32,53.03,47.65,52.92,-56.67,73,DoubleTop|DescendingScallop,78.10,HOLD,1.14,47.89,53.03,47.89,50.17,-0.41,0.64,-1.06,50.67,49.83,48.68,45.37,1.06,uptrend,0.00,0.28,false
2026-09-04,FCX,72.73,7265300,53.25,48.31,64.03,81.23,65.57,80.24,-51.69,73,HeadAndShoulders|AscendingScallop,141.80,HOLD,2.86,68.44,81.31,68.44,74.16,4.29,4.04,0.25,72.63,72.48,66.44,60.93,0.52,uptrend,0.00,0.49,false
2026-09-04,FFIV,390.47,312500,46.55,37.57,371.87,422.41,376.21,425.61,-62.43,73,DoubleBottom|HeadAndShoulders|DescendingScallop,116.93,HOLD,13.04,370.92,429.58,370.92,396.99,-7.49,-6.08,-1.41,397.14,396.31,404.66,327.20,0.66,uptrend,0.00,0.44,false
2026-09-04,FICO,932.26,1430000,30.24,15.56,990.07,1220.39,885.00,1188.80,-84.44,73,DoubleTop|MeasuredMoveDown,256.26,SELL,61.17,1024.02,748.75,1024.02,901.67,27.08,3.57,23.51,1105.23,1110.65,1167.58,1304.58,4.56,downtrend,0.00,0.08,false
2026-09-04,FIX,1610.34,276900,46.07,33.82,1472.68,1829.32,1505.73,1883.70,-66.18,73,ThreeDescendingPeaks|DescendingScallop,118.95,HOLD,80.74,1489.23,1852.56,1489.23,1650.71,-79.14,-35.78,-43.36,1651.00,1631.42,1710.93,1491.86,0.75,uptrend,0.00,0.34,false
2026-09-04,FLEX,109.51,4493800,42.94,29.75,100.07,129.34,102.25,131.63,-70.25,73,ThreeDescendingPeaks|DescendingScallop,124.32,HOLD,5.84,100.74,127.04,100.74,112.43,-6.59,-3.02,-3.57,114.71,113.24,123.04,94.84,1.56,uptrend,0.00,0.63,true
2026-09-04,FSLR,204.45,1520700,41.44,24.42,191.43,238.22,197.81,251.39,-75.58,73,InvertedCupWithHandle|ThreeDescendingPeaks|DescendingScallop,209.22,SELL,8.97,217.91,177.54,217.91,199.96,-13.14,-6.60,-6.53,214.82,211.71,219.06,230.60,0.81,downtrend,0.00,0.08,false
2026-09-04,FTNT,156.29,3060100,47.82,31.36,147.19,171.35,148.25,173.89,-68.64,73,DoubleBottom,123.76,HOLD,7.03,145.74,177.39,145.74,159.81,-1.25,-0.76,-0.49,159.27,159.16,158.78,110.06,0.70,uptrend,0.00,0.63,true
2026-09-04,GDDY,101.31,1621700,57.59,60.85,90.09,104.46,88.73,106.00,-39.15,73,CupWithHandle|ThreeRisingValleys|AscendingScallop,432.32,HOLD,4.20,95.00,113.92,95.00,103.41,3.91,2.43,1.47,97.28,97.79,93.45,96.18,0.91,uptrend,0.00,0.35,false
2026-09-04,GEHC,68.86,2812600,41.59,5.23,69.28,75.76,68.49,75.65,-94.77,73,DoubleTop,191.00,HOLD,1.73,66.26,74.05,66.26,69.73,0.16,1.85,-1.69,72.52,71.17,68.29,72.74,1.10,downtrend,0.00,0.08,false
2026-09-04,GEV,941.95,1236500,44.62,38.63,865.92,1078.04,874.00,1099.66,-61.37,73,ThreeDescendingPeaks|DescendingScallop,114.81,HOLD,42.16,878.70,1068.44,878.70,963.03,-44.93,-17.67,-27.26,971.98,958.41,1015.40,886.12,0.61,uptrend,0.00,0.42,false
2026-09-04,GILD,151.00,6181300,67.67,88.09,133.32,155.37,131.61,152.55,-11.91,73,AscendingScallop,416.22,HOLD,3.62,145.56,161.87,145.56,152.81,6.47,6.37,0.09,144.35,144.85,136.60,134.36,1.15,uptrend,0.00,0.49,false
2026-09-04,GLW,154.30,8543200,50.01,52.24,138.45,169.73,139.25,176.94,-47.76,73,ThreeDescendingPeaks|DescendingScallop,73.12,HOLD,8.72,141.22,180.46,141.22,158.66,-5.14,0.94,-6.08,154.09,152.22,165.25,143.78,0.98,uptrend,0.00,0.15,false
2026-09-04,GNRC,187.35,605600,37.45,24.09,174.80,229.92,178.19,225.34,-75.91,73,ThreeDescendingPeaks|DescendingScallop,164.29,HOLD,8.89,174.02,214.01,174.02,191.79,-10.39,-2.29,-8.10,202.36,198.07,216.54,208.50,0.63,downtrend,0.00,0.08,false
2026-09-04,GOOGL,338.46,23157700,44.82,30.03,334.32,352.90,332.82,357.61,-69.97,73,DoubleBottom|DoubleTop|HeadAndShoulders|DescendingScallop,129.87,HOLD,8.12,326.28,362.81,326.28,342.52,-6.38,-3.27,-3.11,343.61,343.38,348.57,335.94,1.04,uptrend,0.00,0.27,false
2026-09-04,GPC,138.08,737200,61.01,82.75,131.60,139.46,129.40,139.89,-17.25,73,DoubleTop|HeadAndShoulders|AscendingScallop,216.54,HOLD,3.22,133.26,147.73,133.26,139.69,2.01,2.62,-0.60,135.53,134.92,129.29,119.85,0.67,uptrend,0.83,0.82,true
2026-09-04,GRMN,277.03,733500,41.38,22.31,268.73,318.95,268.01,314.28,-77.69,73,ThreeDescendingPeaks|DescendingScallop,114.10,HOLD,7.00,266.52,298.04,266.52,280.53,-10.97,-0.63,-10.34,293.84,285.76,272.51,238.37,0.89,uptrend,0.00,0.23,false
2026-09-04,GWW,1324.49,175400,51.66,75.28,1288.85,1333.83,1274.60,1337.96,-24.72,73,DoubleBottom|DoubleTop|HeadAndShoulders,183.01,HOLD,26.97,1284.03,1405.41,1284.03,1337.98,-0.89,-9.67,8.78,1311.34,1315.53,1339.44,1177.54,0.84,uptrend,0.00,0.61,true
2026-09-04,HAL,37.07,12547000,62.86,80.32,32.42,37.94,32.23,38.06,-19.68,73,AscendingScallop,370.45,HOLD,1.04,35.51,40.19,35.51,37.59,1.46,1.36,0.10,35.18,35.46,34.09,34.80,1.18,uptrend,0.00,0.28,false
2026-09-04,HD,321.05,2261000,37.81,16.60,314.79,354.53,315.21,358.36,-83.40,73,ThreeDescendingPeaks|DescendingScallop,205.99,SELL,7.31,332.02,299.12,332.02,317.39,-8.68,-4.30,-4.38,334.66,331.18,339.12,343.90,0.62,downtrend,0.00,0.08,false
2026-09-04,HSY,173.15,1494400,37.77,6.13,172.81,192.00,172.02,190.46,-93.87,73,DoubleTop,216.00,SELL,4.02,179.17,161.10,179.17,171.14,-0.43,1.96,-2.40,182.40,180.11,178.88,192.44,1.30,downtrend,0.00,0.08,false
2026-09-04,HUBB,460.72,530780,42.70,38.10,432.25,523.76,439.89,529.39,-61.90,73,ThreeDescendingPeaks|DescendingScallop,178.39,HOLD,13.25,440.84,500.47,440.84,467.35,-20.85,-10.86,-9.98,478.01,470.77,485.08,485.54,1.19,downtrend,0.00,0.08,false
2026-09-04,IBM,234.89,3721100,50.04,50.04,228.97,239.66,227.40,241.80,-49.96,73,DoubleBottom|DoubleTop|HeadAndShoulders,106.00,HOLD,6.58,225.01,254.64,225.01,238.18,0.02,2.41,-2.40,234.31,233.98,241.35,262.32,0.77,downtrend,0.00,0.20,false
2026-09-04,IDXX,535.38,407800,41.35,24.91,524.10,586.28,522.05,602.00,-75.09,73,BearishFlag|DescendingScallop,197.09,HOLD,16.76,510.24,585.67,510.24,543.76,-13.17,-9.60,-3.57,555.19,551.42,558.15,607.14,0.81,downtrend,0.00,0.08,false
2026-09-04,IEX,223.74,450100,39.50,12.69,221.65,243.59,220.98,242.73,-87.31,73,ThreeDescendingPeaks|DescendingScallop,158.38,HOLD,5.07,216.13,238.95,216.13,226.28,-3.50,0.14,-3.64,232.62,229.74,228.76,205.90,0.82,uptrend,0.00,0.34,false
2026-09-04,INCY,126.75,1031000,56.24,55.93,118.95,131.47,117.56,130.80,-44.07,73,DoubleTop|HeadAndShoulders|AscendingScallop,132.47,HOLD,3.39,121.67,136.91,121.67,128.44,3.16,2.69,0.47,125.21,125.14,120.81,104.72,0.86,uptrend,0.00,0.75,true
2026-09-04,IR,76.36,3840300,37.83,28.04,73.34,86.93,74.03,87.97,-71.96,73,ThreeDescendingPeaks|DescendingScallop,196.98,HOLD,2.16,73.12,82.84,73.12,77.44,-4.00,-3.17,-0.83,80.13,79.24,81.67,82.03,1.17,downtrend,0.00,0.08,false
2026-09-04,ISRG,366.70,2081300,43.02,8.24,356.58,406.84,363.23,405.34,-91.76,73,DoubleBottom|DescendingScallop,216.00,SELL,11.37,383.75,332.59,383.75,361.02,-7.25,4.17,-11.42,381.71,375.36,381.01,463.81,0.91,downtrend,0.00,0.08,false
2026-09-04,IT,186.42,839500,52.38,33.32,176.98,204.13,172.65,203.03,-66.68,73,HeadAndShoulders,88.95,HOLD,8.61,173.50,212.26,173.50,190.73,7.62,11.50,-3.88,190.56,187.26,163.91,177.59,0.68,uptrend,0.00,0.23,false
2026-09-04,ITW,270.12,1044200,35.65,17.63,267.06,298.16,265.89,297.76,-82.37,73,ThreeDescendingPeaks|DescendingScallop,156.73,HOLD,5.46,261.93,286.50,261.93,272.85,-7.22,-4.17,-3.05,282.61,279.37,280.23,266.90,1.07,uptrend,0.00,0.14,false
2026-09-04,JBHT,273.77,860000,53.37,68.12,253.54,284.63,254.11,287.93,-31.88,73,,186.68,HOLD,8.42,261.14,299.03,261.14,277.98,-4.17,-2.53,-1.64,269.09,268.29,276.33,237.40,1.07,uptrend,0.00,0.68,true
2026-09-04,JBL,310.57,714200,44.85,26.17,275.39,375.86,292.29,376.97,-73.83,73,DescendingScallop,133.17,HOLD,13.19,290.78,350.14,290.78,317.17,-19.96,-4.99,-14.97,325.62,316.69,327.12,292.82,0.76,uptrend,0.00,0.23,false
2026-09-04,JCI,144.94,3105600,51.34,50.37,134.91,156.38,137.54,156.84,-49.63,73,InvertedCupWithHandle|DescendingScallop,75.82,HOLD,3.69,139.40,156.01,139.40,146.79,-5.17,-2.18,-2.99,145.65,143.84,144.57,134.72,1.10,uptrend,0.00,0.28,false
2026-09-04,JNJ,275.23,4320100,60.57,66.13,257.19,279.34,255.26,281.07,-33.87,73,DoubleTop|AscendingScallop,267.69,HOLD,5.52,266.94,291.80,266.94,277.99,5.56,4.91,0.65,268.26,268.64,261.77,235.82,0.69,uptrend,0.00,0.55,false
2026-09-04,KLAC,185.60,12720000,47.38,57.13,163.96,211.78,167.05,214.80,-42.87,73,DescendingScallop,99.96,HOLD,9.32,171.62,213.56,171.62,190.26,-8.97,-3.96,-5.01,187.87,185.34,205.76,171.52,1.41,uptrend,0.00,0.44,false
2026-09-04,KMB,104.96,4149000,39.45,1.46,105.99,111.97,104.85,112.38,-98.54,73,DoubleTop|HeadAndShoulders,150.00,HOLD,2.48,101.24,112.40,101.24,106.20,-0.23,-0.27,0.05,108.98,108.77,109.73,103.24,1.40,uptrend,0.00,0.08,false
2026-09-04,KVUE,18.74,26856800,43.65,5.75,18.67,19.43,18.65,19.56,-94.25,73,DoubleBottom|DoubleTop|HeadAndShoulders,150.00,HOLD,0.37,18.19,19.84,18.19,18.92,-0.04,-0.10,0.05,19.05,19.05,19.18,17.95,1.34,uptrend,0.00,0.08,false
2026-09-04,LH,326.89,438600,55.12,24.01,316.79,341.98,315.33,341.80,-75.99,73,DoubleTop|HeadAndShoulders,66.76,HOLD,7.31,315.92,348.83,315.92,330.55,8.03,9.71,-1.69,329.39,326.81,306.53,275.57,0.75,uptrend,0.00,0.57,true
2026-09-04,LII,390.53,443800,36.34,36.59,369.23,435.54,371.65,439.96,-63.41,73,ThreeDescendingPeaks|DescendingScallop,153.01,HOLD,13.00,371.03,429.54,371.03,397.03,-19.81,-25.14,5.33,402.38,406.35,472.92,498.11,0.95,downtrend,0.00,0.08,false
2026-09-04,LIN,477.57,2273700,38.50,6.05,474.36,494.88,473.05,495.96,-93.95,73,DoubleBottom|DoubleTop|HeadAndShoulders,147.43,HOLD,8.46,464.87,502.96,464.87,481.80,1.35,-3.95,5.30,484.62,487.11,501.51,480.48,1.20,downtrend,0.00,0.08,false
2026-09-04,LITE,881.26,3558500,51.78,52.08,796.82,970.96,784.47,999.67,-47.92,73,DoubleBottom|ThreeDescendingPeaks,108.67,HOLD,66.81,781.04,1081.69,781.04,914.66,17.94,47.47,-29.53,883.89,871.02,816.39,685.22,0.77,uptrend,0.00,0.63,true
2026-09-04,LLY,1149.36,2218900,41.33,7.64,1127.28,1277.91,1137.50,1292.65,-92.36,73,InvertedCupWithHandle|ThreeDescendingPeaks|DescendingScallop,166.00,HOLD,35.46,1096.18,1255.73,1096.18,1167.09,0.45,16.27,-15.82,1202.60,1185.74,1191.50,1063.33,0.89,uptrend,0.00,0.22,false
2026-09-04,LOW,204.45,2436100,41.23,19.32,198.52,226.02,199.34,225.79,-80.68,73,ThreeDescendingPeaks|DescendingScallop,189.59,HOLD,5.04,196.89,219.57,196.89,206.97,-4.84,-1.24,-3.61,212.27,209.49,213.34,236.23,0.79,downtrend,0.00,0.08,false
2026-09-04,LRCX,307.65,8355500,48.91,58.02,283.60,341.92,278.04,345.28,-41.98,73,ThreeDescendingPeaks,91.14,HOLD,16.37,283.09,356.77,283.09,315.84,-5.71,5.02,-10.74,312.76,307.72,321.88,260.90,1.12,uptrend,0.00,0.57,true
2026-09-04,LULU,100.61,37312300,31.79,9.89,108.51,129.33,97.99,128.76,-90.11,73,DescendingScallop,288.00,SELL,5.89,109.45,82.93,109.45,97.66,-2.47,-1.46,-1.01,118.92,117.83,118.40,152.77,6.19,downtrend,0.00,0.08,false
2026-09-04,MAA,128.32,580400,39.23,10.20,127.44,134.46,127.67,135.73,-89.80,73,DoubleBottom|DoubleTop|HeadAndShoulders|DescendingScallop,191.00,HOLD,2.12,125.14,134.67,125.14,129.38,-1.41,-1.26,-0.15,130.95,130.71,133.77,132.21,0.76,downtrend,0.00,0.08,false
2026-09-04,MAS,72.70,1992200,46.51,41.63,70.54,76.15,70.04,77.63,-58.37,73,ThreeDescendingPeaks|DescendingScallop,170.42,HOLD,2.00,69.69,78.71,69.69,73.70,-1.37,-1.26,-0.12,73.34,73.23,76.09,69.60,1.08,uptrend,0.00,0.34,false
2026-09-04,MCHP,74.17,7673200,44.81,40.00,70.13,81.99,70.45,85.66,-60.00,73,DescendingScallop,150.04,HOLD,3.02,69.64,83.23,69.64,75.68,-2.56,-1.24,-1.32,76.06,75.43,79.86,77.38,0.95,downtrend,0.00,0.08,false
2026-09-04,MCK,907.99,879200,58.57,76.15,837.32,929.91,837.88,929.95,-23.85,73,ThreeRisingValleys|AscendingScallop,430.88,HOLD,22.80,873.80,976.38,873.80,919.39,14.86,7.83,7.03,883.61,885.93,847.25,843.22,0.97,uptrend,0.00,0.27,false
2026-09-04,MDLZ,61.28,7906400,43.75,7.97,60.67,64.78,60.85,65.55,-92.03,73,DoubleBottom|BearishFlag|DoubleTop|HeadAndShoulders,166.00,HOLD,1.32,59.30,65.24,59.30,61.94,0.10,0.43,-0.33,62.73,62.38,61.53,59.10,1.15,uptrend,0.00,0.08,false
2026-09-04,MDT,94.17,9012900,64.50,77.33,89.14,94.32,86.72,95.41,-22.67,73,DoubleTop|AscendingScallop,290.13,HOLD,2.28,90.75,101.02,90.75,95.31,1.63,2.53,-0.90,91.73,91.05,86.74,89.72,1.13,uptrend,0.00,0.49,false
2026-09-04,MKC,52.08,2804200,42.20,10.63,52.04,56.66,51.51,56.87,-89.37,73,DoubleBottom|DoubleTop,218.20,SELL,1.46,54.26,47.71,54.26,51.35,0.62,1.40,-0.79,54.35,53.82,52.85,57.12,1.17,downtrend,0.00,0.08,false
2026-09-04,MLM,514.77,692200,41.03,30.82,504.51,557.29,502.56,559.03,-69.18,73,ThreeDescendingPeaks|DescendingScallop,183.07,HOLD,13.76,494.12,556.06,494.12,521.65,-10.47,-9.87,-0.60,530.90,528.98,552.57,601.01,1.15,downtrend,0.00,0.08,false
2026-09-04,MMM,168.56,2175200,34.33,15.66,167.36,187.87,165.80,184.69,-84.34,73,ThreeDescendingPeaks|DescendingScallop,152.94,HOLD,3.45,163.39,178.90,163.39,170.28,-3.50,-0.73,-2.78,177.62,174.71,171.61,160.88,0.83,uptrend,0.00,0.34,false
2026-09-04,MNST,43.82,12451300,33.58,3.04,43.61,49.25,43.65,49.24,-96.96,73,FallingWedge,230.00,SELL,1.08,45.44,40.58,45.44,43.28,-0.08,0.01,-0.09,46.43,46.22,47.39,41.78,1.27,uptrend,0.00,0.22,false
2026-09-04,MPWR,1223.86,625900,38.38,18.38,1181.03,1444.96,1189.49,1464.99,-81.62,73,ThreeDescendingPeaks|DescendingScallop,183.99,HOLD,56.71,1138.80,1393.99,1138.80,1252.21,-56.00,-25.18,-30.82,1313.00,1289.94,1328.53,1250.55,1.10,downtrend,0.00,0.08,false
2026-09-04,MRK,150.33,4395400,62.27,70.10,127.99,162.06,128.24,156.92,-29.90,73,DoubleTop|HeadAndShoulders|AscendingScallop|MeasuredMoveDown,118.91,HOLD,3.97,144.37,162.25,144.37,152.32,9.74,8.90,0.84,145.03,145.50,134.59,118.40,0.40,uptrend,0.00,0.75,true
2026-09-04,MRVL,223.55,21150500,51.08,42.48,197.58,251.58,200.62,254.60,-57.52,73,DoubleTop,72.79,HOLD,15.69,200.02,270.61,200.02,231.39,6.36,14.28,-7.91,224.58,220.90,220.67,151.77,0.86,uptrend,0.00,0.63,true
2026-09-04,MSFT,499.70,18074400,59.36,55.50,475.73,515.69,477.15,517.78,-44.50,73,DoubleBottom|DoubleTop,172.02,HOLD,11.84,481.94,535.22,481.94,505.62,3.67,14.13,-10.46,495.71,490.13,444.17,431.05,0.79,uptrend,0.00,0.56,true
2026-09-04,MTD,1345.26,103000,38.73,8.63,1352.02,1451.94,1334.73,1456.77,-91.37,73,DoubleTop|ThreeDescendingPeaks|DescendingScallop,166.00,HOLD,35.58,1291.89,1452.00,1291.89,1363.05,-21.05,-2.88,-18.17,1401.98,1386.16,1360.60,1319.47,0.60,uptrend,0.00,0.35,false
2026-09-04,MU,1016.59,35116600,60.15,99.09,868.53,1018.08,844.62,1036.13,-0.91,73,DoubleTop|AscendingScallop,316.45,BUY,54.84,934.33,1181.11,934.33,1044.01,25.66,35.78,-10.12,943.30,944.38,938.28,606.48,1.27,uptrend,0.83,0.90,true
2026-09-04,NDSN,318.36,428900,53.23,42.65,298.85,339.86,302.92,339.12,-57.35,73,DoubleTop|AscendingScallop,132.49,HOLD,7.02,307.83,339.43,307.83,321.87,9.67,9.71,-0.04,319.35,318.01,304.87,279.18,1.00,uptrend,0.00,0.48,false
2026-09-04,NEM,128.09,5745900,60.49,63.00,112.20,137.41,113.10,135.29,-37.00,73,HeadAndShoulders|AscendingScallop,177.60,HOLD,4.54,121.29,141.70,121.29,130.36,9.76,12.20,-2.44,124.80,122.85,107.15,108.50,0.71,uptrend,0.00,0.61,true
2026-09-04,NKE,38.40,20604300,40.06,13.27,37.48,42.17,37.95,42.23,-86.73,73,BearishFlag|DescendingScallop,214.54,SELL,1.09,40.04,35.12,40.04,37.85,-1.13,-1.08,-0.05,39.83,39.72,41.51,51.42,0.74,downtrend,0.00,0.08,false
2026-09-04,NOW,141.26,12493500,61.04,73.74,114.15,149.07,117.59,149.60,-26.26,73,ThreeRisingValleys|AscendingScallop,416.80,HOLD,6.81,131.04,161.70,131.04,144.67,8.11,7.35,0.76,131.61,132.24,117.02,118.58,0.71,uptrend,0.00,0.42,false
2026-09-04,NSC,329.46,703000,39.78,14.23,324.59,357.00,325.06,355.99,-85.77,73,DoubleTop|HeadAndShoulders,218.03,SELL,6.70,339.51,309.36,339.51,326.11,2.53,3.43,-0.90,340.80,339.04,335.16,308.94,0.60,uptrend,0.00,0.28,false
2026-09-04,NTAP,185.59,2247400,49.06,52.36,177.29,209.29,161.00,209.06,-47.64,73,ThreeDescendingPeaks|DescendingScallop,56.00,HOLD,8.56,172.75,211.27,172.75,189.87,-4.15,3.63,-7.78,193.29,187.70,178.70,130.62,0.87,uptrend,0.00,0.63,true
2026-09-04,NUE,261.07,776200,55.52,67.82,236.36,280.27,238.62,277.60,-32.18,73,DoubleBottom|ThreeRisingValleys|DescendingScallop,267.64,HOLD,8.43,248.42,286.36,248.42,265.29,-8.95,-5.73,-3.22,258.31,256.21,248.56,206.02,0.56,uptrend,0.67,0.75,true
2026-09-04,NVDA,230.36,134946800,60.39,84.01,208.12,232.04,207.25,234.76,-15.99,73,,312.09,BUY,7.38,219.29,252.50,219.29,234.05,0.56,3.67,-3.11,220.08,219.30,210.57,196.68,1.05,uptrend,0.83,0.72,true
2026-09-04,NXPI,227.84,2905900,43.91,73.40,218.90,236.48,217.30,242.49,-26.60,73,DescendingScallop,78.87,HOLD,7.26,216.96,249.61,216.96,231.47,-4.02,-7.23,3.21,227.69,230.01,250.27,243.70,1.00,downtrend,0.00,0.08,false
2026-09-04,ODFL,185.87,2389800,27.11,19.34,183.56,220.58,179.34,219.74,-80.66,73,ThreeDescendingPeaks|DescendingScallop,184.20,HOLD,6.89,175.53,206.55,175.53,189.32,-8.65,-7.32,-1.33,202.07,200.34,214.62,196.55,1.45,downtrend,0.00,0.08,false
2026-09-04,ON,74.38,10320100,41.91,34.09,68.41,84.48,70.92,85.55,-65.91,73,DescendingScallop,152.32,HOLD,3.32,69.39,84.35,69.39,76.04,-3.81,-3.25,-0.56,76.45,76.33,83.53,78.35,1.45,downtrend,0.00,0.08,false
2026-09-04,ORCL,158.78,26430100,60.94,95.87,138.63,157.99,137.43,159.70,-4.13,73,DoubleBottom|IslandReversal|DoubleTop|AscendingScallop,421.36,HOLD,6.77,148.62,179.10,148.62,162.17,1.17,4.60,-3.44,148.31,147.29,139.84,168.78,1.16,downtrend,0.00,0.35,false
2026-09-04,ORLY,87.89,3790400,44.48,23.39,86.36,93.32,86.40,93.84,-76.61,73,DoubleBottom|ThreeDescendingPeaks|DescendingScallop,187.59,HOLD,1.98,84.91,93.84,84.91,88.88,-1.64,-0.67,-0.97,89.84,89.08,89.01,92.17,0.82,downtrend,0.00,0.08,false
2026-09-04,OTIS,71.21,2976000,46.23,39.08,69.95,73.67,70.10,74.39,-60.92,73,DoubleBottom|DescendingScallop,172.01,HOLD,1.30,69.26,75.11,69.26,71.86,-0.63,-0.59,-0.04,71.81,71.70,72.35,79.98,0.91,downtrend,0.00,0.08,false
2026-09-04,PANW,333.26,5636200,43.50,18.00,322.20,405.36,321.39,398.88,-82.00,73,HeadAndShoulders|DescendingScallop,150.93,HOLD,18.85,304.99,389.81,304.99,342.68,-9.32,4.39,-13.71,363.78,353.88,349.30,233.07,0.91,uptrend,0.00,0.63,true
2026-09-04,PEP,137.63,6138900,42.03,2.36,136.82,144.28,136.73,145.90,-97.64,73,DoubleBottom|DoubleTop|HeadAndShoulders,280.00,SELL,2.41,141.25,130.39,141.25,136.42,0.94,1.06,-0.13,140.55,140.32,139.65,148.78,0.93,downtrend,0.00,0.08,false
2026-09-04,PG,146.44,5588200,52.45,69.13,142.28,147.66,142.14,148.36,-30.87,73,DoubleBottom|DoubleTop,174.38,HOLD,2.47,142.74,153.84,142.74,147.67,0.08,-0.72,0.80,144.97,145.61,146.72,147.57,0.63,downtrend,0.00,0.27,false
2026-09-04,PHM,124.45,962000,43.67,14.88,122.87,133.32,122.90,133.32,-85.12,73,DoubleTop,177.19,HOLD,3.32,119.47,134.41,119.47,126.11,-1.62,-0.97,-0.65,128.10,127.26,128.79,125.22,0.79,downtrend,0.00,0.08,false
2026-09-04,PKG,237.25,530400,42.59,34.35,229.23,264.19,227.65,259.98,-65.65,73,DoubleTop|DescendingScallop,115.52,HOLD,6.08,228.13,255.49,228.13,240.29,-6.72,-2.50,-4.22,246.71,242.59,242.30,223.19,1.06,uptrend,0.00,0.22,false
2026-09-04,PLD,137.34,2266800,38.74,13.14,136.98,143.95,136.36,143.82,-86.86,73,DoubleBottom|DoubleTop|HeadAndShoulders,141.11,HOLD,2.21,134.03,143.96,134.03,138.44,-0.15,-0.68,0.53,140.47,140.46,142.07,137.32,0.75,uptrend,0.00,0.14,false
2026-09-04,PNR,60.21,2365300,34.26,15.73,58.59,68.16,59.15,68.50,-84.27,73,BearishFlag|InvertedCupWithHandle|ThreeDescendingPeaks|DescendingScallop,212.21,SELL,1.94,63.13,54.38,63.13,59.24,-2.68,-1.75,-0.92,63.38,62.91,67.05,85.72,0.62,downtrend,0.00,0.08,false
2026-09-04,PODD,147.48,1058400,47.89,51.08,140.30,151.73,138.28,155.17,-48.92,73,DoubleBottom|AscendingScallop|DiamondBottom,294.86,HOLD,5.99,138.50,165.44,138.50,150.47,-0.98,-4.32,3.35,146.01,148.10,154.32,210.20,0.66,downtrend,0.00,0.20,false
2026-09-04,PPG,112.53,1174700,46.96,48.18,110.29,116.38,109.09,119.06,-51.82,73,HeadAndShoulders|DescendingScallop,107.34,HOLD,2.88,108.22,121.16,108.22,113.97,-1.42,-1.19,-0.23,113.34,113.22,115.79,111.38,0.94,uptrend,0.00,0.08,false
2026-09-04,PTC,141.02,2119700,43.03,5.24,143.34,159.48,140.00,159.46,-94.76,73,HeadAndShoulders,191.00,HOLD,5.32,133.05,156.97,133.05,143.68,3.22,6.58,-3.37,151.41,148.70,136.51,148.72,1.85,downtrend,0.00,0.08,false
2026-09-04,PWR,624.41,653600,45.37,25.96,574.61,715.51,593.70,724.80,-74.04,73,InvertedCupWithHandle|DescendingScallop,127.96,HOLD,24.37,587.85,697.53,587.85,636.60,-32.70,-8.62,-24.08,645.06,634.29,652.18,587.86,0.61,uptrend,0.00,0.20,false
2026-09-04,QCOM,168.74,8531400,53.08,82.57,157.34,170.70,156.23,171.38,-17.43,73,DoubleBottom|DoubleTop,277.15,HOLD,6.00,159.73,186.75,159.73,171.74,2.19,1.29,0.90,164.02,165.60,169.31,167.83,0.94,sideways,0.00,0.27,false
2026-09-04,RDDT,154.46,2830500,47.14,45.66,142.56,169.55,143.47,184.28,-54.34,73,DoubleBottom|ThreeDescendingPeaks|DescendingScallop,154.22,HOLD,9.17,140.70,181.98,140.70,159.05,-2.04,-3.29,1.24,156.05,156.64,170.01,174.54,0.41,downtrend,0.00,0.20,false
2026-09-04,REGN,827.72,561100,60.46,60.60,784.04,851.47,775.83,859.34,-39.40,73,DoubleBottom|DoubleTop,198.19,HOLD,20.45,797.04,889.07,797.04,837.95,17.54,34.01,-16.47,817.75,807.76,737.86,732.17,0.82,uptrend,0.00,0.55,false
2026-09-04,RL,351.20,682900,39.24,31.78,329.17,408.75,335.21,407.79,-68.22,73,ThreeDescendingPeaks|DescendingScallop,156.91,HOLD,11.06,334.60,384.39,334.60,356.73,-17.15,-9.50,-7.64,368.96,362.23,378.95,366.22,1.13,downtrend,0.00,0.08,false
2026-09-04,RMD,228.35,843800,53.24,37.36,217.78,241.59,210.58,242.40,-62.64,73,AscendingScallop,116.96,HOLD,6.65,218.37,248.31,218.37,231.68,6.38,8.02,-1.64,229.69,228.40,215.28,228.39,0.62,downtrend,0.00,0.08,false
2026-09-04,ROK,433.81,532300,46.63,64.73,417.38,451.89,415.64,454.69,-35.27,73,,140.07,HOLD,10.69,417.78,465.88,417.78,439.15,-10.30,-11.60,1.30,434.63,435.22,453.81,420.54,0.80,uptrend,0.00,0.34,false
2026-09-04,ROL,35.86,5236800,36.01,24.60,35.47,37.26,35.25,37.73,-75.40,73,DoubleBottom|DoubleTop|HeadAndShoulders,158.64,HOLD,0.93,34.47,38.65,34.47,36.32,-0.38,-0.76,0.38,36.36,36.73,39.51,52.27,1.18,downtrend,0.00,0.08,false
2026-09-04,ROP,407.28,616800,52.46,37.27,388.18,430.65,387.82,429.60,-62.73,73,,131.50,HOLD,10.99,390.79,440.26,390.79,412.78,10.67,9.64,1.03,409.42,408.83,384.07,376.10,0.93,uptrend,0.00,0.23,false
2026-09-04,ROST,230.69,1381600,42.05,31.97,221.46,253.33,224.50,256.45,-68.03,73,DoubleBottom|DescendingScallop,139.44,HOLD,5.68,222.18,247.72,222.18,233.53,-7.96,-7.10,-0.86,237.40,235.42,234.51,212.62,0.49,uptrend,0.00,0.08,false
2026-09-04,RSG,222.71,1611000,56.90,69.73,212.60,226.35,212.22,225.74,-30.27,73,DoubleTop|AscendingScallop,274.79,HOLD,3.94,216.79,234.54,216.79,224.68,4.61,3.63,0.98,219.47,220.07,217.55,215.01,1.11,uptrend,0.00,0.42,false
2026-09-04,RVTY,130.22,1175200,67.49,85.60,111.64,134.56,112.68,133.00,-14.40,73,ThreeRisingValleys|AscendingScallop,464.81,HOLD,3.81,124.51,141.64,124.51,132.12,6.42,4.91,1.51,123.10,124.07,116.40,102.36,0.76,uptrend,0.83,0.75,true
2026-09-04,SHW,333.71,977700,41.46,20.38,326.86,368.36,327.78,368.32,-79.62,73,DescendingScallop,177.89,HOLD,7.81,322.00,357.14,322.00,337.61,-9.17,-2.82,-6.35,347.61,342.72,343.01,334.16,0.63,downtrend,0.00,0.08,false
2026-09-04,SLB,57.51,7609700,62.17,65.21,50.50,59.19,50.67,60.46,-34.79,73,AscendingScallop,325.07,HOLD,1.89,54.68,63.17,54.68,58.45,2.12,1.93,0.19,54.84,55.00,50.79,49.06,0.66,uptrend,0.00,0.47,false
2026-09-04,SMCI,39.59,53548400,62.66,80.65,32.78,41.29,30.92,42.31,-19.35,73,AscendingScallop,348.49,HOLD,2.36,36.04,46.68,36.04,40.77,2.00,3.32,-1.32,37.03,36.31,31.71,31.37,0.98,uptrend,0.00,0.35,false
2026-09-04,SNDK,1740.00,16487100,61.24,100.00,1268.77,1790.81,1194.01,1827.99,0.00,73,AscendingScallop,382.39,BUY,129.90,1545.15,2129.70,1545.15,1804.95,74.41,120.76,-46.35,1529.79,1534.87,1550.25,1003.97,1.24,uptrend,0.83,0.83,true
2026-09-04,SNPS,393.84,2967400,42.59,15.96,380.28,448.13,380.33,464.98,-84.04,73,,199.11,HOLD,17.05,368.27,444.98,368.27,402.36,5.21,8.52,-3.31,414.21,414.03,412.61,447.19,1.69,downtrend,0.00,0.08,false
2026-09-04,STE,224.59,568000,40.21,16.67,226.08,241.69,221.44,241.39,-83.33,73,DoubleTop|HeadAndShoulders,199.60,HOLD,5.63,216.15,241.48,216.15,227.40,-0.63,1.78,-2.42,233.89,231.24,225.32,232.88,0.95,downtrend,0.00,0.08,false
2026-09-04,STLD,242.06,1177800,49.50,61.33,215.53,271.24,218.02,271.00,-38.67,73,DescendingScallop|MeasuredMoveUp,124.96,HOLD,8.96,228.62,268.93,228.62,246.54,-12.65,-10.53,-2.12,243.38,241.70,241.96,210.31,0.99,uptrend,0.00,0.61,true
2026-09-04,STX,849.28,2557100,50.64,43.37,745.12,961.57,763.52,1013.99,-56.63,73,ThreeDescendingPeaks,107.79,HOLD,55.68,765.76,1016.32,765.76,877.12,-21.66,5.71,-27.37,853.35,840.49,853.52,593.42,0.71,uptrend,0.00,0.63,true
2026-09-04,SWKS,74.02,4805300,67.73,93.36,64.35,72.54,63.06,74.80,-6.64,73,MeasuredMoveUp,397.17,BUY,3.12,69.33,83.39,69.33,75.58,0.42,1.08,-0.66,68.44,68.25,64.88,63.89,0.87,uptrend,0.83,0.64,true
2026-09-04,SYK,303.13,2401400,34.06,1.50,304.97,353.74,302.51,349.77,-98.50,73,ThreeDescendingPeaks|DescendingScallop,216.00,SELL,9.85,317.91,273.57,317.91,298.20,-9.02,-4.89,-4.13,329.35,324.21,328.91,338.45,1.07,downtrend,0.00,0.08,false
2026-09-04,TECH,72.43,1856300,64.92,65.91,72.10,72.53,72.00,72.62,-34.09,73,DoubleBottom|DoubleTop,244.80,BUY,0.30,71.98,73.33,71.98,72.58,0.09,0.15,-0.06,72.32,72.17,71.85,61.00,0.77,uptrend,0.83,0.82,true
2026-09-04,TEL,208.65,2045600,52.14,65.21,196.17,219.45,199.28,221.98,-34.79,73,DoubleBottom|DescendingScallop,132.95,HOLD,6.15,199.43,227.09,199.43,211.72,-4.62,-3.08,-1.55,207.81,206.71,205.58,216.22,1.05,downtrend,0.00,0.28,false
2026-09-04,TER,357.03,2246300,46.88,31.42,319.94,430.73,326.00,444.17,-68.58,73,ThreeDescendingPeaks|DescendingScallop,121.36,HOLD,22.83,322.78,425.53,322.78,368.45,-18.25,1.49,-19.73,375.33,364.43,371.93,316.29,0.96,uptrend,0.00,0.30,false
2026-09-04,TGT,164.44,2865600,63.23,74.29,148.79,170.95,146.21,170.75,-25.71,73,BearishFlag|HeadAndShoulders|AscendingScallop,179.27,HOLD,4.38,157.87,177.59,157.87,166.63,6.82,7.07,-0.26,159.87,159.36,147.04,122.50,0.59,uptrend,0.00,0.75,true
2026-09-04,TJX,132.08,7265600,22.28,8.29,124.70,160.27,130.15,160.85,-91.71,73,ThreeDescendingPeaks|DescendingScallop,216.00,SELL,2.87,136.39,123.47,136.39,130.64,-10.50,-8.49,-2.01,142.48,140.66,150.05,154.72,0.98,downtrend,0.00,0.08,false
2026-09-04,TMO,613.78,1228900,57.43,46.54,581.75,642.11,580.00,647.00,-53.46,73,DoubleTop|HeadAndShoulders|AscendingScallop,61.77,HOLD,15.98,589.80,661.73,589.80,621.77,17.57,18.75,-1.18,611.93,607.36,570.73,536.07,0.77,uptrend,0.00,0.75,true
2026-09-04,TPL,362.42,272000,43.85,13.01,346.24,384.41,335.10,396.78,-86.99,73,ThreeDescendingPeaks|AscendingScallop,124.70,HOLD,14.52,340.64,405.97,340.64,369.68,1.48,-5.78,7.26,365.33,370.54,387.92,391.59,0.74,downtrend,0.00,0.08,false
2026-09-04,TPR,122.14,2895900,32.07,12.17,107.87,156.54,120.31,164.80,-87.83,73,ThreeDescendingPeaks|DescendingScallop,191.00,HOLD,4.29,115.70,135.02,115.70,124.29,-11.92,-11.80,-0.11,132.20,130.85,140.77,138.35,0.75,downtrend,0.00,0.08,false
2026-09-04,TRMB,59.47,2731700,54.17,57.90,55.96,62.01,54.71,62.00,-42.10,73,DoubleTop|HeadAndShoulders,65.00,HOLD,1.92,56.59,65.22,56.59,60.43,1.12,0.97,0.15,58.98,58.98,56.06,64.81,0.67,downtrend,0.00,0.20,false
2026-09-04,TSCO,34.99,6566700,56.73,44.28,34.08,36.22,33.77,36.89,-55.72,73,DoubleBottom|HeadAndShoulders,124.53,HOLD,1.06,33.40,38.17,33.40,35.52,0.33,1.13,-0.80,35.15,34.58,32.75,41.88,0.65,downtrend,0.00,0.08,false
2026-09-04,TSLA,354.08,64829000,50.93,43.39,324.27,372.60,323.64,384.04,-56.61,73,ThreeRisingValleys|AscendingScallop,243.12,HOLD,15.27,331.18,399.88,331.18,361.71,13.40,13.98,-0.58,348.44,351.83,357.95,399.56,1.71,downtrend,0.00,0.28,false
2026-09-04,TT,447.90,1041800,42.45,37.53,431.13,487.63,434.00,493.71,-62.47,73,ThreeDescendingPeaks|DescendingScallop,128.38,HOLD,10.83,431.66,480.38,431.66,453.31,-12.66,-7.03,-5.62,459.38,455.41,468.42,444.39,1.16,uptrend,0.00,0.20,false
2026-09-04,TTD,14.43,25300700,46.48,63.76,12.63,14.79,12.83,15.26,-36.24,73,DoubleBottom|AscendingScallop,304.89,HOLD,0.80,13.22,16.84,13.22,14.83,-0.91,-1.70,0.80,13.71,14.43,16.58,25.03,1.17,downtrend,0.00,0.28,false
2026-09-04,TXN,258.44,4242600,41.49,33.41,247.63,285.48,248.13,289.62,-66.59,73,ThreeDescendingPeaks|DescendingScallop,123.93,HOLD,8.81,245.22,284.87,245.22,262.85,-9.53,-6.85,-2.68,266.55,265.06,280.03,239.38,0.79,uptrend,0.00,0.30,false
2026-09-04,TYL,364.03,631300,59.51,55.55,307.14,391.70,308.00,393.53,-44.45,73,ThreeRisingValleys|AscendingScallop,325.17,HOLD,14.07,342.92,406.24,342.92,371.07,24.25,18.74,5.51,349.42,353.11,325.26,357.57,0.65,uptrend,0.00,0.20,false
2026-09-04,UBER,75.76,14391200,50.07,21.32,73.79,80.39,73.97,82.36,-78.68,73,DoubleBottom|HeadAndShoulders,158.92,HOLD,2.54,71.95,83.38,71.95,77.03,1.78,2.76,-0.98,77.09,76.17,74.09,76.32,0.93,sideways,0.00,0.08,false
2026-09-04,ULTA,564.12,515800,63.24,93.97,498.25,567.27,493.11,568.44,-6.03,73,DoubleBottom|DoubleTop|ThreeRisingValleys|AscendingScallop,473.73,HOLD,18.64,536.16,620.04,536.16,573.44,4.87,2.42,2.45,532.76,534.94,505.67,556.30,0.71,uptrend,0.00,0.27,false
2026-09-04,UNP,289.62,1279200,39.94,13.81,284.50,314.27,285.69,314.15,-86.19,73,DoubleBottom|DoubleTop|HeadAndShoulders,219.21,SELL,6.25,299.00,270.86,299.00,286.49,3.28,4.32,-1.04,299.39,297.63,293.58,260.28,0.55,uptrend,0.00,0.34,false
2026-09-04,UPS,102.29,3106400,41.17,16.46,101.14,106.33,101.34,107.11,-83.54,73,DoubleBottom|DoubleTop|HeadAndShoulders,156.68,HOLD,2.16,99.05,108.77,99.05,103.37,-0.51,-1.40,0.90,103.74,104.30,107.72,104.89,0.74,downtrend,0.00,0.14,false
2026-09-04,URI,1009.86,316100,38.25,22.35,963.56,1191.51,967.58,1176.44,-77.65,73,ThreeDescendingPeaks|DescendingScallop,136.98,HOLD,31.01,963.34,1102.90,963.34,1025.37,-52.71,-23.07,-29.64,1077.53,1055.73,1087.67,927.37,0.76,uptrend,0.00,0.48,false
2026-09-04,VLTO,96.31,1341300,47.27,12.66,95.78,100.11,95.63,101.00,-87.34,73,DoubleBottom|DoubleTop,133.45,HOLD,2.07,93.20,102.53,93.20,97.35,0.64,1.05,-0.41,97.94,97.45,95.15,93.43,0.92,uptrend,0.00,0.28,false
2026-09-04,VMC,262.63,1113100,38.71,22.73,258.69,288.71,257.17,289.37,-77.27,73,DescendingScallop,196.29,HOLD,7.45,251.46,284.97,251.46,266.35,-5.98,-3.97,-2.01,273.70,271.89,282.43,288.39,1.27,downtrend,0.00,0.08,false
2026-09-04,VRSN,292.08,494500,56.25,71.70,272.84,300.44,271.10,300.36,-28.30,73,DoubleTop|ThreeRisingValleys,281.26,HOLD,7.83,280.34,315.57,280.34,295.99,1.06,-1.29,2.36,286.64,287.82,279.02,261.74,0.72,uptrend,0.00,0.35,false
2026-09-04,VRT,280.53,3318600,54.88,96.54,244.21,295.33,248.75,300.30,-3.46,73,DoubleBottom,280.54,HOLD,14.06,259.45,322.70,259.45,287.56,-6.70,-1.37,-5.33,269.77,268.23,282.70,257.40,0.83,uptrend,0.00,0.40,false
2026-09-04,VRTX,546.12,803300,59.36,67.07,509.55,568.00,502.29,560.25,-32.93,73,DoubleTop|AscendingScallop,225.93,HOLD,13.04,526.56,585.24,526.56,552.64,22.54,25.34,-2.80,538.78,536.11,508.76,466.15,0.72,uptrend,0.83,0.61,true
2026-09-04,WAB,282.86,462600,42.56,28.61,279.10,306.50,274.83,304.36,-71.39,73,DoubleTop,119.77,HOLD,6.41,273.25,302.08,273.25,286.06,-2.99,-0.76,-2.23,292.80,289.33,283.42,254.23,0.54,uptrend,0.00,0.48,false
2026-09-04,WAT,409.38,352100,53.59,44.28,403.14,420.84,396.00,426.22,-55.72,73,DoubleBottom|DoubleTop|HeadAndShoulders,65.73,HOLD,12.42,390.75,446.64,390.75,415.59,4.71,9.51,-4.79,411.99,408.14,391.71,360.77,0.53,uptrend,0.00,0.63,true
2026-09-04,WDAY,195.79,2864300,56.13,32.55,179.53,211.02,173.17,227.49,-67.45,73,AscendingScallop,191.48,HOLD,10.23,180.44,226.49,180.44,200.91,8.95,14.16,-5.22,195.27,191.81,165.79,160.18,0.57,uptrend,0.00,0.57,true
2026-09-04,WELL,236.17,2254500,48.29,27.84,229.41,244.32,224.97,243.04,-72.16,73,DoubleTop|HeadAndShoulders,65.00,HOLD,4.90,228.82,250.87,228.82,238.62,2.72,0.59,2.14,236.86,237.87,237.11,210.91,0.84,uptrend,0.00,0.48,false
2026-09-04,WM,218.99,2447800,40.19,21.85,217.01,228.58,216.27,228.98,-78.15,73,DoubleTop,142.70,HOLD,3.94,213.08,230.82,213.08,220.96,-2.44,-3.15,0.71,222.79,222.68,228.33,225.22,1.22,downtrend,0.00,0.08,false
2026-09-04,WSM,227.42,1033200,42.85,28.30,220.01,253.35,218.60,254.89,-71.70,73,DescendingScallop,125.47,HOLD,7.94,215.51,251.24,215.51,231.39,-6.80,-2.12,-4.68,236.68,232.79,232.78,204.37,0.93,uptrend,0.00,0.49,false
2026-09-04,WST,339.97,364100,43.01,18.00,336.94,357.52,335.51,360.29,-82.00,73,DoubleTop|ThreeDescendingPeaks|DescendingScallop,143.34,HOLD,7.40,328.88,362.16,328.88,343.67,-1.93,1.02,-2.95,347.23,345.41,350.12,293.73,0.82,uptrend,0.00,0.63,true
2026-09-04,WY,23.02,5100000,34.91,12.56,22.76,25.45,22.74,25.54,-87.44,73,InvertedCupWithHandle|DescendingScallop,216.00,SELL,0.55,23.84,21.37,23.84,22.75,-0.65,-0.38,-0.26,24.10,23.89,24.14,24.27,1.08,downtrend,0.00,0.08,false
2026-09-04,XOM,159.47,16192900,50.99,31.16,155.61,167.24,154.45,168.64,-68.84,73,DoubleBottom|DoubleTop,96.49,HOLD,3.40,154.37,169.67,154.37,161.17,1.84,3.03,-1.18,161.42,160.09,152.96,144.74,1.15,uptrend,0.00,0.08,false
2026-09-04,XYL,105.69,2424800,29.91,1.85,103.89,124.36,105.48,124.00,-98.15,73,ThreeDescendingPeaks|DescendingScallop,216.00,SELL,2.80,109.88,97.30,109.88,104.29,-4.83,-3.37,-1.46,114.12,112.58,117.53,124.25,1.43,downtrend,0.00,0.08,false
2026-09-04,ZBRA,362.74,401400,60.70,70.36,343.53,385.10,341.97,386.23,-29.64,73,ThreeDescendingPeaks|DescendingScallop,61.22,HOLD,11.87,344.94,398.35,344.94,368.67,-1.39,15.65,-17.04,364.32,352.46,314.84,257.24,0.68,uptrend,0.00,0.63,true
2026-09-04,A,150.86,1825400,54.02,20.19,145.45,158.79,145.45,163.75,-79.81,73,DoubleBottom|DoubleTop,90.74,HOLD,4.51,144.10,164.38,144.10,153.11,4.27,5.74,-1.46,152.12,150.50,142.33,131.59,0.79,uptrend,0.00,0.63,true
2026-09-04,AAPL,319.97,39551800,53.89,56.76,298.60,327.68,300.57,330.81,-43.24,73,ThreeRisingValleys|AscendingScallop,350.05,HOLD,7.64,308.51,342.89,308.51,323.79,4.62,-1.75,6.37,313.14,316.91,315.15,283.87,1.00,uptrend,0.00,0.42,false
2026-09-04,ABBV,256.46,4728800,50.20,28.21,245.57,269.51,244.03,266.97,-71.79,73,DoubleTop|AscendingScallop,119.05,HOLD,5.70,247.91,273.55,247.91,259.31,5.83,4.55,1.28,257.54,257.63,254.48,228.34,1.11,uptrend,0.00,0.29,false
2026-09-04,ABT,108.33,7029300,47.28,9.72,106.68,117.10,107.36,117.34,-90.28,73,DoubleBottom|DoubleTop|HeadAndShoulders,166.00,HOLD,2.81,104.11,116.77,104.11,109.74,1.71,3.14,-1.44,111.89,110.31,104.37,106.31,0.94,uptrend,0.00,0.15,false
2026-09-04,ACN,186.72,5103400,58.99,65.45,171.51,194.84,169.75,195.32,-34.55,73,ThreeRisingValleys|AscendingScallop,314.10,HOLD,6.84,176.45,207.25,176.45,190.14,6.86,7.62,-0.75,183.17,182.03,161.71,202.90,1.00,downtrend,0.00,0.28,false
2026-09-04,ADBE,266.51,6637100,48.86,22.89,252.94,295.30,251.20,294.53,-77.11,73,,194.93,HOLD,11.21,249.70,300.14,249.70,272.11,9.99,10.40,-0.41,274.12,273.03,248.85,267.93,1.54,downtrend,0.00,0.08,false
2026-09-04,ADI,362.25,3559800,42.77,37.60,350.99,394.19,348.00,396.95,-62.40,73,ThreeDescendingPeaks|DescendingScallop,116.51,HOLD,11.32,345.27,396.21,345.27,367.91,-7.70,-1.64,-6.06,372.59,368.76,377.37,348.30,0.99,uptrend,0.00,0.08,false
2026-09-04,ADM,84.61,2362900,59.98,85.37,77.38,85.23,75.86,86.11,-14.63,73,DoubleBottom,386.10,HOLD,2.61,80.69,92.44,80.69,85.92,1.11,0.33,0.79,81.30,81.83,80.97,72.12,0.67,uptrend,0.83,0.69,true
2026-09-04,ADSK,217.90,3956100,35.30,3.06,229.75,270.88,216.20,271.72,-96.94,73,HeadAndShoulders,216.00,SELL,10.93,234.30,185.10,234.30,212.43,2.14,6.79,-4.65,250.32,245.00,230.67,247.00,1.95,downtrend,0.00,0.08,false
2026-09-04,AKAM,105.22,1758400,39.65,12.57,98.80,126.09,102.55,127.04,-87.43,73,ThreeDescendingPeaks|DescendingScallop,188.44,HOLD,4.70,98.18,119.31,98.18,107.57,-6.17,-3.01,-3.16,112.45,110.69,115.97,109.58,0.59,downtrend,0.00,0.08,false
2026-09-04,ALB,126.28,3239400,42.08,17.72,126.18,142.12,122.45,144.06,-82.28,73,DoubleTop,194.12,HOLD,5.87,117.48,143.89,117.48,129.21,4.17,6.77,-2.59,134.15,132.76,127.98,156.58,1.60,downtrend,0.00,0.08,false
2026-09-04,ALGN,158.64,990500,41.76,23.67,149.33,179.81,153.98,182.20,-76.33,73,DescendingScallop,172.55,HOLD,5.90,149.79,176.35,149.79,161.59,-7.26,-5.31,-1.95,164.57,163.06,171.39,170.55,1.23,downtrend,0.00,0.08,false
2026-09-04,ALLE,157.12,746300,49.27,38.25,152.19,169.34,151.23,169.43,-61.75,73,DescendingScallop,85.98,HOLD,3.97,151.17,169.02,151.17,159.10,-3.48,-0.97,-2.51,160.77,158.18,152.71,151.09,0.54,uptrend,0.00,0.42,false
2026-09-04,AMAT,454.71,6009400,39.68,31.51,423.24,555.68,426.13,563.76,-68.49,73,ThreeDescendingPeaks|DescendingScallop,135.50,HOLD,23.77,419.06,526.01,419.06,466.59,-31.41,-16.24,-15.17,489.46,480.89,533.72,407.06,0.81,uptrend,0.00,0.50,false
2026-09-04,AMD,477.57,19651900,49.67,72.25,445.94,504.46,440.50,517.35,-27.75,73,ThreeDescendingPeaks,94.52,HOLD,22.51,443.81,545.10,443.81,488.82,-9.81,-5.67,-4.14,475.20,474.91,499.27,341.00,1.12,uptrend,0.00,0.83,true
2026-09-04,ANET,193.78,4204100,53.25,50.32,180.99,208.03,181.27,211.45,-49.68,73,DoubleBottom|HeadAndShoulders,105.68,HOLD,8.28,181.36,218.62,181.36,197.92,-1.03,3.95,-4.99,194.51,191.43,182.93,151.94,0.74,uptrend,0.00,0.63,true
2026-09-04,AOS,60.48,1312000,46.94,36.44,58.69,64.55,58.41,64.09,-63.56,73,DoubleTop,154.05,HOLD,1.60,58.08,65.28,58.08,61.28,-0.71,-0.15,-0.57,61.62,61.09,61.32,65.20,1.06,downtrend,0.00,0.08,false
2026-09-04,APD,301.27,675600,47.69,21.27,299.84,311.04,297.85,313.93,-78.73,73,DoubleBottom|DoubleTop,109.07,HOLD,6.32,291.79,320.23,291.79,304.43,2.00,3.12,-1.12,305.44,304.18,300.18,282.51,0.73,uptrend,0.00,0.22,false
2026-09-04,AVGO,357.90,32773600,38.05,35.83,333.71,422.93,342.33,432.73,-64.17,73,ThreeDescendingPeaks|DescendingScallop,170.53,HOLD,13.03,338.36,396.98,338.36,364.41,-22.02,-16.12,-5.91,378.32,373.55,383.66,369.83,1.40,downtrend,0.00,0.08,false
2026-09-04,AVY,175.06,774400,49.76,32.39,171.88,185.49,169.93,185.77,-67.61,73,DoubleBottom|DoubleTop,110.94,HOLD,4.87,167.75,189.68,167.75,177.50,0.65,3.59,-2.94,178.68,176.14,170.08,173.09,0.73,uptrend,0.00,0.08,false
2026-09-04,AZO,2983.29,402000,47.43,31.09,2915.89,3092.53,2903.57,3160.00,-68.91,73,DoubleBottom|ThreeDescendingPeaks|DescendingScallop,163.15,HOLD,72.79,2874.10,3201.67,2874.10,3019.69,-40.27,-24.64,-15.63,3004.21,2996.05,3036.33,3381.45,1.51,downtrend,0.00,0.08,false
2026-09-04,BBY,90.27,3954700,60.32,96.10,80.39,90.39,76.70,90.82,-3.90,73,DoubleTop,265.02,HOLD,3.45,85.09,100.63,85.09,92.00,0.36,0.20,0.17,85.39,85.45,84.02,71.47,0.97,uptrend,0.83,0.82,true
2026-09-04,BDX,184.74,1439100,57.49,32.55,179.00,193.35,175.63,193.07,-67.45,73,DoubleTop|HeadAndShoulders|AscendingScallop,56.00,HOLD,4.13,178.55,197.12,178.55,186.80,5.74,8.27,-2.52,186.18,183.99,170.00,159.80,0.88,uptrend,0.00,0.35,false
2026-09-04,BIIB,220.83,465100,57.98,68.52,204.24,227.30,201.00,225.80,-31.48,73,DoubleTop|AscendingScallop,261.96,HOLD,5.88,212.01,238.47,212.01,223.77,5.87,5.60,0.27,215.77,216.38,209.53,191.05,0.65,uptrend,0.00,0.55,false
2026-09-04,BKNG,193.29,6320100,41.92,4.38,193.34,220.25,192.19,217.32,-95.62,73,DoubleTop,166.00,HOLD,6.39,183.71,212.45,183.71,196.48,-1.69,3.75,-5.44,206.80,201.93,194.25,185.84,1.31,uptrend,0.00,0.22,false
2026-09-04,BLDR,65.79,2439800,42.24,32.43,62.31,75.88,62.31,75.50,-67.57,73,DescendingScallop,171.15,HOLD,3.12,61.11,75.16,61.11,67.35,-2.81,-1.45,-1.36,69.10,68.23,73.15,90.12,1.29,downtrend,0.00,0.08,false
2026-09-04,BSX,47.80,15502400,47.71,26.43,46.03,53.00,46.09,52.99,-73.57,73,InvertedCupWithHandle|ThreeDescendingPeaks|DescendingScallop,149.12,HOLD,1.80,45.10,53.20,45.10,48.70,-0.95,0.66,-1.61,49.51,48.42,46.89,66.76,0.81,downtrend,0.00,0.08,false
2026-09-04,CAH,247.18,1548300,64.97,90.24,226.28,247.23,227.68,258.30,-9.76,73,DoubleBottom,383.20,HOLD,5.24,239.32,262.90,239.32,249.80,1.19,0.81,0.38,236.75,237.80,234.23,215.76,0.91,uptrend,0.00,0.55,false
2026-09-04,CARR,59.71,4349200,42.57,54.79,56.34,64.53,56.44,64.73,-45.21,73,ThreeDescendingPeaks|DescendingScallop,123.92,HOLD,1.62,57.28,64.56,57.28,60.52,-2.32,-2.00,-0.32,60.43,60.35,64.73,61.39,0.85,downtrend,0.00,0.08,false
2026-09-04,CDNS,292.70,4224500,31.05,8.02,296.43,348.09,287.90,347.72,-91.98,73,DoubleTop|HeadAndShoulders,175.00,HOLD,12.51,273.93,330.23,273.93,298.96,-4.44,-5.32,0.89,322.26,322.93,341.64,327.13,1.88,downtrend,0.00,0.08,false
2026-09-04,CDW,152.38,1291200,60.62,79.37,128.12,155.66,130.56,158.05,-20.63,73,DoubleBottom,376.45,HOLD,6.65,142.41,172.32,142.41,155.70,2.52,-0.50,3.02,141.89,144.53,139.95,131.77,0.80,uptrend,0.00,0.49,false
2026-09-04,CEG,298.96,2896300,66.71,97.79,264.84,292.49,264.82,299.73,-2.21,73,DoubleBottom|AscendingScallop,538.17,HOLD,10.14,283.74,329.39,283.74,304.03,4.57,4.21,0.36,278.66,278.92,266.42,296.36,1.18,uptrend,0.00,0.54,false
2026-09-04,CF,133.35,2662100,60.59,64.55,112.24,139.39,113.81,141.27,-35.45,73,ThreeRisingValleys|AscendingScallop,404.52,HOLD,5.33,125.36,149.34,125.36,136.01,6.36,2.70,3.66,125.81,127.85,121.19,108.08,1.01,uptrend,0.83,0.69,true
2026-09-04,CHD,98.55,1340300,43.92,32.76,96.83,104.12,96.27,103.66,-67.24,73,DoubleBottom|FallingWedge|DoubleTop|HeadAndShoulders,113.55,HOLD,2.07,95.44,104.77,95.44,99.59,-0.54,-0.22,-0.32,100.48,100.08,99.28,94.92,0.81,uptrend,0.00,0.08,false
2026-09-04,CHRW,147.64,1116200,41.82,53.29,141.09,152.34,141.24,153.25,-46.71,73,DoubleBottom|DoubleTop|HeadAndShoulders,90.00,HOLD,4.75,140.51,161.90,140.51,150.02,-0.58,-5.22,4.65,146.71,150.13,168.19,172.72,0.90,downtrend,0.00,0.20,false
2026-09-04,CIEN,321.00,3340000,33.92,8.09,322.69,456.80,311.60,462.69,-91.91,73,ThreeDescendingPeaks|DescendingScallop,191.00,HOLD,26.28,281.58,399.83,281.58,334.14,-20.10,0.07,-20.17,389.75,377.97,404.74,377.16,1.41,downtrend,0.00,0.08,false
2026-09-04,CL,88.77,4100600,40.16,2.58,88.71,93.49,88.66,93.88,-97.42,73,DoubleBottom|DoubleTop|DescendingScallop,166.00,HOLD,1.78,86.10,94.11,86.10,89.66,-0.79,-0.56,-0.23,91.10,90.81,91.83,87.72,1.03,uptrend,0.00,0.08,false
2026-09-04,CLX,93.06,2216100,30.09,2.56,93.09,113.20,92.63,109.42,-97.44,73,FallingWedge|DoubleTop,216.00,SELL,2.90,97.42,84.35,97.42,91.61,-2.20,1.06,-3.27,103.14,100.38,99.86,103.17,0.77,downtrend,0.00,0.08,false
2026-09-04,CMI,560.75,1059400,34.19,20.11,527.02,658.34,542.70,653.00,-79.89,73,ThreeDescendingPeaks|DescendingScallop,172.97,HOLD,17.80,534.05,614.14,534.05,569.65,-36.38,-26.17,-10.21,592.68,586.18,632.75,600.06,1.17,downtrend,0.00,0.08,false
2026-09-04,COHR,281.86,5035800,46.03,35.87,246.21,352.24,255.25,386.50,-64.13,73,ThreeDescendingPeaks|DescendingScallop,136.89,HOLD,23.10,247.22,351.15,247.22,293.41,-22.47,-5.10,-17.37,299.22,290.60,307.12,276.44,0.73,uptrend,0.00,0.08,false
2026-09-04,COO,69.59,1957000,37.26,5.65,68.08,79.48,69.08,78.11,-94.35,73,DoubleTop|InvertedCupWithHandle|ThreeDescendingPeaks|DescendingScallop,216.00,SELL,1.55,71.92,64.94,71.92,68.81,-1.70,0.07,-1.78,73.78,72.31,72.65,73.38,1.19,downtrend,0.00,0.08,false
2026-09-04,COP,134.26,5496100,62.76,66.45,122.89,138.78,119.17,137.42,-33.55,73,DoubleTop|ThreeRisingValleys|AscendingScallop,325.51,HOLD,3.03,129.71,143.36,129.71,135.78,5.61,6.03,-0.42,130.84,130.30,120.17,112.74,0.84,uptrend,0.00,0.47,false
2026-09-04,COR,330.95,1027600,59.10,70.93,306.75,338.99,302.01,338.71,-29.07,73,DoubleTop,191.77,HOLD,7.51,319.69,353.48,319.69,334.70,5.23,2.99,2.24,322.87,323.72,312.10,321.92,0.83,uptrend,0.00,0.20,false
2026-09-04,CPRT,33.72,6588900,64.09,75.60,28.97,35.44,28.68,34.63,-24.40,73,DoubleTop|AscendingScallop,232.60,HOLD,1.07,32.12,36.93,32.12,34.25,1.65,1.68,-0.03,32.21,32.23,30.08,34.45,0.66,downtrend,0.00,0.20,false
2026-09-04,CRH,94.26,3894500,44.66,50.75,90.50,100.69,90.21,102.28,-49.25,73,HeadAndShoulders|DescendingScallop,142.96,HOLD,2.72,90.17,102.43,90.17,95.62,-1.82,-1.91,0.08,95.59,95.44,99.76,111.48,0.91,downtrend,0.00,0.08,false
2026-09-04,CRL,288.50,738900,60.05,38.93,275.62,301.44,265.49,303.31,-61.07,73,DoubleTop|HeadAndShoulders|AscendingScallop,56.00,HOLD,9.59,274.12,317.27,274.12,293.29,13.21,20.11,-6.90,288.53,282.84,254.63,200.15,0.82,uptrend,0.00,0.75,true
2026-09-04,CRM,259.23,10490600,76.62,87.95,165.87,275.96,189.91,268.27,-12.05,73,ThreeRisingValleys|AscendingScallop,453.14,BUY,10.32,243.74,290.20,243.74,264.39,23.07,15.76,7.31,220.92,227.52,191.65,200.75,0.64,uptrend,0.83,0.69,true
2026-09-04,CRWD,213.10,8422800,53.12,60.52,182.45,238.67,181.24,233.88,-39.48,73,IslandReversal,247.93,BUY,12.39,194.51,250.27,194.51,219.30,-3.57,1.15,-4.71,210.56,208.40,200.81,142.49,0.81,uptrend,0.33,0.75,true
2026-09-04,CSCO,109.20,12374300,40.95,29.91,103.93,121.17,107.60,124.71,-70.09,73,DoubleBottom|DescendingScallop,166.00,HOLD,2.82,104.96,117.67,104.96,110.61,-3.84,-3.15,-0.70,112.55,111.81,114.28,94.75,0.63,uptrend,0.00,0.37,false
2026-09-04,CSGP,30.91,3875300,47.36,16.86,30.38,33.49,30.04,33.82,-83.14,73,DoubleBottom|DoubleTop|ThreeDescendingPeaks,154.12,HOLD,1.38,28.84,35.05,28.84,31.60,0.54,1.11,-0.57,31.94,31.55,30.29,43.73,0.59,downtrend,0.00,0.08,false
2026-09-04,CSX,49.41,7816200,43.08,36.57,48.54,52.29,47.83,52.15,-63.43,73,DoubleTop|HeadAndShoulders,167.82,HOLD,1.04,47.85,52.53,47.85,49.93,0.08,0.09,-0.01,50.41,50.23,50.14,43.16,0.85,uptrend,0.00,0.55,true
2026-09-04,CTAS,200.47,1320800,48.76,29.18,197.28,207.48,196.50,207.51,-70.82,73,DoubleBottom|DoubleTop|HeadAndShoulders,63.70,HOLD,3.82,194.74,211.92,194.74,202.38,0.41,-0.98,1.39,202.38,201.86,197.28,186.84,0.79,uptrend,0.00,0.20,false
2026-09-04,CTSH,62.31,4473100,60.41,64.09,56.32,66.16,56.37,65.42,-35.91,73,ThreeRisingValleys|AscendingScallop,294.27,HOLD,2.17,59.06,68.82,59.06,63.40,2.95,3.41,-0.46,61.24,60.82,52.46,62.78,0.68,downtrend,0.00,0.20,false
2026-09-04,CTVA,87.86,4274300,64.30,79.09,72.20,90.63,74.94,90.87,-20.91,73,ThreeRisingValleys|AscendingScallop,453.39,HOLD,2.33,84.37,94.84,84.37,89.02,4.06,0.37,3.69,81.41,83.70,83.35,77.38,0.93,uptrend,0.00,0.47,false
2026-09-04,DASH,211.73,4170700,45.59,1.99,205.28,239.54,206.25,238.83,-98.01,73,,121.67,HOLD,8.07,199.63,235.94,199.63,215.76,8.99,11.78,-2.79,222.41,220.39,203.63,188.49,1.01,uptrend,0.00,0.63,true
2026-09-04,DD,131.59,1832700,36.15,18.40,129.51,147.28,129.17,146.82,-81.60,73,ThreeDescendingPeaks|DescendingScallop,180.49,HOLD,3.40,126.50,141.78,126.50,133.29,-3.88,-1.76,-2.12,138.40,136.69,138.31,136.66,1.52,downtrend,0.00,0.08,false
2026-09-04,DECK,85.81,2693000,37.71,26.02,82.55,96.52,83.25,98.18,-73.98,73,DescendingScallop,179.75,HOLD,2.75,81.68,94.07,81.68,87.19,-4.05,-4.31,0.26,89.54,89.59,97.19,102.55,1.01,downtrend,0.00,0.08,false
2026-09-04,DHI,142.75,1665600,43.85,12.93,141.23,152.82,141.02,154.40,-87.07,73,DoubleTop|ThreeDescendingPeaks|DescendingScallop,207.70,SELL,3.89,148.58,131.09,148.58,140.81,-1.22,-0.01,-1.21,147.03,146.29,149.32,149.83,0.91,downtrend,0.00,0.08,false
2026-09-04,DHR,207.66,2898100,50.46,38.57,199.42,221.05,199.49,220.67,-61.43,73,DoubleTop,164.42,HOLD,6.29,198.23,226.53,198.23,210.80,5.95,6.51,-0.55,210.23,209.06,201.63,202.83,0.93,uptrend,0.00,0.22,false
2026-09-04,DOV,192.88,1358400,36.48,27.35,188.43,213.76,187.72,212.91,-72.65,73,DescendingScallop,186.29,HOLD,4.20,186.59,205.47,186.59,194.98,-5.40,-2.81,-2.59,201.10,199.38,207.32,210.00,1.29,downtrend,0.00,0.08,false
2026-09-04,DVN,48.06,8841700,57.22,53.37,44.43,50.34,43.65,49.72,-46.63,73,DoubleTop|AscendingScallop,191.37,HOLD,1.23,46.22,51.74,46.22,48.67,1.66,1.78,-0.12,47.39,47.31,44.81,43.51,0.88,uptrend,0.00,0.27,false
2026-09-04,DXCM,87.90,2361500,52.92,7.68,87.63,92.15,84.53,92.59,-92.32,73,DoubleTop|HeadAndShoulders,69.92,HOLD,2.49,84.17,95.36,84.17,89.14,1.34,3.86,-2.52,89.89,88.28,81.22,70.90,0.58,uptrend,0.00,0.63,true
2026-09-04,EBAY,103.41,3197800,44.42,30.28,100.81,107.99,100.50,111.00,-69.72,73,DoubleBottom|DoubleTop|DescendingScallop,102.89,HOLD,3.29,98.48,113.28,98.48,105.05,-0.98,-2.97,1.99,104.40,105.55,109.33,98.66,0.77,uptrend,0.00,0.08,false
2026-09-04,ECL,279.28,1017300,47.21,20.11,273.74,290.84,273.33,295.33,-79.89,73,DoubleBottom|HeadAndShoulders,95.02,HOLD,5.76,270.64,296.55,270.64,282.16,1.40,1.74,-0.34,282.29,281.75,278.81,272.86,0.73,uptrend,0.00,0.08,false
2026-09-04,EFX,177.05,2736800,42.77,30.43,175.49,197.95,167.93,197.90,-69.57,73,DoubleTop|HeadAndShoulders,300.27,SELL,7.30,188.00,155.14,188.00,173.40,5.10,5.38,-0.28,186.72,185.59,178.18,187.79,2.59,downtrend,0.00,0.08,false
2026-09-04,EL,103.86,4712900,66.67,81.57,80.85,112.41,83.85,108.38,-18.43,73,HeadAndShoulders|AscendingScallop,288.40,HOLD,3.40,98.76,114.06,98.76,105.56,8.30,6.62,1.68,96.63,97.69,88.50,92.27,1.18,uptrend,0.83,0.69,true
2026-09-04,EMR,152.82,2036700,48.76,42.71,147.26,166.69,146.35,166.35,-57.29,73,ThreeDescendingPeaks|DescendingScallop,86.00,HOLD,3.98,146.85,164.75,146.85,154.81,-2.97,0.74,-3.71,156.97,153.99,149.43,142.71,0.91,uptrend,0.00,0.34,false
2026-09-04,EOG,145.19,2636900,50.45,22.27,139.75,152.80,136.59,153.67,-77.73,73,DoubleTop|InvertedCupWithHandle|AscendingScallop,120.00,HOLD,3.47,139.99,155.59,139.99,146.92,2.42,2.67,-0.25,146.28,145.67,141.53,128.69,0.96,uptrend,0.00,0.15,false
2026-09-04,EQIX,1035.98,344600,45.18,32.08,1014.81,1108.00,1002.24,1109.22,-67.92,73,DoubleTop,112.38,HOLD,30.59,990.09,1127.75,990.09,1051.28,-3.04,11.11,-14.16,1061.40,1051.98,1045.68,961.11,0.64,uptrend,0.00,0.20,false
2026-09-04,EW,89.90,2635300,49.31,30.93,88.83,93.26,88.40,93.91,-69.07,73,DoubleBottom|DoubleTop|DescendingScallop,94.72,HOLD,2.00,86.90,95.89,86.90,90.90,-0.19,1.20,-1.38,91.04,90.24,89.64,84.95,0.94,uptrend,0.00,0.15,false
2026-09-04,EXPD,188.80,505200,61.12,56.45,180.11,193.58,176.79,192.28,-43.55,73,DoubleTop|HeadAndShoulders|AscendingScallop,140.59,HOLD,3.75,183.18,200.05,183.18,190.67,4.09,5.83,-1.74,186.85,185.97,178.30,158.72,0.66,uptrend,0.00,0.82,true
2026-09-04,EXPE,298.04,1845700,43.50,5.03,298.97,343.34,295.71,342.00,-94.97,73,HeadAndShoulders,141.00,HOLD,12.01,280.03,334.06,280.03,304.04,1.73,10.76,-9.03,321.16,313.35,294.73,258.69,1.30,uptrend,0.00,0.63,true
2026-09-04,FAST,49.60,6568300,49.58,43.33,48.32,53.03,47.65,52.92,-56.67,73,DoubleTop|DescendingScallop,78.10,HOLD,1.14,47.89,53.03,47.89,50.17,-0.41,0.64,-1.06,50.67,49.83,48.68,45.37,1.06,uptrend,0.00,0.28,false
2026-09-04,FCX,72.73,7265300,53.25,48.31,64.03,81.23,65.57,80.24,-51.69,73,HeadAndShoulders|AscendingScallop,141.80,HOLD,2.86,68.44,81.31,68.44,74.16,4.29,4.04,0.25,72.63,72.48,66.44,60.93,0.52,uptrend,0.00,0.49,false
2026-09-04,FFIV,390.47,312500,46.55,37.57,371.87,422.41,376.21,425.61,-62.43,73,DoubleBottom|HeadAndShoulders|DescendingScallop,116.93,HOLD,13.04,370.92,429.58,370.92,396.99,-7.49,-6.08,-1.41,397.14,396.31,404.66,327.20,0.66,uptrend,0.00,0.44,false
2026-09-04,FICO,932.26,1430000,30.24,15.56,990.07,1220.39,885.00,1188.80,-84.44,73,DoubleTop|MeasuredMoveDown,256.26,SELL,61.17,1024.02,748.75,1024.02,901.67,27.08,3.57,23.51,1105.23,1110.65,1167.58,1304.58,4.56,downtrend,0.00,0.08,false
2026-09-04,FIX,1610.34,276900,46.07,33.82,1472.68,1829.32,1505.73,1883.70,-66.18,73,ThreeDescendingPeaks|DescendingScallop,118.95,HOLD,80.74,1489.23,1852.56,1489.23,1650.71,-79.14,-35.78,-43.36,1651.00,1631.42,1710.93,1491.86,0.75,uptrend,0.00,0.34,false
2026-09-04,FLEX,109.51,4493800,42.94,29.75,100.07,129.34,102.25,131.63,-70.25,73,ThreeDescendingPeaks|DescendingScallop,124.32,HOLD,5.84,100.74,127.04,100.74,112.43,-6.59,-3.02,-3.57,114.71,113.24,123.04,94.84,1.56,uptrend,0.00,0.63,true
2026-09-04,FSLR,204.45,1520700,41.44,24.42,191.43,238.22,197.81,251.39,-75.58,73,InvertedCupWithHandle|ThreeDescendingPeaks|DescendingScallop,209.22,SELL,8.97,217.91,177.54,217.91,199.96,-13.14,-6.60,-6.53,214.82,211.71,219.06,230.60,0.81,downtrend,0.00,0.08,false
2026-09-04,FTNT,156.29,3060100,47.82,31.36,147.19,171.35,148.25,173.89,-68.64,73,DoubleBottom,123.76,HOLD,7.03,145.74,177.39,145.74,159.81,-1.25,-0.76,-0.49,159.27,159.16,158.78,110.06,0.70,uptrend,0.00,0.63,true
2026-09-04,GDDY,101.31,1621700,57.59,60.85,90.09,104.46,88.73,106.00,-39.15,73,CupWithHandle|ThreeRisingValleys|AscendingScallop,432.32,HOLD,4.20,95.00,113.92,95.00,103.41,3.91,2.43,1.47,97.28,97.79,93.45,96.18,0.91,uptrend,0.00,0.35,false
2026-09-04,GEHC,68.86,2812600,41.59,5.23,69.28,75.76,68.49,75.65,-94.77,73,DoubleTop,191.00,HOLD,1.73,66.26,74.05,66.26,69.73,0.16,1.85,-1.69,72.52,71.17,68.29,72.74,1.10,downtrend,0.00,0.08,false
2026-09-04,GEV,941.95,1236500,44.62,38.63,865.92,1078.04,874.00,1099.66,-61.37,73,ThreeDescendingPeaks|DescendingScallop,114.81,HOLD,42.16,878.70,1068.44,878.70,963.03,-44.93,-17.67,-27.26,971.98,958.41,1015.40,886.12,0.61,uptrend,0.00,0.42,false
2026-09-04,GILD,151.00,6181300,67.67,88.09,133.32,155.37,131.61,152.55,-11.91,73,AscendingScallop,416.22,HOLD,3.62,145.56,161.87,145.56,152.81,6.47,6.37,0.09,144.35,144.85,136.60,134.36,1.15,uptrend,0.00,0.49,false
2026-09-04,GLW,154.30,8543200,50.01,52.24,138.45,169.73,139.25,176.94,-47.76,73,ThreeDescendingPeaks|DescendingScallop,73.12,HOLD,8.72,141.22,180.46,141.22,158.66,-5.14,0.94,-6.08,154.09,152.22,165.25,143.78,0.98,uptrend,0.00,0.15,false
2026-09-04,GNRC,187.35,605600,37.45,24.09,174.80,229.92,178.19,225.34,-75.91,73,ThreeDescendingPeaks|DescendingScallop,164.29,HOLD,8.89,174.02,214.01,174.02,191.79,-10.39,-2.29,-8.10,202.36,198.07,216.54,208.50,0.63,downtrend,0.00,0.08,false
2026-09-04,GOOGL,338.46,23157700,44.82,30.03,334.32,352.90,332.82,357.61,-69.97,73,DoubleBottom|DoubleTop|HeadAndShoulders|DescendingScallop,129.87,HOLD,8.12,326.28,362.81,326.28,342.52,-6.38,-3.27,-3.11,343.61,343.38,348.57,335.94,1.04,uptrend,0.00,0.27,false
2026-09-04,GPC,138.08,737200,61.01,82.75,131.60,139.46,129.40,139.89,-17.25,73,DoubleTop|HeadAndShoulders|AscendingScallop,216.54,HOLD,3.22,133.26,147.73,133.26,139.69,2.01,2.62,-0.60,135.53,134.92,129.29,119.85,0.67,uptrend,0.83,0.82,true
2026-09-04,GRMN,277.03,733500,41.38,22.31,268.73,318.95,268.01,314.28,-77.69,73,ThreeDescendingPeaks|DescendingScallop,114.10,HOLD,7.00,266.52,298.04,266.52,280.53,-10.97,-0.63,-10.34,293.84,285.76,272.51,238.37,0.89,uptrend,0.00,0.23,false
2026-09-04,GWW,1324.49,175400,51.66,75.28,1288.85,1333.83,1274.60,1337.96,-24.72,73,DoubleBottom|DoubleTop|HeadAndShoulders,183.01,HOLD,26.97,1284.03,1405.41,1284.03,1337.98,-0.89,-9.67,8.78,1311.34,1315.53,1339.44,1177.54,0.84,uptrend,0.00,0.61,true
2026-09-04,HAL,37.07,12547000,62.86,80.32,32.42,37.94,32.23,38.06,-19.68,73,AscendingScallop,370.45,HOLD,1.04,35.51,40.19,35.51,37.59,1.46,1.36,0.10,35.18,35.46,34.09,34.80,1.18,uptrend,0.00,0.28,false
2026-09-04,HD,321.05,2261000,37.81,16.60,314.79,354.53,315.21,358.36,-83.40,73,ThreeDescendingPeaks|DescendingScallop,205.99,SELL,7.31,332.02,299.12,332.02,317.39,-8.68,-4.30,-4.38,334.66,331.18,339.12,343.90,0.62,downtrend,0.00,0.08,false
2026-09-04,HSY,173.15,1494400,37.77,6.13,172.81,192.00,172.02,190.46,-93.87,73,DoubleTop,216.00,SELL,4.02,179.17,161.10,179.17,171.14,-0.43,1.96,-2.40,182.40,180.11,178.88,192.44,1.30,downtrend,0.00,0.08,false
2026-09-04,HUBB,460.72,530780,42.70,38.10,432.25,523.76,439.89,529.39,-61.90,73,ThreeDescendingPeaks|DescendingScallop,178.39,HOLD,13.25,440.84,500.47,440.84,467.35,-20.85,-10.86,-9.98,478.01,470.77,485.08,485.54,1.19,downtrend,0.00,0.08,false
2026-09-04,IBM,234.89,3721100,50.04,50.04,228.97,239.66,227.40,241.80,-49.96,73,DoubleBottom|DoubleTop|HeadAndShoulders,106.00,HOLD,6.58,225.01,254.64,225.01,238.18,0.02,2.41,-2.40,234.31,233.98,241.35,262.32,0.77,downtrend,0.00,0.20,false
2026-09-04,IDXX,535.38,407800,41.35,24.91,524.10,586.28,522.05,602.00,-75.09,73,BearishFlag|DescendingScallop,197.09,HOLD,16.76,510.24,585.67,510.24,543.76,-13.17,-9.60,-3.57,555.19,551.42,558.15,607.14,0.81,downtrend,0.00,0.08,false
2026-09-04,IEX,223.74,450100,39.50,12.69,221.65,243.59,220.98,242.73,-87.31,73,ThreeDescendingPeaks|DescendingScallop,158.38,HOLD,5.07,216.13,238.95,216.13,226.28,-3.50,0.14,-3.64,232.62,229.74,228.76,205.90,0.82,uptrend,0.00,0.34,false
2026-09-04,INCY,126.75,1031000,56.24,55.93,118.95,131.47,117.56,130.80,-44.07,73,DoubleTop|HeadAndShoulders|AscendingScallop,132.47,HOLD,3.39,121.67,136.91,121.67,128.44,3.16,2.69,0.47,125.21,125.14,120.81,104.72,0.86,uptrend,0.00,0.75,true
2026-09-04,IR,76.36,3840300,37.83,28.04,73.34,86.93,74.03,87.97,-71.96,73,ThreeDescendingPeaks|DescendingScallop,196.98,HOLD,2.16,73.12,82.84,73.12,77.44,-4.00,-3.17,-0.83,80.13,79.24,81.67,82.03,1.17,downtrend,0.00,0.08,false
2026-09-04,ISRG,366.70,2081300,43.02,8.24,356.58,406.84,363.23,405.34,-91.76,73,DoubleBottom|DescendingScallop,216.00,SELL,11.37,383.75,332.59,383.75,361.02,-7.25,4.17,-11.42,381.71,375.36,381.01,463.81,0.91,downtrend,0.00,0.08,false
2026-09-04,IT,186.42,839500,52.38,33.32,176.98,204.13,172.65,203.03,-66.68,73,HeadAndShoulders,88.95,HOLD,8.61,173.50,212.26,173.50,190.73,7.62,11.50,-3.88,190.56,187.26,163.91,177.59,0.68,uptrend,0.00,0.23,false
2026-09-04,ITW,270.12,1044200,35.65,17.63,267.06,298.16,265.89,297.76,-82.37,73,ThreeDescendingPeaks|DescendingScallop,156.73,HOLD,5.46,261.93,286.50,261.93,272.85,-7.22,-4.17,-3.05,282.61,279.37,280.23,266.90,1.07,uptrend,0.00,0.14,false
2026-09-04,JBHT,273.77,860000,53.37,68.12,253.54,284.63,254.11,287.93,-31.88,73,,186.68,HOLD,8.42,261.14,299.03,261.14,277.98,-4.17,-2.53,-1.64,269.09,268.29,276.33,237.40,1.07,uptrend,0.00,0.68,true
2026-09-04,JBL,310.57,714200,44.85,26.17,275.39,375.86,292.29,376.97,-73.83,73,DescendingScallop,133.17,HOLD,13.19,290.78,350.14,290.78,317.17,-19.96,-4.99,-14.97,325.62,316.69,327.12,292.82,0.76,uptrend,0.00,0.23,false
2026-09-04,JCI,144.94,3105600,51.34,50.37,134.91,156.38,137.54,156.84,-49.63,73,InvertedCupWithHandle|DescendingScallop,75.82,HOLD,3.69,139.40,156.01,139.40,146.79,-5.17,-2.18,-2.99,145.65,143.84,144.57,134.72,1.10,uptrend,0.00,0.28,false
2026-09-04,JNJ,275.23,4320100,60.57,66.13,257.19,279.34,255.26,281.07,-33.87,73,DoubleTop|AscendingScallop,267.69,HOLD,5.52,266.94,291.80,266.94,277.99,5.56,4.91,0.65,268.26,268.64,261.77,235.82,0.69,uptrend,0.00,0.55,false
2026-09-04,KLAC,185.60,12720000,47.38,57.13,163.96,211.78,167.05,214.80,-42.87,73,DescendingScallop,99.96,HOLD,9.32,171.62,213.56,171.62,190.26,-8.97,-3.96,-5.01,187.87,185.34,205.76,171.52,1.41,uptrend,0.00,0.44,false
2026-09-04,KMB,104.96,4149000,39.45,1.46,105.99,111.97,104.85,112.38,-98.54,73,DoubleTop|HeadAndShoulders,150.00,HOLD,2.48,101.24,112.40,101.24,106.20,-0.23,-0.27,0.05,108.98,108.77,109.73,103.24,1.40,uptrend,0.00,0.08,false
2026-09-04,KVUE,18.74,26856800,43.65,5.75,18.67,19.43,18.65,19.56,-94.25,73,DoubleBottom|DoubleTop|HeadAndShoulders,150.00,HOLD,0.37,18.19,19.84,18.19,18.92,-0.04,-0.10,0.05,19.05,19.05,19.18,17.95,1.34,uptrend,0.00,0.08,false
2026-09-04,LH,326.89,438600,55.12,24.01,316.79,341.98,315.33,341.80,-75.99,73,DoubleTop|HeadAndShoulders,66.76,HOLD,7.31,315.92,348.83,315.92,330.55,8.03,9.71,-1.69,329.39,326.81,306.53,275.57,0.75,uptrend,0.00,0.57,true
2026-09-04,LII,390.53,443800,36.34,36.59,369.23,435.54,371.65,439.96,-63.41,73,ThreeDescendingPeaks|DescendingScallop,153.01,HOLD,13.00,371.03,429.54,371.03,397.03,-19.81,-25.14,5.33,402.38,406.35,472.92,498.11,0.95,downtrend,0.00,0.08,false
2026-09-04,LIN,477.57,2273700,38.50,6.05,474.36,494.88,473.05,495.96,-93.95,73,DoubleBottom|DoubleTop|HeadAndShoulders,147.43,HOLD,8.46,464.87,502.96,464.87,481.80,1.35,-3.95,5.30,484.62,487.11,501.51,480.48,1.20,downtrend,0.00,0.08,false
2026-09-04,LITE,881.26,3558500,51.78,52.08,796.82,970.96,784.47,999.67,-47.92,73,DoubleBottom|ThreeDescendingPeaks,108.67,HOLD,66.81,781.04,1081.69,781.04,914.66,17.94,47.47,-29.53,883.89,871.02,816.39,685.22,0.77,uptrend,0.00,0.63,true
2026-09-04,LLY,1149.36,2218900,41.33,7.64,1127.28,1277.91,1137.50,1292.65,-92.36,73,InvertedCupWithHandle|ThreeDescendingPeaks|DescendingScallop,166.00,HOLD,35.46,1096.18,1255.73,1096.18,1167.09,0.45,16.27,-15.82,1202.60,1185.74,1191.50,1063.33,0.89,uptrend,0.00,0.22,false
2026-09-04,LOW,204.45,2436100,41.23,19.32,198.52,226.02,199.34,225.79,-80.68,73,ThreeDescendingPeaks|DescendingScallop,189.59,HOLD,5.04,196.89,219.57,196.89,206.97,-4.84,-1.24,-3.61,212.27,209.49,213.34,236.23,0.79,downtrend,0.00,0.08,false
2026-09-04,LRCX,307.65,8355500,48.91,58.02,283.60,341.92,278.04,345.28,-41.98,73,ThreeDescendingPeaks,91.14,HOLD,16.37,283.09,356.77,283.09,315.84,-5.71,5.02,-10.74,312.76,307.72,321.88,260.90,1.12,uptrend,0.00,0.57,true
2026-09-04,LULU,100.61,37312300,31.79,9.89,108.51,129.33,97.99,128.76,-90.11,73,DescendingScallop,288.00,SELL,5.89,109.45,82.93,109.45,97.66,-2.47,-1.46,-1.01,118.92,117.83,118.40,152.77,6.19,downtrend,0.00,0.08,false
2026-09-04,MAA,128.32,580400,39.23,10.20,127.44,134.46,127.67,135.73,-89.80,73,DoubleBottom|DoubleTop|HeadAndShoulders|DescendingScallop,191.00,HOLD,2.12,125.14,134.67,125.14,129.38,-1.41,-1.26,-0.15,130.95,130.71,133.77,132.21,0.76,downtrend,0.00,0.08,false
2026-09-04,MAS,72.70,1992200,46.51,41.63,70.54,76.15,70.04,77.63,-58.37,73,ThreeDescendingPeaks|DescendingScallop,170.42,HOLD,2.00,69.69,78.71,69.69,73.70,-1.37,-1.26,-0.12,73.34,73.23,76.09,69.60,1.08,uptrend,0.00,0.34,false
2026-09-04,MCHP,74.17,7673200,44.81,40.00,70.13,81.99,70.45,85.66,-60.00,73,DescendingScallop,150.04,HOLD,3.02,69.64,83.23,69.64,75.68,-2.56,-1.24,-1.32,76.06,75.43,79.86,77.38,0.95,downtrend,0.00,0.08,false
2026-09-04,MCK,907.99,879200,58.57,76.15,837.32,929.91,837.88,929.95,-23.85,73,ThreeRisingValleys|AscendingScallop,430.88,HOLD,22.80,873.80,976.38,873.80,919.39,14.86,7.83,7.03,883.61,885.93,847.25,843.22,0.97,uptrend,0.00,0.27,false
2026-09-04,MDLZ,61.28,7906400,43.75,7.97,60.67,64.78,60.85,65.55,-92.03,73,DoubleBottom|BearishFlag|DoubleTop|HeadAndShoulders,166.00,HOLD,1.32,59.30,65.24,59.30,61.94,0.10,0.43,-0.33,62.73,62.38,61.53,59.10,1.15,uptrend,0.00,0.08,false
2026-09-04,MDT,94.17,9012900,64.50,77.33,89.14,94.32,86.72,95.41,-22.67,73,DoubleTop|AscendingScallop,290.13,HOLD,2.28,90.75,101.02,90.75,95.31,1.63,2.53,-0.90,91.73,91.05,86.74,89.72,1.13,uptrend,0.00,0.49,false
2026-09-04,MKC,52.08,2804200,42.20,10.63,52.04,56.66,51.51,56.87,-89.37,73,DoubleBottom|DoubleTop,218.20,SELL,1.46,54.26,47.71,54.26,51.35,0.62,1.40,-0.79,54.35,53.82,52.85,57.12,1.17,downtrend,0.00,0.08,false
2026-09-04,MLM,514.77,692200,41.03,30.82,504.51,557.29,502.56,559.03,-69.18,73,ThreeDescendingPeaks|DescendingScallop,183.07,HOLD,13.76,494.12,556.06,494.12,521.65,-10.47,-9.87,-0.60,530.90,528.98,552.57,601.01,1.15,downtrend,0.00,0.08,false
2026-09-04,MMM,168.56,2175200,34.33,15.66,167.36,187.87,165.80,184.69,-84.34,73,ThreeDescendingPeaks|DescendingScallop,152.94,HOLD,3.45,163.39,178.90,163.39,170.28,-3.50,-0.73,-2.78,177.62,174.71,171.61,160.88,0.83,uptrend,0.00,0.34,false
2026-09-04,MNST,43.82,12451300,33.58,3.04,43.61,49.25,43.65,49.24,-96.96,73,FallingWedge,230.00,SELL,1.08,45.44,40.58,45.44,43.28,-0.08,0.01,-0.09,46.43,46.22,47.39,41.78,1.27,uptrend,0.00,0.22,false
2026-09-04,MPWR,1223.86,625900,38.38,18.38,1181.03,1444.96,1189.49,1464.99,-81.62,73,ThreeDescendingPeaks|DescendingScallop,183.99,HOLD,56.71,1138.80,1393.99,1138.80,1252.21,-56.00,-25.18,-30.82,1313.00,1289.94,1328.53,1250.55,1.10,downtrend,0.00,0.08,false
2026-09-04,MRK,150.33,4395400,62.27,70.10,127.99,162.06,128.24,156.92,-29.90,73,DoubleTop|HeadAndShoulders|AscendingScallop|MeasuredMoveDown,118.91,HOLD,3.97,144.37,162.25,144.37,152.32,9.74,8.90,0.84,145.03,145.50,134.59,118.40,0.40,uptrend,0.00,0.75,true
2026-09-04,MRVL,223.55,21150500,51.08,42.48,197.58,251.58,200.62,254.60,-57.52,73,DoubleTop,72.79,HOLD,15.69,200.02,270.61,200.02,231.39,6.36,14.28,-7.91,224.58,220.90,220.67,151.77,0.86,uptrend,0.00,0.63,true
2026-09-04,MSFT,499.70,18074400,59.36,55.50,475.73,515.69,477.15,517.78,-44.50,73,DoubleBottom|DoubleTop,172.02,HOLD,11.84,481.94,535.22,481.94,505.62,3.67,14.13,-10.46,495.71,490.13,444.17,431.05,0.79,uptrend,0.00,0.56,true
2026-09-04,MTD,1345.26,103000,38.73,8.63,1352.02,1451.94,1334.73,1456.77,-91.37,73,DoubleTop|ThreeDescendingPeaks|DescendingScallop,166.00,HOLD,35.58,1291.89,1452.00,1291.89,1363.05,-21.05,-2.88,-18.17,1401.98,1386.16,1360.60,1319.47,0.60,uptrend,0.00,0.35,false
2026-09-04,MU,1016.59,35116600,60.15,99.09,868.53,1018.08,844.62,1036.13,-0.91,73,DoubleTop|AscendingScallop,316.45,BUY,54.84,934.33,1181.11,934.33,1044.01,25.66,35.78,-10.12,943.30,944.38,938.28,606.48,1.27,uptrend,0.83,0.90,true
2026-09-04,NDSN,318.36,428900,53.23,42.65,298.85,339.86,302.92,339.12,-57.35,73,DoubleTop|AscendingScallop,132.49,HOLD,7.02,307.83,339.43,307.83,321.87,9.67,9.71,-0.04,319.35,318.01,304.87,279.18,1.00,uptrend,0.00,0.48,false
2026-09-04,NEM,128.09,5745900,60.49,63.00,112.20,137.41,113.10,135.29,-37.00,73,HeadAndShoulders|AscendingScallop,177.60,HOLD,4.54,121.29,141.70,121.29,130.36,9.76,12.20,-2.44,124.80,122.85,107.15,108.50,0.71,uptrend,0.00,0.61,true
2026-09-04,NKE,38.40,20604300,40.06,13.27,37.48,42.17,37.95,42.23,-86.73,73,BearishFlag|DescendingScallop,214.54,SELL,1.09,40.04,35.12,40.04,37.85,-1.13,-1.08,-0.05,39.83,39.72,41.51,51.42,0.74,downtrend,0.00,0.08,false
2026-09-04,NOW,141.26,12493500,61.04,73.74,114.15,149.07,117.59,149.60,-26.26,73,ThreeRisingValleys|AscendingScallop,416.80,HOLD,6.81,131.04,161.70,131.04,144.67,8.11,7.35,0.76,131.61,132.24,117.02,118.58,0.71,uptrend,0.00,0.42,false
2026-09-04,NSC,329.46,703000,39.78,14.23,324.59,357.00,325.06,355.99,-85.77,73,DoubleTop|HeadAndShoulders,218.03,SELL,6.70,339.51,309.36,339.51,326.11,2.53,3.43,-0.90,340.80,339.04,335.16,308.94,0.60,uptrend,0.00,0.28,false
2026-09-04,NTAP,185.59,2247400,49.06,52.36,177.29,209.29,161.00,209.06,-47.64,73,ThreeDescendingPeaks|DescendingScallop,56.00,HOLD,8.56,172.75,211.27,172.75,189.87,-4.15,3.63,-7.78,193.29,187.70,178.70,130.62,0.87,uptrend,0.00,0.63,true
2026-09-04,NUE,261.07,776200,55.52,67.82,236.36,280.27,238.62,277.60,-32.18,73,DoubleBottom|ThreeRisingValleys|DescendingScallop,267.64,HOLD,8.43,248.42,286.36,248.42,265.29,-8.95,-5.73,-3.22,258.31,256.21,248.56,206.02,0.56,uptrend,0.67,0.75,true
2026-09-04,NVDA,230.36,134946800,60.39,84.01,208.12,232.04,207.25,234.76,-15.99,73,,312.09,BUY,7.38,219.29,252.50,219.29,234.05,0.56,3.67,-3.11,220.08,219.30,210.57,196.68,1.05,uptrend,0.83,0.72,true
2026-09-04,NXPI,227.84,2905900,43.91,73.40,218.90,236.48,217.30,242.49,-26.60,73,DescendingScallop,78.87,HOLD,7.26,216.96,249.61,216.96,231.47,-4.02,-7.23,3.21,227.69,230.01,250.27,243.70,1.00,downtrend,0.00,0.08,false
2026-09-04,ODFL,185.87,2389800,27.11,19.34,183.56,220.58,179.34,219.74,-80.66,73,ThreeDescendingPeaks|DescendingScallop,184.20,HOLD,6.89,175.53,206.55,175.53,189.32,-8.65,-7.32,-1.33,202.07,200.34,214.62,196.55,1.45,downtrend,0.00,0.08,false
2026-09-04,ON,74.38,10320100,41.91,34.09,68.41,84.48,70.92,85.55,-65.91,73,DescendingScallop,152.32,HOLD,3.32,69.39,84.35,69.39,76.04,-3.81,-3.25,-0.56,76.45,76.33,83.53,78.35,1.45,downtrend,0.00,0.08,false
2026-09-04,ORCL,158.78,26430100,60.94,95.87,138.63,157.99,137.43,159.70,-4.13,73,DoubleBottom|IslandReversal|DoubleTop|AscendingScallop,421.36,HOLD,6.77,148.62,179.10,148.62,162.17,1.17,4.60,-3.44,148.31,147.29,139.84,168.78,1.16,downtrend,0.00,0.35,false
2026-09-04,ORLY,87.89,3790400,44.48,23.39,86.36,93.32,86.40,93.84,-76.61,73,DoubleBottom|ThreeDescendingPeaks|DescendingScallop,187.59,HOLD,1.98,84.91,93.84,84.91,88.88,-1.64,-0.67,-0.97,89.84,89.08,89.01,92.17,0.82,downtrend,0.00,0.08,false
2026-09-04,OTIS,71.21,2976000,46.23,39.08,69.95,73.67,70.10,74.39,-60.92,73,DoubleBottom|DescendingScallop,172.01,HOLD,1.30,69.26,75.11,69.26,71.86,-0.63,-0.59,-0.04,71.81,71.70,72.35,79.98,0.91,downtrend,0.00,0.08,false
2026-09-04,PANW,333.26,5636200,43.50,18.00,322.20,405.36,321.39,398.88,-82.00,73,HeadAndShoulders|DescendingScallop,150.93,HOLD,18.85,304.99,389.81,304.99,342.68,-9.32,4.39,-13.71,363.78,353.88,349.30,233.07,0.91,uptrend,0.00,0.63,true
2026-09-04,PEP,137.63,6138900,42.03,2.36,136.82,144.28,136.73,145.90,-97.64,73,DoubleBottom|DoubleTop|HeadAndShoulders,280.00,SELL,2.41,141.25,130.39,141.25,136.42,0.94,1.06,-0.13,140.55,140.32,139.65,148.78,0.93,downtrend,0.00,0.08,false
2026-09-04,PG,146.44,5588200,52.45,69.13,142.28,147.66,142.14,148.36,-30.87,73,DoubleBottom|DoubleTop,174.38,HOLD,2.47,142.74,153.84,142.74,147.67,0.08,-0.72,0.80,144.97,145.61,146.72,147.57,0.63,downtrend,0.00,0.27,false
2026-09-04,PHM,124.45,962000,43.67,14.88,122.87,133.32,122.90,133.32,-85.12,73,DoubleTop,177.19,HOLD,3.32,119.47,134.41,119.47,126.11,-1.62,-0.97,-0.65,128.10,127.26,128.79,125.22,0.79,downtrend,0.00,0.08,false
2026-09-04,PKG,237.25,530400,42.59,34.35,229.23,264.19,227.65,259.98,-65.65,73,DoubleTop|DescendingScallop,115.52,HOLD,6.08,228.13,255.49,228.13,240.29,-6.72,-2.50,-4.22,246.71,242.59,242.30,223.19,1.06,uptrend,0.00,0.22,false
2026-09-04,PLD,137.34,2266800,38.74,13.14,136.98,143.95,136.36,143.82,-86.86,73,DoubleBottom|DoubleTop|HeadAndShoulders,141.11,HOLD,2.21,134.03,143.96,134.03,138.44,-0.15,-0.68,0.53,140.47,140.46,142.07,137.32,0.75,uptrend,0.00,0.14,false
2026-09-04,PNR,60.21,2365300,34.26,15.73,58.59,68.16,59.15,68.50,-84.27,73,BearishFlag|InvertedCupWithHandle|ThreeDescendingPeaks|DescendingScallop,212.21,SELL,1.94,63.13,54.38,63.13,59.24,-2.68,-1.75,-0.92,63.38,62.91,67.05,85.72,0.62,downtrend,0.00,0.08,false
2026-09-04,PODD,147.48,1058400,47.89,51.08,140.30,151.73,138.28,155.17,-48.92,73,DoubleBottom|AscendingScallop|DiamondBottom,294.86,HOLD,5.99,138.50,165.44,138.50,150.47,-0.98,-4.32,3.35,146.01,148.10,154.32,210.20,0.66,downtrend,0.00,0.20,false
2026-09-04,PPG,112.53,1174700,46.96,48.18,110.29,116.38,109.09,119.06,-51.82,73,HeadAndShoulders|DescendingScallop,107.34,HOLD,2.88,108.22,121.16,108.22,113.97,-1.42,-1.19,-0.23,113.34,113.22,115.79,111.38,0.94,uptrend,0.00,0.08,false
2026-09-04,PTC,141.02,2119700,43.03,5.24,143.34,159.48,140.00,159.46,-94.76,73,HeadAndShoulders,191.00,HOLD,5.32,133.05,156.97,133.05,143.68,3.22,6.58,-3.37,151.41,148.70,136.51,148.72,1.85,downtrend,0.00,0.08,false
2026-09-04,PWR,624.41,653600,45.37,25.96,574.61,715.51,593.70,724.80,-74.04,73,InvertedCupWithHandle|DescendingScallop,127.96,HOLD,24.37,587.85,697.53,587.85,636.60,-32.70,-8.62,-24.08,645.06,634.29,652.18,587.86,0.61,uptrend,0.00,0.20,false
2026-09-04,QCOM,168.74,8531400,53.08,82.57,157.34,170.70,156.23,171.38,-17.43,73,DoubleBottom|DoubleTop,277.15,HOLD,6.00,159.73,186.75,159.73,171.74,2.19,1.29,0.90,164.02,165.60,169.31,167.83,0.94,sideways,0.00,0.27,false
2026-09-04,RDDT,154.46,2830500,47.14,45.66,142.56,169.55,143.47,184.28,-54.34,73,DoubleBottom|ThreeDescendingPeaks|DescendingScallop,154.22,HOLD,9.17,140.70,181.98,140.70,159.05,-2.04,-3.29,1.24,156.05,156.64,170.01,174.54,0.41,downtrend,0.00,0.20,false
2026-09-04,REGN,827.72,561100,60.46,60.60,784.04,851.47,775.83,859.34,-39.40,73,DoubleBottom|DoubleTop,198.19,HOLD,20.45,797.04,889.07,797.04,837.95,17.54,34.01,-16.47,817.75,807.76,737.86,732.17,0.82,uptrend,0.00,0.55,false
2026-09-04,RL,351.20,682900,39.24,31.78,329.17,408.75,335.21,407.79,-68.22,73,ThreeDescendingPeaks|DescendingScallop,156.91,HOLD,11.06,334.60,384.39,334.60,356.73,-17.15,-9.50,-7.64,368.96,362.23,378.95,366.22,1.13,downtrend,0.00,0.08,false
2026-09-04,RMD,228.35,843800,53.24,37.36,217.78,241.59,210.58,242.40,-62.64,73,AscendingScallop,116.96,HOLD,6.65,218.37,248.31,218.37,231.68,6.38,8.02,-1.64,229.69,228.40,215.28,228.39,0.62,downtrend,0.00,0.08,false
2026-09-04,ROK,433.81,532300,46.63,64.73,417.38,451.89,415.64,454.69,-35.27,73,,140.07,HOLD,10.69,417.78,465.88,417.78,439.15,-10.30,-11.60,1.30,434.63,435.22,453.81,420.54,0.80,uptrend,0.00,0.34,false
2026-09-04,ROL,35.86,5236800,36.01,24.60,35.47,37.26,35.25,37.73,-75.40,73,DoubleBottom|DoubleTop|HeadAndShoulders,158.64,HOLD,0.93,34.47,38.65,34.47,36.32,-0.38,-0.76,0.38,36.36,36.73,39.51,52.27,1.18,downtrend,0.00,0.08,false
2026-09-04,ROP,407.28,616800,52.46,37.27,388.18,430.65,387.82,429.60,-62.73,73,,131.50,HOLD,10.99,390.79,440.26,390.79,412.78,10.67,9.64,1.03,409.42,408.83,384.07,376.10,0.93,uptrend,0.00,0.23,false
2026-09-04,ROST,230.69,1381600,42.05,31.97,221.46,253.33,224.50,256.45,-68.03,73,DoubleBottom|DescendingScallop,139.44,HOLD,5.68,222.18,247.72,222.18,233.53,-7.96,-7.10,-0.86,237.40,235.42,234.51,212.62,0.49,uptrend,0.00,0.08,false
2026-09-04,RSG,222.71,1611000,56.90,69.73,212.60,226.35,212.22,225.74,-30.27,73,DoubleTop|AscendingScallop,274.79,HOLD,3.94,216.79,234.54,216.79,224.68,4.61,3.63,0.98,219.47,220.07,217.55,215.01,1.11,uptrend,0.00,0.42,false
2026-09-04,RVTY,130.22,1175200,67.49,85.60,111.64,134.56,112.68,133.00,-14.40,73,ThreeRisingValleys|AscendingScallop,464.81,HOLD,3.81,124.51,141.64,124.51,132.12,6.42,4.91,1.51,123.10,124.07,116.40,102.36,0.76,uptrend,0.83,0.75,true
2026-09-04,SHW,333.71,977700,41.46,20.38,326.86,368.36,327.78,368.32,-79.62,73,DescendingScallop,177.89,HOLD,7.81,322.00,357.14,322.00,337.61,-9.17,-2.82,-6.35,347.61,342.72,343.01,334.16,0.63,downtrend,0.00,0.08,false
2026-09-04,SLB,57.51,7609700,62.17,65.21,50.50,59.19,50.67,60.46,-34.79,73,AscendingScallop,325.07,HOLD,1.89,54.68,63.17,54.68,58.45,2.12,1.93,0.19,54.84,55.00,50.79,49.06,0.66,uptrend,0.00,0.47,false
2026-09-04,SMCI,39.59,53548400,62.66,80.65,32.78,41.29,30.92,42.31,-19.35,73,AscendingScallop,348.49,HOLD,2.36,36.04,46.68,36.04,40.77,2.00,3.32,-1.32,37.03,36.31,31.71,31.37,0.98,uptrend,0.00,0.35,false
2026-09-04,SNDK,1740.00,16487100,61.24,100.00,1268.77,1790.81,1194.01,1827.99,0.00,73,AscendingScallop,382.39,BUY,129.90,1545.15,2129.70,1545.15,1804.95,74.41,120.76,-46.35,1529.79,1534.87,1550.25,1003.97,1.24,uptrend,0.83,0.83,true
2026-09-04,SNPS,393.84,2967400,42.59,15.96,380.28,448.13,380.33,464.98,-84.04,73,,199.11,HOLD,17.05,368.27,444.98,368.27,402.36,5.21,8.52,-3.31,414.21,414.03,412.61,447.19,1.69,downtrend,0.00,0.08,false
2026-09-04,STE,224.59,568000,40.21,16.67,226.08,241.69,221.44,241.39,-83.33,73,DoubleTop|HeadAndShoulders,199.60,HOLD,5.63,216.15,241.48,216.15,227.40,-0.63,1.78,-2.42,233.89,231.24,225.32,232.88,0.95,downtrend,0.00,0.08,false
2026-09-04,STLD,242.06,1177800,49.50,61.33,215.53,271.24,218.02,271.00,-38.67,73,DescendingScallop|MeasuredMoveUp,124.96,HOLD,8.96,228.62,268.93,228.62,246.54,-12.65,-10.53,-2.12,243.38,241.70,241.96,210.31,0.99,uptrend,0.00,0.61,true
2026-09-04,STX,849.28,2557100,50.64,43.37,745.12,961.57,763.52,1013.99,-56.63,73,ThreeDescendingPeaks,107.79,HOLD,55.68,765.76,1016.32,765.76,877.12,-21.66,5.71,-27.37,853.35,840.49,853.52,593.42,0.71,uptrend,0.00,0.63,true
2026-09-04,SWKS,74.02,4805300,67.73,93.36,64.35,72.54,63.06,74.80,-6.64,73,MeasuredMoveUp,397.17,BUY,3.12,69.33,83.39,69.33,75.58,0.42,1.08,-0.66,68.44,68.25,64.88,63.89,0.87,uptrend,0.83,0.64,true
2026-09-04,SYK,303.13,2401400,34.06,1.50,304.97,353.74,302.51,349.77,-98.50,73,ThreeDescendingPeaks|DescendingScallop,216.00,SELL,9.85,317.91,273.57,317.91,298.20,-9.02,-4.89,-4.13,329.35,324.21,328.91,338.45,1.07,downtrend,0.00,0.08,false
2026-09-04,TECH,72.43,1856300,64.92,65.91,72.10,72.53,72.00,72.62,-34.09,73,DoubleBottom|DoubleTop,244.80,BUY,0.30,71.98,73.33,71.98,72.58,0.09,0.15,-0.06,72.32,72.17,71.85,61.00,0.77,uptrend,0.83,0.82,true
2026-09-04,TEL,208.65,2045600,52.14,65.21,196.17,219.45,199.28,221.98,-34.79,73,DoubleBottom|DescendingScallop,132.95,HOLD,6.15,199.43,227.09,199.43,211.72,-4.62,-3.08,-1.55,207.81,206.71,205.58,216.22,1.05,downtrend,0.00,0.28,false
2026-09-04,TER,357.03,2246300,46.88,31.42,319.94,430.73,326.00,444.17,-68.58,73,ThreeDescendingPeaks|DescendingScallop,121.36,HOLD,22.83,322.78,425.53,322.78,368.45,-18.25,1.49,-19.73,375.33,364.43,371.93,316.29,0.96,uptrend,0.00,0.30,false
2026-09-04,TGT,164.44,2865600,63.23,74.29,148.79,170.95,146.21,170.75,-25.71,73,BearishFlag|HeadAndShoulders|AscendingScallop,179.27,HOLD,4.38,157.87,177.59,157.87,166.63,6.82,7.07,-0.26,159.87,159.36,147.04,122.50,0.59,uptrend,0.00,0.75,true
2026-09-04,TJX,132.08,7265600,22.28,8.29,124.70,160.27,130.15,160.85,-91.71,73,ThreeDescendingPeaks|DescendingScallop,216.00,SELL,2.87,136.39,123.47,136.39,130.64,-10.50,-8.49,-2.01,142.48,140.66,150.05,154.72,0.98,downtrend,0.00,0.08,false
2026-09-04,TMO,613.78,1228900,57.43,46.54,581.75,642.11,580.00,647.00,-53.46,73,DoubleTop|HeadAndShoulders|AscendingScallop,61.77,HOLD,15.98,589.80,661.73,589.80,621.77,17.57,18.75,-1.18,611.93,607.36,570.73,536.07,0.77,uptrend,0.00,0.75,true
2026-09-04,TPL,362.42,272000,43.85,13.01,346.24,384.41,335.10,396.78,-86.99,73,ThreeDescendingPeaks|AscendingScallop,124.70,HOLD,14.52,340.64,405.97,340.64,369.68,1.48,-5.78,7.26,365.33,370.54,387.92,391.59,0.74,downtrend,0.00,0.08,false
2026-09-04,TPR,122.14,2895900,32.07,12.17,107.87,156.54,120.31,164.80,-87.83,73,ThreeDescendingPeaks|DescendingScallop,191.00,HOLD,4.29,115.70,135.02,115.70,124.29,-11.92,-11.80,-0.11,132.20,130.85,140.77,138.35,0.75,downtrend,0.00,0.08,false
2026-09-04,TRMB,59.47,2731700,54.17,57.90,55.96,62.01,54.71,62.00,-42.10,73,DoubleTop|HeadAndShoulders,65.00,HOLD,1.92,56.59,65.22,56.59,60.43,1.12,0.97,0.15,58.98,58.98,56.06,64.81,0.67,downtrend,0.00,0.20,false
2026-09-04,TSCO,34.99,6566700,56.73,44.28,34.08,36.22,33.77,36.89,-55.72,73,DoubleBottom|HeadAndShoulders,124.53,HOLD,1.06,33.40,38.17,33.40,35.52,0.33,1.13,-0.80,35.15,34.58,32.75,41.88,0.65,downtrend,0.00,0.08,false
2026-09-04,TSLA,354.08,64829000,50.93,43.39,324.27,372.60,323.64,384.04,-56.61,73,ThreeRisingValleys|AscendingScallop,243.12,HOLD,15.27,331.18,399.88,331.18,361.71,13.40,13.98,-0.58,348.44,351.83,357.95,399.56,1.71,downtrend,0.00,0.28,false
2026-09-04,TT,447.90,1041800,42.45,37.53,431.13,487.63,434.00,493.71,-62.47,73,ThreeDescendingPeaks|DescendingScallop,128.38,HOLD,10.83,431.66,480.38,431.66,453.31,-12.66,-7.03,-5.62,459.38,455.41,468.42,444.39,1.16,uptrend,0.00,0.20,false
2026-09-04,TTD,14.43,25300700,46.48,63.76,12.63,14.79,12.83,15.26,-36.24,73,DoubleBottom|AscendingScallop,304.89,HOLD,0.80,13.22,16.84,13.22,14.83,-0.91,-1.70,0.80,13.71,14.43,16.58,25.03,1.17,downtrend,0.00,0.28,false
2026-09-04,TXN,258.44,4242600,41.49,33.41,247.63,285.48,248.13,289.62,-66.59,73,ThreeDescendingPeaks|DescendingScallop,123.93,HOLD,8.81,245.22,284.87,245.22,262.85,-9.53,-6.85,-2.68,266.55,265.06,280.03,239.38,0.79,uptrend,0.00,0.30,false
2026-09-04,TYL,364.03,631300,59.51,55.55,307.14,391.70,308.00,393.53,-44.45,73,ThreeRisingValleys|AscendingScallop,325.17,HOLD,14.07,342.92,406.24,342.92,371.07,24.25,18.74,5.51,349.42,353.11,325.26,357.57,0.65,uptrend,0.00,0.20,false
2026-09-04,UBER,75.76,14391200,50.07,21.32,73.79,80.39,73.97,82.36,-78.68,73,DoubleBottom|HeadAndShoulders,158.92,HOLD,2.54,71.95,83.38,71.95,77.03,1.78,2.76,-0.98,77.09,76.17,74.09,76.32,0.93,sideways,0.00,0.08,false
2026-09-04,ULTA,564.12,515800,63.24,93.97,498.25,567.27,493.11,568.44,-6.03,73,DoubleBottom|DoubleTop|ThreeRisingValleys|AscendingScallop,473.73,HOLD,18.64,536.16,620.04,536.16,573.44,4.87,2.42,2.45,532.76,534.94,505.67,556.30,0.71,uptrend,0.00,0.27,false
2026-09-04,UNP,289.62,1279200,39.94,13.81,284.50,314.27,285.69,314.15,-86.19,73,DoubleBottom|DoubleTop|HeadAndShoulders,219.21,SELL,6.25,299.00,270.86,299.00,286.49,3.28,4.32,-1.04,299.39,297.63,293.58,260.28,0.55,uptrend,0.00,0.34,false
2026-09-04,UPS,102.29,3106400,41.17,16.46,101.14,106.33,101.34,107.11,-83.54,73,DoubleBottom|DoubleTop|HeadAndShoulders,156.68,HOLD,2.16,99.05,108.77,99.05,103.37,-0.51,-1.40,0.90,103.74,104.30,107.72,104.89,0.74,downtrend,0.00,0.14,false
2026-09-04,URI,1009.86,316100,38.25,22.35,963.56,1191.51,967.58,1176.44,-77.65,73,ThreeDescendingPeaks|DescendingScallop,136.98,HOLD,31.01,963.34,1102.90,963.34,1025.37,-52.71,-23.07,-29.64,1077.53,1055.73,1087.67,927.37,0.76,uptrend,0.00,0.48,false
2026-09-04,VLTO,96.31,1341300,47.27,12.66,95.78,100.11,95.63,101.00,-87.34,73,DoubleBottom|DoubleTop,133.45,HOLD,2.07,93.20,102.53,93.20,97.35,0.64,1.05,-0.41,97.94,97.45,95.15,93.43,0.92,uptrend,0.00,0.28,false
2026-09-04,VMC,262.63,1113100,38.71,22.73,258.69,288.71,257.17,289.37,-77.27,73,DescendingScallop,196.29,HOLD,7.45,251.46,284.97,251.46,266.35,-5.98,-3.97,-2.01,273.70,271.89,282.43,288.39,1.27,downtrend,0.00,0.08,false
2026-09-04,VRSN,292.08,494500,56.25,71.70,272.84,300.44,271.10,300.36,-28.30,73,DoubleTop|ThreeRisingValleys,281.26,HOLD,7.83,280.34,315.57,280.34,295.99,1.06,-1.29,2.36,286.64,287.82,279.02,261.74,0.72,uptrend,0.00,0.35,false
2026-09-04,VRT,280.53,3318600,54.88,96.54,244.21,295.33,248.75,300.30,-3.46,73,DoubleBottom,280.54,HOLD,14.06,259.45,322.70,259.45,287.56,-6.70,-1.37,-5.33,269.77,268.23,282.70,257.40,0.83,uptrend,0.00,0.40,false
2026-09-04,VRTX,546.12,803300,59.36,67.07,509.55,568.00,502.29,560.25,-32.93,73,DoubleTop|AscendingScallop,225.93,HOLD,13.04,526.56,585.24,526.56,552.64,22.54,25.34,-2.80,538.78,536.11,508.76,466.15,0.72,uptrend,0.83,0.61,true
2026-09-04,WAB,282.86,462600,42.56,28.61,279.10,306.50,274.83,304.36,-71.39,73,DoubleTop,119.77,HOLD,6.41,273.25,302.08,273.25,286.06,-2.99,-0.76,-2.23,292.80,289.33,283.42,254.23,0.54,uptrend,0.00,0.48,false
2026-09-04,WAT,409.38,352100,53.59,44.28,403.14,420.84,396.00,426.22,-55.72,73,DoubleBottom|DoubleTop|HeadAndShoulders,65.73,HOLD,12.42,390.75,446.64,390.75,415.59,4.71,9.51,-4.79,411.99,408.14,391.71,360.77,0.53,uptrend,0.00,0.63,true
2026-09-04,WDAY,195.79,2864300,56.13,32.55,179.53,211.02,173.17,227.49,-67.45,73,AscendingScallop,191.48,HOLD,10.23,180.44,226.49,180.44,200.91,8.95,14.16,-5.22,195.27,191.81,165.79,160.18,0.57,uptrend,0.00,0.57,true
2026-09-04,WELL,236.17,2254500,48.29,27.84,229.41,244.32,224.97,243.04,-72.16,73,DoubleTop|HeadAndShoulders,65.00,HOLD,4.90,228.82,250.87,228.82,238.62,2.72,0.59,2.14,236.86,237.87,237.11,210.91,0.84,uptrend,0.00,0.48,false
2026-09-04,WM,218.99,2447800,40.19,21.85,217.01,228.58,216.27,228.98,-78.15,73,DoubleTop,142.70,HOLD,3.94,213.08,230.82,213.08,220.96,-2.44,-3.15,0.71,222.79,222.68,228.33,225.22,1.22,downtrend,0.00,0.08,false
2026-09-04,WSM,227.42,1033200,42.85,28.30,220.01,253.35,218.60,254.89,-71.70,73,DescendingScallop,125.47,HOLD,7.94,215.51,251.24,215.51,231.39,-6.80,-2.12,-4.68,236.68,232.79,232.78,204.37,0.93,uptrend,0.00,0.49,false
2026-09-04,WST,339.97,364100,43.01,18.00,336.94,357.52,335.51,360.29,-82.00,73,DoubleTop|ThreeDescendingPeaks|DescendingScallop,143.34,HOLD,7.40,328.88,362.16,328.88,343.67,-1.93,1.02,-2.95,347.23,345.41,350.12,293.73,0.82,uptrend,0.00,0.63,true
2026-09-04,WY,23.02,5100000,34.91,12.56,22.76,25.45,22.74,25.54,-87.44,73,InvertedCupWithHandle|DescendingScallop,216.00,SELL,0.55,23.84,21.37,23.84,22.75,-0.65,-0.38,-0.26,24.10,23.89,24.14,24.27,1.08,downtrend,0.00,0.08,false
2026-09-04,XOM,159.47,16192900,50.99,31.16,155.61,167.24,154.45,168.64,-68.84,73,DoubleBottom|DoubleTop,96.49,HOLD,3.40,154.37,169.67,154.37,161.17,1.84,3.03,-1.18,161.42,160.09,152.96,144.74,1.15,uptrend,0.00,0.08,false
2026-09-04,XYL,105.69,2424800,29.91,1.85,103.89,124.36,105.48,124.00,-98.15,73,ThreeDescendingPeaks|DescendingScallop,216.00,SELL,2.80,109.88,97.30,109.88,104.29,-4.83,-3.37,-1.46,114.12,112.58,117.53,124.25,1.43,downtrend,0.00,0.08,false
2026-09-04,ZBRA,362.74,401400,60.70,70.36,343.53,385.10,341.97,386.23,-29.64,73,ThreeDescendingPeaks|DescendingScallop,61.22,HOLD,11.87,344.94,398.35,344.94,368.67,-1.39,15.65,-17.04,364.32,352.46,314.84,257.24,0.68,uptrend,0.00,0.63,true
2026-09-04,A,150.86,1825400,54.02,20.19,145.45,158.79,145.45,163.75,-79.81,71,DoubleBottom|DoubleTop,90.74,HOLD,4.51,144.10,164.38,144.10,153.11,4.27,5.74,-1.46,152.12,150.50,142.33,131.59,0.79,uptrend,0.00,0.63,true
2026-09-04,AAPL,319.97,39551800,53.89,56.76,298.60,327.68,300.57,330.81,-43.24,71,ThreeRisingValleys|AscendingScallop,350.05,HOLD,7.64,308.51,342.89,308.51,323.79,4.62,-1.75,6.37,313.14,316.91,315.15,283.87,1.00,uptrend,0.00,0.42,false
2026-09-04,ABBV,256.46,4728800,50.20,28.21,245.57,269.51,244.03,266.97,-71.79,71,DoubleTop|AscendingScallop,119.05,HOLD,5.70,247.91,273.55,247.91,259.31,5.83,4.55,1.28,257.54,257.63,254.48,228.34,1.11,uptrend,0.00,0.29,false
2026-09-04,ABT,108.33,7029300,47.28,9.72,106.68,117.10,107.36,117.34,-90.28,71,DoubleBottom|DoubleTop|HeadAndShoulders,166.00,HOLD,2.81,104.11,116.77,104.11,109.74,1.71,3.14,-1.44,111.89,110.31,104.37,106.31,0.94,uptrend,0.00,0.15,false
2026-09-04,ACN,186.72,5103400,58.99,65.45,171.51,194.84,169.75,195.32,-34.55,71,ThreeRisingValleys|AscendingScallop,314.10,HOLD,6.84,176.45,207.25,176.45,190.14,6.86,7.62,-0.75,183.17,182.03,161.71,202.90,1.00,downtrend,0.00,0.28,false
2026-09-04,ADBE,266.51,6637100,48.86,22.89,252.94,295.30,251.20,294.53,-77.11,71,,194.93,HOLD,11.21,249.70,300.14,249.70,272.11,9.99,10.40,-0.41,274.12,273.03,248.85,267.93,1.54,downtrend,0.00,0.08,false
2026-09-04,ADI,362.25,3559800,42.77,37.60,350.99,394.19,348.00,396.95,-62.40,71,ThreeDescendingPeaks|DescendingScallop,116.51,HOLD,11.32,345.27,396.21,345.27,367.91,-7.70,-1.64,-6.06,372.59,368.76,377.37,348.30,0.99,uptrend,0.00,0.08,false
2026-09-04,ADM,84.61,2362900,59.98,85.37,77.38,85.23,75.86,86.11,-14.63,71,DoubleBottom,386.10,HOLD,2.61,80.69,92.44,80.69,85.92,1.11,0.33,0.79,81.30,81.83,80.97,72.12,0.67,uptrend,0.83,0.69,true
2026-09-04,ADSK,217.90,3956100,35.30,3.06,229.75,270.88,216.20,271.72,-96.94,71,HeadAndShoulders,216.00,SELL,10.93,234.30,185.10,234.30,212.43,2.14,6.79,-4.65,250.32,245.00,230.67,247.00,1.95,downtrend,0.00,0.08,false
2026-09-04,AKAM,105.22,1758400,39.65,12.57,98.80,126.09,102.55,127.04,-87.43,71,ThreeDescendingPeaks|DescendingScallop,188.44,HOLD,4.70,98.18,119.31,98.18,107.57,-6.17,-3.01,-3.16,112.45,110.69,115.97,109.58,0.59,downtrend,0.00,0.08,false
2026-09-04,ALB,126.28,3239400,42.08,17.72,126.18,142.12,122.45,144.06,-82.28,71,DoubleTop,194.12,HOLD,5.87,117.48,143.89,117.48,129.21,4.17,6.77,-2.59,134.15,132.76,127.98,156.58,1.60,downtrend,0.00,0.08,false
2026-09-04,ALGN,158.64,990500,41.76,23.67,149.33,179.81,153.98,182.20,-76.33,71,DescendingScallop,172.55,HOLD,5.90,149.79,176.35,149.79,161.59,-7.26,-5.31,-1.95,164.57,163.06,171.39,170.55,1.23,downtrend,0.00,0.08,false
2026-09-04,ALLE,157.12,746300,49.27,38.25,152.19,169.34,151.23,169.43,-61.75,71,DescendingScallop,85.98,HOLD,3.97,151.17,169.02,151.17,159.10,-3.48,-0.97,-2.51,160.77,158.18,152.71,151.09,0.54,uptrend,0.00,0.42,false
2026-09-04,AMAT,454.71,6009400,39.68,31.51,423.24,555.68,426.13,563.76,-68.49,71,ThreeDescendingPeaks|DescendingScallop,135.50,HOLD,23.77,419.06,526.01,419.06,466.59,-31.41,-16.24,-15.17,489.46,480.89,533.72,407.06,0.81,uptrend,0.00,0.50,false
2026-09-04,AMD,477.57,19651900,49.67,72.25,445.94,504.46,440.50,517.35,-27.75,71,ThreeDescendingPeaks,94.52,HOLD,22.51,443.81,545.10,443.81,488.82,-9.81,-5.67,-4.14,475.20,474.91,499.27,341.00,1.12,uptrend,0.00,0.83,true
2026-09-04,ANET,193.78,4204100,53.25,50.32,180.99,208.03,181.27,211.45,-49.68,71,DoubleBottom|HeadAndShoulders,105.68,HOLD,8.28,181.36,218.62,181.36,197.92,-1.03,3.95,-4.99,194.51,191.43,182.93,151.94,0.74,uptrend,0.00,0.63,true
2026-09-04,AOS,60.48,1312000,46.94,36.44,58.69,64.55,58.41,64.09,-63.56,71,DoubleTop,154.05,HOLD,1.60,58.08,65.28,58.08,61.28,-0.71,-0.15,-0.57,61.62,61.09,61.32,65.20,1.06,downtrend,0.00,0.08,false
2026-09-04,APD,301.27,675600,47.69,21.27,299.84,311.04,297.85,313.93,-78.73,71,DoubleBottom|DoubleTop,109.07,HOLD,6.32,291.79,320.23,291.79,304.43,2.00,3.12,-1.12,305.44,304.18,300.18,282.51,0.73,uptrend,0.00,0.22,false
2026-09-04,AVGO,357.90,32773600,38.05,35.83,333.71,422.93,342.33,432.73,-64.17,71,ThreeDescendingPeaks|DescendingScallop,170.53,HOLD,13.03,338.36,396.98,338.36,364.41,-22.02,-16.12,-5.91,378.32,373.55,383.66,369.83,1.40,downtrend,0.00,0.08,false
2026-09-04,AVY,175.06,774400,49.76,32.39,171.88,185.49,169.93,185.77,-67.61,71,DoubleBottom|DoubleTop,110.94,HOLD,4.87,167.75,189.68,167.75,177.50,0.65,3.59,-2.94,178.68,176.14,170.08,173.09,0.73,uptrend,0.00,0.08,false
2026-09-04,AZO,2983.29,402000,47.43,31.09,2915.89,3092.53,2903.57,3160.00,-68.91,71,DoubleBottom|ThreeDescendingPeaks|DescendingScallop,163.15,HOLD,72.79,2874.10,3201.67,2874.10,3019.69,-40.27,-24.64,-15.63,3004.21,2996.05,3036.33,3381.45,1.51,downtrend,0.00,0.08,false
2026-09-04,BBY,90.27,3954700,60.32,96.10,80.39,90.39,76.70,90.82,-3.90,71,DoubleTop,265.02,HOLD,3.45,85.09,100.63,85.09,92.00,0.36,0.20,0.17,85.39,85.45,84.02,71.47,0.97,uptrend,0.83,0.82,true
2026-09-04,BDX,184.74,1439100,57.49,32.55,179.00,193.35,175.63,193.07,-67.45,71,DoubleTop|HeadAndShoulders|AscendingScallop,56.00,HOLD,4.13,178.55,197.12,178.55,186.80,5.74,8.27,-2.52,186.18,183.99,170.00,159.80,0.88,uptrend,0.00,0.35,false
2026-09-04,BIIB,220.83,465100,57.98,68.52,204.24,227.30,201.00,225.80,-31.48,71,DoubleTop|AscendingScallop,261.96,HOLD,5.88,212.01,238.47,212.01,223.77,5.87,5.60,0.27,215.77,216.38,209.53,191.05,0.65,uptrend,0.00,0.55,false
2026-09-04,BKNG,193.29,6320100,41.92,4.38,193.34,220.25,192.19,217.32,-95.62,71,DoubleTop,166.00,HOLD,6.39,183.71,212.45,183.71,196.48,-1.69,3.75,-5.44,206.80,201.93,194.25,185.84,1.31,uptrend,0.00,0.22,false
2026-09-04,BLDR,65.79,2439800,42.24,32.43,62.31,75.88,62.31,75.50,-67.57,71,DescendingScallop,171.15,HOLD,3.12,61.11,75.16,61.11,67.35,-2.81,-1.45,-1.36,69.10,68.23,73.15,90.12,1.29,downtrend,0.00,0.08,false
2026-09-04,BSX,47.80,15502400,47.71,26.43,46.03,53.00,46.09,52.99,-73.57,71,InvertedCupWithHandle|ThreeDescendingPeaks|DescendingScallop,149.12,HOLD,1.80,45.10,53.20,45.10,48.70,-0.95,0.66,-1.61,49.51,48.42,46.89,66.76,0.81,downtrend,0.00,0.08,false
2026-09-04,CAH,247.18,1548300,64.97,90.24,226.28,247.23,227.68,258.30,-9.76,71,DoubleBottom,383.20,HOLD,5.24,239.32,262.90,239.32,249.80,1.19,0.81,0.38,236.75,237.80,234.23,215.76,0.91,uptrend,0.00,0.55,false
2026-09-04,CARR,59.71,4349200,42.57,54.79,56.34,64.53,56.44,64.73,-45.21,71,ThreeDescendingPeaks|DescendingScallop,123.92,HOLD,1.62,57.28,64.56,57.28,60.52,-2.32,-2.00,-0.32,60.43,60.35,64.73,61.39,0.85,downtrend,0.00,0.08,false
2026-09-04,CDNS,292.70,4224500,31.05,8.02,296.43,348.09,287.90,347.72,-91.98,71,DoubleTop|HeadAndShoulders,175.00,HOLD,12.51,273.93,330.23,273.93,298.96,-4.44,-5.32,0.89,322.26,322.93,341.64,327.13,1.88,downtrend,0.00,0.08,false
2026-09-04,CDW,152.38,1291200,60.62,79.37,128.12,155.66,130.56,158.05,-20.63,71,DoubleBottom,376.45,HOLD,6.65,142.41,172.32,142.41,155.70,2.52,-0.50,3.02,141.89,144.53,139.95,131.77,0.80,uptrend,0.00,0.49,false
2026-09-04,CEG,298.96,2896300,66.71,97.79,264.84,292.49,264.82,299.73,-2.21,71,DoubleBottom|AscendingScallop,538.17,HOLD,10.14,283.74,329.39,283.74,304.03,4.57,4.21,0.36,278.66,278.92,266.42,296.36,1.18,uptrend,0.00,0.54,false
2026-09-04,CF,133.35,2662100,60.59,64.55,112.24,139.39,113.81,141.27,-35.45,71,ThreeRisingValleys|AscendingScallop,404.52,HOLD,5.33,125.36,149.34,125.36,136.01,6.36,2.70,3.66,125.81,127.85,121.19,108.08,1.01,uptrend,0.83,0.69,true
2026-09-04,CHD,98.55,1340300,43.92,32.76,96.83,104.12,96.27,103.66,-67.24,71,DoubleBottom|FallingWedge|DoubleTop|HeadAndShoulders,113.55,HOLD,2.07,95.44,104.77,95.44,99.59,-0.54,-0.22,-0.32,100.48,100.08,99.28,94.92,0.81,uptrend,0.00,0.08,false
2026-09-04,CHRW,147.64,1116200,41.82,53.29,141.09,152.34,141.24,153.25,-46.71,71,DoubleBottom|DoubleTop|HeadAndShoulders,90.00,HOLD,4.75,140.51,161.90,140.51,150.02,-0.58,-5.22,4.65,146.71,150.13,168.19,172.72,0.90,downtrend,0.00,0.20,false
2026-09-04,CIEN,321.00,3340000,33.92,8.09,322.69,456.80,311.60,462.69,-91.91,71,ThreeDescendingPeaks|DescendingScallop,191.00,HOLD,26.28,281.58,399.83,281.58,334.14,-20.10,0.07,-20.17,389.75,377.97,404.74,377.16,1.41,downtrend,0.00,0.08,false
2026-09-04,CL,88.77,4100600,40.16,2.58,88.71,93.49,88.66,93.88,-97.42,71,DoubleBottom|DoubleTop|DescendingScallop,166.00,HOLD,1.78,86.10,94.11,86.10,89.66,-0.79,-0.56,-0.23,91.10,90.81,91.83,87.72,1.03,uptrend,0.00,0.08,false
2026-09-04,CLX,93.06,2216100,30.09,2.56,93.09,113.20,92.63,109.42,-97.44,71,FallingWedge|DoubleTop,216.00,SELL,2.90,97.42,84.35,97.42,91.61,-2.20,1.06,-3.27,103.14,100.38,99.86,103.17,0.77,downtrend,0.00,0.08,false
2026-09-04,CMI,560.75,1059400,34.19,20.11,527.02,658.34,542.70,653.00,-79.89,71,ThreeDescendingPeaks|DescendingScallop,172.97,HOLD,17.80,534.05,614.14,534.05,569.65,-36.38,-26.17,-10.21,592.68,586.18,632.75,600.06,1.17,downtrend,0.00,0.08,false
2026-09-04,COHR,281.86,5035800,46.03,35.87,246.21,352.24,255.25,386.50,-64.13,71,ThreeDescendingPeaks|DescendingScallop,136.89,HOLD,23.10,247.22,351.15,247.22,293.41,-22.47,-5.10,-17.37,299.22,290.60,307.12,276.44,0.73,uptrend,0.00,0.08,false
2026-09-04,COO,69.59,1957000,37.26,5.65,68.08,79.48,69.08,78.11,-94.35,71,DoubleTop|InvertedCupWithHandle|ThreeDescendingPeaks|DescendingScallop,216.00,SELL,1.55,71.92,64.94,71.92,68.81,-1.70,0.07,-1.78,73.78,72.31,72.65,73.38,1.19,downtrend,0.00,0.08,false
2026-09-04,COP,134.26,5496100,62.76,66.45,122.89,138.78,119.17,137.42,-33.55,71,DoubleTop|ThreeRisingValleys|AscendingScallop,325.51,HOLD,3.03,129.71,143.36,129.71,135.78,5.61,6.03,-0.42,130.84,130.30,120.17,112.74,0.84,uptrend,0.00,0.47,false
2026-09-04,COR,330.95,1027600,59.10,70.93,306.75,338.99,302.01,338.71,-29.07,71,DoubleTop,191.77,HOLD,7.51,319.69,353.48,319.69,334.70,5.23,2.99,2.24,322.87,323.72,312.10,321.92,0.83,uptrend,0.00,0.20,false
2026-09-04,CPRT,33.72,6588900,64.09,75.60,28.97,35.44,28.68,34.63,-24.40,71,DoubleTop|AscendingScallop,232.60,HOLD,1.07,32.12,36.93,32.12,34.25,1.65,1.68,-0.03,32.21,32.23,30.08,34.45,0.66,downtrend,0.00,0.20,false
2026-09-04,CRH,94.26,3894500,44.66,50.75,90.50,100.69,90.21,102.28,-49.25,71,HeadAndShoulders|DescendingScallop,142.96,HOLD,2.72,90.17,102.43,90.17,95.62,-1.82,-1.91,0.08,95.59,95.44,99.76,111.48,0.91,downtrend,0.00,0.08,false
2026-09-04,CRL,288.50,738900,60.05,38.93,275.62,301.44,265.49,303.31,-61.07,71,DoubleTop|HeadAndShoulders|AscendingScallop,56.00,HOLD,9.59,274.12,317.27,274.12,293.29,13.21,20.11,-6.90,288.53,282.84,254.63,200.15,0.82,uptrend,0.00,0.75,true
2026-09-04,CRM,259.23,10490600,76.62,87.95,165.87,275.96,189.91,268.27,-12.05,71,ThreeRisingValleys|AscendingScallop,453.14,BUY,10.32,243.74,290.20,243.74,264.39,23.07,15.76,7.31,220.92,227.52,191.65,200.75,0.64,uptrend,0.83,0.69,true
2026-09-04,CRWD,213.10,8422800,53.12,60.52,182.45,238.67,181.24,233.88,-39.48,71,IslandReversal,247.93,BUY,12.39,194.51,250.27,194.51,219.30,-3.57,1.15,-4.71,210.56,208.40,200.81,142.49,0.81,uptrend,0.33,0.75,true
2026-09-04,CSCO,109.20,12374300,40.95,29.91,103.93,121.17,107.60,124.71,-70.09,71,DoubleBottom|DescendingScallop,166.00,HOLD,2.82,104.96,117.67,104.96,110.61,-3.84,-3.15,-0.70,112.55,111.81,114.28,94.75,0.63,uptrend,0.00,0.37,false
2026-09-04,CSGP,30.91,3875300,47.36,16.86,30.38,33.49,30.04,33.82,-83.14,71,DoubleBottom|DoubleTop|ThreeDescendingPeaks,154.12,HOLD,1.38,28.84,35.05,28.84,31.60,0.54,1.11,-0.57,31.94,31.55,30.29,43.73,0.59,downtrend,0.00,0.08,false
2026-09-04,CSX,49.41,7816200,43.08,36.57,48.54,52.29,47.83,52.15,-63.43,71,DoubleTop|HeadAndShoulders,167.82,HOLD,1.04,47.85,52.53,47.85,49.93,0.08,0.09,-0.01,50.41,50.23,50.14,43.16,0.85,uptrend,0.00,0.55,true
2026-09-04,CTAS,200.47,1320800,48.76,29.18,197.28,207.48,196.50,207.51,-70.82,71,DoubleBottom|DoubleTop|HeadAndShoulders,63.70,HOLD,3.82,194.74,211.92,194.74,202.38,0.41,-0.98,1.39,202.38,201.86,197.28,186.84,0.79,uptrend,0.00,0.20,false
2026-09-04,CTSH,62.31,4473100,60.41,64.09,56.32,66.16,56.37,65.42,-35.91,71,ThreeRisingValleys|AscendingScallop,294.27,HOLD,2.17,59.06,68.82,59.06,63.40,2.95,3.41,-0.46,61.24,60.82,52.46,62.78,0.68,downtrend,0.00,0.20,false
2026-09-04,CTVA,87.86,4274300,64.30,79.09,72.20,90.63,74.94,90.87,-20.91,71,ThreeRisingValleys|AscendingScallop,453.39,HOLD,2.33,84.37,94.84,84.37,89.02,4.06,0.37,3.69,81.41,83.70,83.35,77.38,0.93,uptrend,0.00,0.47,false
2026-09-04,DASH,211.73,4170700,45.59,1.99,205.28,239.54,206.25,238.83,-98.01,71,,121.67,HOLD,8.07,199.63,235.94,199.63,215.76,8.99,11.78,-2.79,222.41,220.39,203.63,188.49,1.01,uptrend,0.00,0.63,true
2026-09-04,DD,131.59,1832700,36.15,18.40,129.51,147.28,129.17,146.82,-81.60,71,ThreeDescendingPeaks|DescendingScallop,180.49,HOLD,3.40,126.50,141.78,126.50,133.29,-3.88,-1.76,-2.12,138.40,136.69,138.31,136.66,1.52,downtrend,0.00,0.08,false
2026-09-04,DECK,85.81,2693000,37.71,26.02,82.55,96.52,83.25,98.18,-73.98,71,DescendingScallop,179.75,HOLD,2.75,81.68,94.07,81.68,87.19,-4.05,-4.31,0.26,89.54,89.59,97.19,102.55,1.01,downtrend,0.00,0.08,false
2026-09-04,DHI,142.75,1665600,43.85,12.93,141.23,152.82,141.02,154.40,-87.07,71,DoubleTop|ThreeDescendingPeaks|DescendingScallop,207.70,SELL,3.89,148.58,131.09,148.58,140.81,-1.22,-0.01,-1.21,147.03,146.29,149.32,149.83,0.91,downtrend,0.00,0.08,false
2026-09-04,DHR,207.66,2898100,50.46,38.57,199.42,221.05,199.49,220.67,-61.43,71,DoubleTop,164.42,HOLD,6.29,198.23,226.53,198.23,210.80,5.95,6.51,-0.55,210.23,209.06,201.63,202.83,0.93,uptrend,0.00,0.22,false
2026-09-04,DOV,192.88,1358400,36.48,27.35,188.43,213.76,187.72,212.91,-72.65,71,DescendingScallop,186.29,HOLD,4.20,186.59,205.47,186.59,194.98,-5.40,-2.81,-2.59,201.10,199.38,207.32,210.00,1.29,downtrend,0.00,0.08,false
2026-09-04,DVN,48.06,8841700,57.22,53.37,44.43,50.34,43.65,49.72,-46.63,71,DoubleTop|AscendingScallop,191.37,HOLD,1.23,46.22,51.74,46.22,48.67,1.66,1.78,-0.12,47.39,47.31,44.81,43.51,0.88,uptrend,0.00,0.27,false
2026-09-04,DXCM,87.90,2361500,52.92,7.68,87.63,92.15,84.53,92.59,-92.32,71,DoubleTop|HeadAndShoulders,69.92,HOLD,2.49,84.17,95.36,84.17,89.14,1.34,3.86,-2.52,89.89,88.28,81.22,70.90,0.58,uptrend,0.00,0.63,true
2026-09-04,EBAY,103.41,3197800,44.42,30.28,100.81,107.99,100.50,111.00,-69.72,71,DoubleBottom|DoubleTop|DescendingScallop,102.89,HOLD,3.29,98.48,113.28,98.48,105.05,-0.98,-2.97,1.99,104.40,105.55,109.33,98.66,0.77,uptrend,0.00,0.08,false
2026-09-04,ECL,279.28,1017300,47.21,20.11,273.74,290.84,273.33,295.33,-79.89,71,DoubleBottom|HeadAndShoulders,95.02,HOLD,5.76,270.64,296.55,270.64,282.16,1.40,1.74,-0.34,282.29,281.75,278.81,272.86,0.73,uptrend,0.00,0.08,false
2026-09-04,EFX,177.05,2736800,42.77,30.43,175.49,197.95,167.93,197.90,-69.57,71,DoubleTop|HeadAndShoulders,300.27,SELL,7.30,188.00,155.14,188.00,173.40,5.10,5.38,-0.28,186.72,185.59,178.18,187.79,2.59,downtrend,0.00,0.08,false
2026-09-04,EL,103.86,4712900,66.67,81.57,80.85,112.41,83.85,108.38,-18.43,71,HeadAndShoulders|AscendingScallop,288.40,HOLD,3.40,98.76,114.06,98.76,105.56,8.30,6.62,1.68,96.63,97.69,88.50,92.27,1.18,uptrend,0.83,0.69,true
2026-09-04,EMR,152.82,2036700,48.76,42.71,147.26,166.69,146.35,166.35,-57.29,71,ThreeDescendingPeaks|DescendingScallop,86.00,HOLD,3.98,146.85,164.75,146.85,154.81,-2.97,0.74,-3.71,156.97,153.99,149.43,142.71,0.91,uptrend,0.00,0.34,false
2026-09-04,EOG,145.19,2636900,50.45,22.27,139.75,152.80,136.59,153.67,-77.73,71,DoubleTop|InvertedCupWithHandle|AscendingScallop,120.00,HOLD,3.47,139.99,155.59,139.99,146.92,2.42,2.67,-0.25,146.28,145.67,141.53,128.69,0.96,uptrend,0.00,0.15,false
2026-09-04,EQIX,1035.98,344600,45.18,32.08,1014.81,1108.00,1002.24,1109.22,-67.92,71,DoubleTop,112.38,HOLD,30.59,990.09,1127.75,990.09,1051.28,-3.04,11.11,-14.16,1061.40,1051.98,1045.68,961.11,0.64,uptrend,0.00,0.20,false
2026-09-04,EW,89.90,2635300,49.31,30.93,88.83,93.26,88.40,93.91,-69.07,71,DoubleBottom|DoubleTop|DescendingScallop,94.72,HOLD,2.00,86.90,95.89,86.90,90.90,-0.19,1.20,-1.38,91.04,90.24,89.64,84.95,0.94,uptrend,0.00,0.15,false
2026-09-04,EXPD,188.80,505200,61.12,56.45,180.11,193.58,176.79,192.28,-43.55,71,DoubleTop|HeadAndShoulders|AscendingScallop,140.59,HOLD,3.75,183.18,200.05,183.18,190.67,4.09,5.83,-1.74,186.85,185.97,178.30,158.72,0.66,uptrend,0.00,0.82,true
2026-09-04,EXPE,298.04,1845700,43.50,5.03,298.97,343.34,295.71,342.00,-94.97,71,HeadAndShoulders,141.00,HOLD,12.01,280.03,334.06,280.03,304.04,1.73,10.76,-9.03,321.16,313.35,294.73,258.69,1.30,uptrend,0.00,0.63,true
2026-09-04,FAST,49.60,6568300,49.58,43.33,48.32,53.03,47.65,52.92,-56.67,71,DoubleTop|DescendingScallop,78.10,HOLD,1.14,47.89,53.03,47.89,50.17,-0.41,0.64,-1.06,50.67,49.83,48.68,45.37,1.06,uptrend,0.00,0.28,false
2026-09-04,FCX,72.73,7265300,53.25,48.31,64.03,81.23,65.57,80.24,-51.69,71,HeadAndShoulders|AscendingScallop,141.80,HOLD,2.86,68.44,81.31,68.44,74.16,4.29,4.04,0.25,72.63,72.48,66.44,60.93,0.52,uptrend,0.00,0.49,false
2026-09-04,FFIV,390.47,312500,46.55,37.57,371.87,422.41,376.21,425.61,-62.43,71,DoubleBottom|HeadAndShoulders|DescendingScallop,116.93,HOLD,13.04,370.92,429.58,370.92,396.99,-7.49,-6.08,-1.41,397.14,396.31,404.66,327.20,0.66,uptrend,0.00,0.44,false
2026-09-04,FICO,932.26,1430000,30.24,15.56,990.07,1220.39,885.00,1188.80,-84.44,71,DoubleTop|MeasuredMoveDown,256.26,SELL,61.17,1024.02,748.75,1024.02,901.67,27.08,3.57,23.51,1105.23,1110.65,1167.58,1304.58,4.56,downtrend,0.00,0.08,false
2026-09-04,FIX,1610.34,276900,46.07,33.82,1472.68,1829.32,1505.73,1883.70,-66.18,71,ThreeDescendingPeaks|DescendingScallop,118.95,HOLD,80.74,1489.23,1852.56,1489.23,1650.71,-79.14,-35.78,-43.36,1651.00,1631.42,1710.93,1491.86,0.75,uptrend,0.00,0.34,false
2026-09-04,FLEX,109.51,4493800,42.94,29.75,100.07,129.34,102.25,131.63,-70.25,71,ThreeDescendingPeaks|DescendingScallop,124.32,HOLD,5.84,100.74,127.04,100.74,112.43,-6.59,-3.02,-3.57,114.71,113.24,123.04,94.84,1.56,uptrend,0.00,0.63,true
2026-09-04,FSLR,204.45,1520700,41.44,24.42,191.43,238.22,197.81,251.39,-75.58,71,InvertedCupWithHandle|ThreeDescendingPeaks|DescendingScallop,209.22,SELL,8.97,217.91,177.54,217.91,199.96,-13.14,-6.60,-6.53,214.82,211.71,219.06,230.60,0.81,downtrend,0.00,0.08,false
2026-09-04,FTNT,156.29,3060100,47.82,31.36,147.19,171.35,148.25,173.89,-68.64,71,DoubleBottom,123.76,HOLD,7.03,145.74,177.39,145.74,159.81,-1.25,-0.76,-0.49,159.27,159.16,158.78,110.06,0.70,uptrend,0.00,0.63,true
2026-09-04,GDDY,101.31,1621700,57.59,60.85,90.09,104.46,88.73,106.00,-39.15,71,CupWithHandle|ThreeRisingValleys|AscendingScallop,432.32,HOLD,4.20,95.00,113.92,95.00,103.41,3.91,2.43,1.47,97.28,97.79,93.45,96.18,0.91,uptrend,0.00,0.35,false
2026-09-04,GEHC,68.86,2812600,41.59,5.23,69.28,75.76,68.49,75.65,-94.77,71,DoubleTop,191.00,HOLD,1.73,66.26,74.05,66.26,69.73,0.16,1.85,-1.69,72.52,71.17,68.29,72.74,1.10,downtrend,0.00,0.08,false
2026-09-04,GEV,941.95,1236500,44.62,38.63,865.92,1078.04,874.00,1099.66,-61.37,71,ThreeDescendingPeaks|DescendingScallop,114.81,HOLD,42.16,878.70,1068.44,878.70,963.03,-44.93,-17.67,-27.26,971.98,958.41,1015.40,886.12,0.61,uptrend,0.00,0.42,false
2026-09-04,GILD,151.00,6181300,67.67,88.09,133.32,155.37,131.61,152.55,-11.91,71,AscendingScallop,416.22,HOLD,3.62,145.56,161.87,145.56,152.81,6.47,6.37,0.09,144.35,144.85,136.60,134.36,1.15,uptrend,0.00,0.49,false
2026-09-04,GLW,154.30,8543200,50.01,52.24,138.45,169.73,139.25,176.94,-47.76,71,ThreeDescendingPeaks|DescendingScallop,73.12,HOLD,8.72,141.22,180.46,141.22,158.66,-5.14,0.94,-6.08,154.09,152.22,165.25,143.78,0.98,uptrend,0.00,0.15,false
2026-09-04,GNRC,187.35,605600,37.45,24.09,174.80,229.92,178.19,225.34,-75.91,71,ThreeDescendingPeaks|DescendingScallop,164.29,HOLD,8.89,174.02,214.01,174.02,191.79,-10.39,-2.29,-8.10,202.36,198.07,216.54,208.50,0.63,downtrend,0.00,0.08,false
2026-09-04,GOOGL,338.46,23157700,44.82,30.03,334.32,352.90,332.82,357.61,-69.97,71,DoubleBottom|DoubleTop|HeadAndShoulders|DescendingScallop,129.87,HOLD,8.12,326.28,362.81,326.28,342.52,-6.38,-3.27,-3.11,343.61,343.38,348.57,335.94,1.04,uptrend,0.00,0.27,false
2026-09-04,GPC,138.08,737200,61.01,82.75,131.60,139.46,129.40,139.89,-17.25,71,DoubleTop|HeadAndShoulders|AscendingScallop,216.54,HOLD,3.22,133.26,147.73,133.26,139.69,2.01,2.62,-0.60,135.53,134.92,129.29,119.85,0.67,uptrend,0.83,0.82,true
2026-09-04,GRMN,277.03,733500,41.38,22.31,268.73,318.95,268.01,314.28,-77.69,71,ThreeDescendingPeaks|DescendingScallop,114.10,HOLD,7.00,266.52,298.04,266.52,280.53,-10.97,-0.63,-10.34,293.84,285.76,272.51,238.37,0.89,uptrend,0.00,0.23,false
2026-09-04,GWW,1324.49,175400,51.66,75.28,1288.85,1333.83,1274.60,1337.96,-24.72,71,DoubleBottom|DoubleTop|HeadAndShoulders,183.01,HOLD,26.97,1284.03,1405.41,1284.03,1337.98,-0.89,-9.67,8.78,1311.34,1315.53,1339.44,1177.54,0.84,uptrend,0.00,0.61,true
2026-09-04,HAL,37.07,12547000,62.86,80.32,32.42,37.94,32.23,38.06,-19.68,71,AscendingScallop,370.45,HOLD,1.04,35.51,40.19,35.51,37.59,1.46,1.36,0.10,35.18,35.46,34.09,34.80,1.18,uptrend,0.00,0.28,false
2026-09-04,HD,321.05,2261000,37.81,16.60,314.79,354.53,315.21,358.36,-83.40,71,ThreeDescendingPeaks|DescendingScallop,205.99,SELL,7.31,332.02,299.12,332.02,317.39,-8.68,-4.30,-4.38,334.66,331.18,339.12,343.90,0.62,downtrend,0.00,0.08,false
2026-09-04,HSY,173.15,1494400,37.77,6.13,172.81,192.00,172.02,190.46,-93.87,71,DoubleTop,216.00,SELL,4.02,179.17,161.10,179.17,171.14,-0.43,1.96,-2.40,182.40,180.11,178.88,192.44,1.30,downtrend,0.00,0.08,false
2026-09-04,HUBB,460.72,530780,42.70,38.10,432.25,523.76,439.89,529.39,-61.90,71,ThreeDescendingPeaks|DescendingScallop,178.39,HOLD,13.25,440.84,500.47,440.84,467.35,-20.85,-10.86,-9.98,478.01,470.77,485.08,485.54,1.19,downtrend,0.00,0.08,false
2026-09-04,IBM,234.89,3721100,50.04,50.04,228.97,239.66,227.40,241.80,-49.96,71,DoubleBottom|DoubleTop|HeadAndShoulders,106.00,HOLD,6.58,225.01,254.64,225.01,238.18,0.02,2.41,-2.40,234.31,233.98,241.35,262.32,0.77,downtrend,0.00,0.20,false
2026-09-04,IDXX,535.38,407800,41.35,24.91,524.10,586.28,522.05,602.00,-75.09,71,BearishFlag|DescendingScallop,197.09,HOLD,16.76,510.24,585.67,510.24,543.76,-13.17,-9.60,-3.57,555.19,551.42,558.15,607.14,0.81,downtrend,0.00,0.08,false
2026-09-04,IEX,223.74,450100,39.50,12.69,221.65,243.59,220.98,242.73,-87.31,71,ThreeDescendingPeaks|DescendingScallop,158.38,HOLD,5.07,216.13,238.95,216.13,226.28,-3.50,0.14,-3.64,232.62,229.74,228.76,205.90,0.82,uptrend,0.00,0.34,false
2026-09-04,INCY,126.75,1031000,56.24,55.93,118.95,131.47,117.56,130.80,-44.07,71,DoubleTop|HeadAndShoulders|AscendingScallop,132.47,HOLD,3.39,121.67,136.91,121.67,128.44,3.16,2.69,0.47,125.21,125.14,120.81,104.72,0.86,uptrend,0.00,0.75,true
2026-09-04,IR,76.36,3840300,37.83,28.04,73.34,86.93,74.03,87.97,-71.96,71,ThreeDescendingPeaks|DescendingScallop,196.98,HOLD,2.16,73.12,82.84,73.12,77.44,-4.00,-3.17,-0.83,80.13,79.24,81.67,82.03,1.17,downtrend,0.00,0.08,false
2026-09-04,ISRG,366.70,2081300,43.02,8.24,356.58,406.84,363.23,405.34,-91.76,71,DoubleBottom|DescendingScallop,216.00,SELL,11.37,383.75,332.59,383.75,361.02,-7.25,4.17,-11.42,381.71,375.36,381.01,463.81,0.91,downtrend,0.00,0.08,false
2026-09-04,IT,186.42,839500,52.38,33.32,176.98,204.13,172.65,203.03,-66.68,71,HeadAndShoulders,88.95,HOLD,8.61,173.50,212.26,173.50,190.73,7.62,11.50,-3.88,190.56,187.26,163.91,177.59,0.68,uptrend,0.00,0.23,false
2026-09-04,ITW,270.12,1044200,35.65,17.63,267.06,298.16,265.89,297.76,-82.37,71,ThreeDescendingPeaks|DescendingScallop,156.73,HOLD,5.46,261.93,286.50,261.93,272.85,-7.22,-4.17,-3.05,282.61,279.37,280.23,266.90,1.07,uptrend,0.00,0.14,false
2026-09-04,JBHT,273.77,860000,53.37,68.12,253.54,284.63,254.11,287.93,-31.88,71,,186.68,HOLD,8.42,261.14,299.03,261.14,277.98,-4.17,-2.53,-1.64,269.09,268.29,276.33,237.40,1.07,uptrend,0.00,0.68,true
2026-09-04,JBL,310.57,714200,44.85,26.17,275.39,375.86,292.29,376.97,-73.83,71,DescendingScallop,133.17,HOLD,13.19,290.78,350.14,290.78,317.17,-19.96,-4.99,-14.97,325.62,316.69,327.12,292.82,0.76,uptrend,0.00,0.23,false
2026-09-04,JCI,144.94,3105600,51.34,50.37,134.91,156.38,137.54,156.84,-49.63,71,InvertedCupWithHandle|DescendingScallop,75.82,HOLD,3.69,139.40,156.01,139.40,146.79,-5.17,-2.18,-2.99,145.65,143.84,144.57,134.72,1.10,uptrend,0.00,0.28,false
2026-09-04,JNJ,275.23,4320100,60.57,66.13,257.19,279.34,255.26,281.07,-33.87,71,DoubleTop|AscendingScallop,267.69,HOLD,5.52,266.94,291.80,266.94,277.99,5.56,4.91,0.65,268.26,268.64,261.77,235.82,0.69,uptrend,0.00,0.55,false
2026-09-04,KLAC,185.60,12720000,47.38,57.13,163.96,211.78,167.05,214.80,-42.87,71,DescendingScallop,99.96,HOLD,9.32,171.62,213.56,171.62,190.26,-8.97,-3.96,-5.01,187.87,185.34,205.76,171.52,1.41,uptrend,0.00,0.44,false
2026-09-04,KMB,104.96,4149000,39.45,1.46,105.99,111.97,104.85,112.38,-98.54,71,DoubleTop|HeadAndShoulders,150.00,HOLD,2.48,101.24,112.40,101.24,106.20,-0.23,-0.27,0.05,108.98,108.77,109.73,103.24,1.40,uptrend,0.00,0.08,false
2026-09-04,KVUE,18.74,26856800,43.65,5.75,18.67,19.43,18.65,19.56,-94.25,71,DoubleBottom|DoubleTop|HeadAndShoulders,150.00,HOLD,0.37,18.19,19.84,18.19,18.92,-0.04,-0.10,0.05,19.05,19.05,19.18,17.95,1.34,uptrend,0.00,0.08,false
2026-09-04,LH,326.89,438600,55.12,24.01,316.79,341.98,315.33,341.80,-75.99,71,DoubleTop|HeadAndShoulders,66.76,HOLD,7.31,315.92,348.83,315.92,330.55,8.03,9.71,-1.69,329.39,326.81,306.53,275.57,0.75,uptrend,0.00,0.57,true
2026-09-04,LII,390.53,443800,36.34,36.59,369.23,435.54,371.65,439.96,-63.41,71,ThreeDescendingPeaks|DescendingScallop,153.01,HOLD,13.00,371.03,429.54,371.03,397.03,-19.81,-25.14,5.33,402.38,406.35,472.92,498.11,0.95,downtrend,0.00,0.08,false
2026-09-04,LIN,477.57,2273700,38.50,6.05,474.36,494.88,473.05,495.96,-93.95,71,DoubleBottom|DoubleTop|HeadAndShoulders,147.43,HOLD,8.46,464.87,502.96,464.87,481.80,1.35,-3.95,5.30,484.62,487.11,501.51,480.48,1.20,downtrend,0.00,0.08,false
2026-09-04,LITE,881.26,3558500,51.78,52.08,796.82,970.96,784.47,999.67,-47.92,71,DoubleBottom|ThreeDescendingPeaks,108.67,HOLD,66.81,781.04,1081.69,781.04,914.66,17.94,47.47,-29.53,883.89,871.02,816.39,685.22,0.77,uptrend,0.00,0.63,true
2026-09-04,LLY,1149.36,2218900,41.33,7.64,1127.28,1277.91,1137.50,1292.65,-92.36,71,InvertedCupWithHandle|ThreeDescendingPeaks|DescendingScallop,166.00,HOLD,35.46,1096.18,1255.73,1096.18,1167.09,0.45,16.27,-15.82,1202.60,1185.74,1191.50,1063.33,0.89,uptrend,0.00,0.22,false
2026-09-04,LOW,204.45,2436100,41.23,19.32,198.52,226.02,199.34,225.79,-80.68,71,ThreeDescendingPeaks|DescendingScallop,189.59,HOLD,5.04,196.89,219.57,196.89,206.97,-4.84,-1.24,-3.61,212.27,209.49,213.34,236.23,0.79,downtrend,0.00,0.08,false
2026-09-04,LRCX,307.65,8355500,48.91,58.02,283.60,341.92,278.04,345.28,-41.98,71,ThreeDescendingPeaks,91.14,HOLD,16.37,283.09,356.77,283.09,315.84,-5.71,5.02,-10.74,312.76,307.72,321.88,260.90,1.12,uptrend,0.00,0.57,true
2026-09-04,LULU,100.61,37312300,31.79,9.89,108.51,129.33,97.99,128.76,-90.11,71,DescendingScallop,288.00,SELL,5.89,109.45,82.93,109.45,97.66,-2.47,-1.46,-1.01,118.92,117.83,118.40,152.77,6.19,downtrend,0.00,0.08,false
2026-09-04,MAA,128.32,580400,39.23,10.20,127.44,134.46,127.67,135.73,-89.80,71,DoubleBottom|DoubleTop|HeadAndShoulders|DescendingScallop,191.00,HOLD,2.12,125.14,134.67,125.14,129.38,-1.41,-1.26,-0.15,130.95,130.71,133.77,132.21,0.76,downtrend,0.00,0.08,false
2026-09-04,MAS,72.70,1992200,46.51,41.63,70.54,76.15,70.04,77.63,-58.37,71,ThreeDescendingPeaks|DescendingScallop,170.42,HOLD,2.00,69.69,78.71,69.69,73.70,-1.37,-1.26,-0.12,73.34,73.23,76.09,69.60,1.08,uptrend,0.00,0.34,false
2026-09-04,MCHP,74.17,7673200,44.81,40.00,70.13,81.99,70.45,85.66,-60.00,71,DescendingScallop,150.04,HOLD,3.02,69.64,83.23,69.64,75.68,-2.56,-1.24,-1.32,76.06,75.43,79.86,77.38,0.95,downtrend,0.00,0.08,false
2026-09-04,MCK,907.99,879200,58.57,76.15,837.32,929.91,837.88,929.95,-23.85,71,ThreeRisingValleys|AscendingScallop,430.88,HOLD,22.80,873.80,976.38,873.80,919.39,14.86,7.83,7.03,883.61,885.93,847.25,843.22,0.97,uptrend,0.00,0.27,false
2026-09-04,MDLZ,61.28,7906400,43.75,7.97,60.67,64.78,60.85,65.55,-92.03,71,DoubleBottom|BearishFlag|DoubleTop|HeadAndShoulders,166.00,HOLD,1.32,59.30,65.24,59.30,61.94,0.10,0.43,-0.33,62.73,62.38,61.53,59.10,1.15,uptrend,0.00,0.08,false
2026-09-04,MDT,94.17,9012900,64.50,77.33,89.14,94.32,86.72,95.41,-22.67,71,DoubleTop|AscendingScallop,290.13,HOLD,2.28,90.75,101.02,90.75,95.31,1.63,2.53,-0.90,91.73,91.05,86.74,89.72,1.13,uptrend,0.00,0.49,false
2026-09-04,MKC,52.08,2804200,42.20,10.63,52.04,56.66,51.51,56.87,-89.37,71,DoubleBottom|DoubleTop,218.20,SELL,1.46,54.26,47.71,54.26,51.35,0.62,1.40,-0.79,54.35,53.82,52.85,57.12,1.17,downtrend,0.00,0.08,false
2026-09-04,MLM,514.77,692200,41.03,30.82,504.51,557.29,502.56,559.03,-69.18,71,ThreeDescendingPeaks|DescendingScallop,183.07,HOLD,13.76,494.12,556.06,494.12,521.65,-10.47,-9.87,-0.60,530.90,528.98,552.57,601.01,1.15,downtrend,0.00,0.08,false
2026-09-04,MMM,168.56,2175200,34.33,15.66,167.36,187.87,165.80,184.69,-84.34,71,ThreeDescendingPeaks|DescendingScallop,152.94,HOLD,3.45,163.39,178.90,163.39,170.28,-3.50,-0.73,-2.78,177.62,174.71,171.61,160.88,0.83,uptrend,0.00,0.34,false
2026-09-04,MNST,43.82,12451300,33.58,3.04,43.61,49.25,43.65,49.24,-96.96,71,FallingWedge,230.00,SELL,1.08,45.44,40.58,45.44,43.28,-0.08,0.01,-0.09,46.43,46.22,47.39,41.78,1.27,uptrend,0.00,0.22,false
2026-09-04,MPWR,1223.86,625900,38.38,18.38,1181.03,1444.96,1189.49,1464.99,-81.62,71,ThreeDescendingPeaks|DescendingScallop,183.99,HOLD,56.71,1138.80,1393.99,1138.80,1252.21,-56.00,-25.18,-30.82,1313.00,1289.94,1328.53,1250.55,1.10,downtrend,0.00,0.08,false
2026-09-04,MRK,150.33,4395400,62.27,70.10,127.99,162.06,128.24,156.92,-29.90,71,DoubleTop|HeadAndShoulders|AscendingScallop|MeasuredMoveDown,118.91,HOLD,3.97,144.37,162.25,144.37,152.32,9.74,8.90,0.84,145.03,145.50,134.59,118.40,0.40,uptrend,0.00,0.75,true
2026-09-04,MRVL,223.55,21150500,51.08,42.48,197.58,251.58,200.62,254.60,-57.52,71,DoubleTop,72.79,HOLD,15.69,200.02,270.61,200.02,231.39,6.36,14.28,-7.91,224.58,220.90,220.67,151.77,0.86,uptrend,0.00,0.63,true
2026-09-04,MSFT,499.70,18074400,59.36,55.50,475.73,515.69,477.15,517.78,-44.50,71,DoubleBottom|DoubleTop,172.02,HOLD,11.84,481.94,535.22,481.94,505.62,3.67,14.13,-10.46,495.71,490.13,444.17,431.05,0.79,uptrend,0.00,0.56,true
2026-09-04,MTD,1345.26,103000,38.73,8.63,1352.02,1451.94,1334.73,1456.77,-91.37,71,DoubleTop|ThreeDescendingPeaks|DescendingScallop,166.00,HOLD,35.58,1291.89,1452.00,1291.89,1363.05,-21.05,-2.88,-18.17,1401.98,1386.16,1360.60,1319.47,0.60,uptrend,0.00,0.35,false
2026-09-04,MU,1016.59,35116600,60.15,99.09,868.53,1018.08,844.62,1036.13,-0.91,71,DoubleTop|AscendingScallop,316.45,BUY,54.84,934.33,1181.11,934.33,1044.01,25.66,35.78,-10.12,943.30,944.38,938.28,606.48,1.27,uptrend,0.83,0.90,true
2026-09-04,NDSN,318.36,428900,53.23,42.65,298.85,339.86,302.92,339.12,-57.35,71,DoubleTop|AscendingScallop,132.49,HOLD,7.02,307.83,339.43,307.83,321.87,9.67,9.71,-0.04,319.35,318.01,304.87,279.18,1.00,uptrend,0.00,0.48,false
2026-09-04,NEM,128.09,5745900,60.49,63.00,112.20,137.41,113.10,135.29,-37.00,71,HeadAndShoulders|AscendingScallop,177.60,HOLD,4.54,121.29,141.70,121.29,130.36,9.76,12.20,-2.44,124.80,122.85,107.15,108.50,0.71,uptrend,0.00,0.61,true
2026-09-04,NKE,38.40,20604300,40.06,13.27,37.48,42.17,37.95,42.23,-86.73,71,BearishFlag|DescendingScallop,214.54,SELL,1.09,40.04,35.12,40.04,37.85,-1.13,-1.08,-0.05,39.83,39.72,41.51,51.42,0.74,downtrend,0.00,0.08,false
2026-09-04,NOW,141.26,12493500,61.04,73.74,114.15,149.07,117.59,149.60,-26.26,71,ThreeRisingValleys|AscendingScallop,416.80,HOLD,6.81,131.04,161.70,131.04,144.67,8.11,7.35,0.76,131.61,132.24,117.02,118.58,0.71,uptrend,0.00,0.42,false
2026-09-04,NSC,329.46,703000,39.78,14.23,324.59,357.00,325.06,355.99,-85.77,71,DoubleTop|HeadAndShoulders,218.03,SELL,6.70,339.51,309.36,339.51,326.11,2.53,3.43,-0.90,340.80,339.04,335.16,308.94,0.60,uptrend,0.00,0.28,false
2026-09-04,NTAP,185.59,2247400,49.06,52.36,177.29,209.29,161.00,209.06,-47.64,71,ThreeDescendingPeaks|DescendingScallop,56.00,HOLD,8.56,172.75,211.27,172.75,189.87,-4.15,3.63,-7.78,193.29,187.70,178.70,130.62,0.87,uptrend,0.00,0.63,true
2026-09-04,NUE,261.07,776200,55.52,67.82,236.36,280.27,238.62,277.60,-32.18,71,DoubleBottom|ThreeRisingValleys|DescendingScallop,267.64,HOLD,8.43,248.42,286.36,248.42,265.29,-8.95,-5.73,-3.22,258.31,256.21,248.56,206.02,0.56,uptrend,0.67,0.75,true
2026-09-04,NVDA,230.36,134946800,60.39,84.01,208.12,232.04,207.25,234.76,-15.99,71,,312.09,BUY,7.38,219.29,252.50,219.29,234.05,0.56,3.67,-3.11,220.08,219.30,210.57,196.68,1.05,uptrend,0.83,0.72,true
2026-09-04,NXPI,227.84,2905900,43.91,73.40,218.90,236.48,217.30,242.49,-26.60,71,DescendingScallop,78.87,HOLD,7.26,216.96,249.61,216.96,231.47,-4.02,-7.23,3.21,227.69,230.01,250.27,243.70,1.00,downtrend,0.00,0.08,false
2026-09-04,ODFL,185.87,2389800,27.11,19.34,183.56,220.58,179.34,219.74,-80.66,71,ThreeDescendingPeaks|DescendingScallop,184.20,HOLD,6.89,175.53,206.55,175.53,189.32,-8.65,-7.32,-1.33,202.07,200.34,214.62,196.55,1.45,downtrend,0.00,0.08,false
2026-09-04,ON,74.38,10320100,41.91,34.09,68.41,84.48,70.92,85.55,-65.91,71,DescendingScallop,152.32,HOLD,3.32,69.39,84.35,69.39,76.04,-3.81,-3.25,-0.56,76.45,76.33,83.53,78.35,1.45,downtrend,0.00,0.08,false
2026-09-04,ORCL,158.78,26430100,60.94,95.87,138.63,157.99,137.43,159.70,-4.13,71,DoubleBottom|IslandReversal|DoubleTop|AscendingScallop,421.36,HOLD,6.77,148.62,179.10,148.62,162.17,1.17,4.60,-3.44,148.31,147.29,139.84,168.78,1.16,downtrend,0.00,0.35,false
2026-09-04,ORLY,87.89,3790400,44.48,23.39,86.36,93.32,86.40,93.84,-76.61,71,DoubleBottom|ThreeDescendingPeaks|DescendingScallop,187.59,HOLD,1.98,84.91,93.84,84.91,88.88,-1.64,-0.67,-0.97,89.84,89.08,89.01,92.17,0.82,downtrend,0.00,0.08,false
2026-09-04,OTIS,71.21,2976000,46.23,39.08,69.95,73.67,70.10,74.39,-60.92,71,DoubleBottom|DescendingScallop,172.01,HOLD,1.30,69.26,75.11,69.26,71.86,-0.63,-0.59,-0.04,71.81,71.70,72.35,79.98,0.91,downtrend,0.00,0.08,false
2026-09-04,PANW,333.26,5636200,43.50,18.00,322.20,405.36,321.39,398.88,-82.00,71,HeadAndShoulders|DescendingScallop,150.93,HOLD,18.85,304.99,389.81,304.99,342.68,-9.32,4.39,-13.71,363.78,353.88,349.30,233.07,0.91,uptrend,0.00,0.63,true
2026-09-04,PEP,137.63,6138900,42.03,2.36,136.82,144.28,136.73,145.90,-97.64,71,DoubleBottom|DoubleTop|HeadAndShoulders,280.00,SELL,2.41,141.25,130.39,141.25,136.42,0.94,1.06,-0.13,140.55,140.32,139.65,148.78,0.93,downtrend,0.00,0.08,false
2026-09-04,PG,146.44,5588200,52.45,69.13,142.28,147.66,142.14,148.36,-30.87,71,DoubleBottom|DoubleTop,174.38,HOLD,2.47,142.74,153.84,142.74,147.67,0.08,-0.72,0.80,144.97,145.61,146.72,147.57,0.63,downtrend,0.00,0.27,false
2026-09-04,PHM,124.45,962000,43.67,14.88,122.87,133.32,122.90,133.32,-85.12,71,DoubleTop,177.19,HOLD,3.32,119.47,134.41,119.47,126.11,-1.62,-0.97,-0.65,128.10,127.26,128.79,125.22,0.79,downtrend,0.00,0.08,false
2026-09-04,PKG,237.25,530400,42.59,34.35,229.23,264.19,227.65,259.98,-65.65,71,DoubleTop|DescendingScallop,115.52,HOLD,6.08,228.13,255.49,228.13,240.29,-6.72,-2.50,-4.22,246.71,242.59,242.30,223.19,1.06,uptrend,0.00,0.22,false
2026-09-04,PLD,137.34,2266800,38.74,13.14,136.98,143.95,136.36,143.82,-86.86,71,DoubleBottom|DoubleTop|HeadAndShoulders,141.11,HOLD,2.21,134.03,143.96,134.03,138.44,-0.15,-0.68,0.53,140.47,140.46,142.07,137.32,0.75,uptrend,0.00,0.14,false
2026-09-04,PNR,60.21,2365300,34.26,15.73,58.59,68.16,59.15,68.50,-84.27,71,BearishFlag|InvertedCupWithHandle|ThreeDescendingPeaks|DescendingScallop,212.21,SELL,1.94,63.13,54.38,63.13,59.24,-2.68,-1.75,-0.92,63.38,62.91,67.05,85.72,0.62,downtrend,0.00,0.08,false
2026-09-04,PODD,147.48,1058400,47.89,51.08,140.30,151.73,138.28,155.17,-48.92,71,DoubleBottom|AscendingScallop|DiamondBottom,294.86,HOLD,5.99,138.50,165.44,138.50,150.47,-0.98,-4.32,3.35,146.01,148.10,154.32,210.20,0.66,downtrend,0.00,0.20,false
2026-09-04,PPG,112.53,1174700,46.96,48.18,110.29,116.38,109.09,119.06,-51.82,71,HeadAndShoulders|DescendingScallop,107.34,HOLD,2.88,108.22,121.16,108.22,113.97,-1.42,-1.19,-0.23,113.34,113.22,115.79,111.38,0.94,uptrend,0.00,0.08,false
2026-09-04,PTC,141.02,2119700,43.03,5.24,143.34,159.48,140.00,159.46,-94.76,71,HeadAndShoulders,191.00,HOLD,5.32,133.05,156.97,133.05,143.68,3.22,6.58,-3.37,151.41,148.70,136.51,148.72,1.85,downtrend,0.00,0.08,false
2026-09-04,PWR,624.41,653600,45.37,25.96,574.61,715.51,593.70,724.80,-74.04,71,InvertedCupWithHandle|DescendingScallop,127.96,HOLD,24.37,587.85,697.53,587.85,636.60,-32.70,-8.62,-24.08,645.06,634.29,652.18,587.86,0.61,uptrend,0.00,0.20,false
2026-09-04,QCOM,168.74,8531400,53.08,82.57,157.34,170.70,156.23,171.38,-17.43,71,DoubleBottom|DoubleTop,277.15,HOLD,6.00,159.73,186.75,159.73,171.74,2.19,1.29,0.90,164.02,165.60,169.31,167.83,0.94,sideways,0.00,0.27,false
2026-09-04,RDDT,154.46,2830500,47.14,45.66,142.56,169.55,143.47,184.28,-54.34,71,DoubleBottom|ThreeDescendingPeaks|DescendingScallop,154.22,HOLD,9.17,140.70,181.98,140.70,159.05,-2.04,-3.29,1.24,156.05,156.64,170.01,174.54,0.41,downtrend,0.00,0.20,false
2026-09-04,REGN,827.72,561100,60.46,60.60,784.04,851.47,775.83,859.34,-39.40,71,DoubleBottom|DoubleTop,198.19,HOLD,20.45,797.04,889.07,797.04,837.95,17.54,34.01,-16.47,817.75,807.76,737.86,732.17,0.82,uptrend,0.00,0.55,false
2026-09-04,RL,351.20,682900,39.24,31.78,329.17,408.75,335.21,407.79,-68.22,71,ThreeDescendingPeaks|DescendingScallop,156.91,HOLD,11.06,334.60,384.39,334.60,356.73,-17.15,-9.50,-7.64,368.96,362.23,378.95,366.22,1.13,downtrend,0.00,0.08,false
2026-09-04,RMD,228.35,843800,53.24,37.36,217.78,241.59,210.58,242.40,-62.64,71,AscendingScallop,116.96,HOLD,6.65,218.37,248.31,218.37,231.68,6.38,8.02,-1.64,229.69,228.40,215.28,228.39,0.62,downtrend,0.00,0.08,false
2026-09-04,ROK,433.81,532300,46.63,64.73,417.38,451.89,415.64,454.69,-35.27,71,,140.07,HOLD,10.69,417.78,465.88,417.78,439.15,-10.30,-11.60,1.30,434.63,435.22,453.81,420.54,0.80,uptrend,0.00,0.34,false
2026-09-04,ROL,35.86,5236800,36.01,24.60,35.47,37.26,35.25,37.73,-75.40,71,DoubleBottom|DoubleTop|HeadAndShoulders,158.64,HOLD,0.93,34.47,38.65,34.47,36.32,-0.38,-0.76,0.38,36.36,36.73,39.51,52.27,1.18,downtrend,0.00,0.08,false
2026-09-04,ROP,407.28,616800,52.46,37.27,388.18,430.65,387.82,429.60,-62.73,71,,131.50,HOLD,10.99,390.79,440.26,390.79,412.78,10.67,9.64,1.03,409.42,408.83,384.07,376.10,0.93,uptrend,0.00,0.23,false
2026-09-04,ROST,230.69,1381600,42.05,31.97,221.46,253.33,224.50,256.45,-68.03,71,DoubleBottom|DescendingScallop,139.44,HOLD,5.68,222.18,247.72,222.18,233.53,-7.96,-7.10,-0.86,237.40,235.42,234.51,212.62,0.49,uptrend,0.00,0.08,false
2026-09-04,RSG,222.71,1611000,56.90,69.73,212.60,226.35,212.22,225.74,-30.27,71,DoubleTop|AscendingScallop,274.79,HOLD,3.94,216.79,234.54,216.79,224.68,4.61,3.63,0.98,219.47,220.07,217.55,215.01,1.11,uptrend,0.00,0.42,false
2026-09-04,RVTY,130.22,1175200,67.49,85.60,111.64,134.56,112.68,133.00,-14.40,71,ThreeRisingValleys|AscendingScallop,464.81,HOLD,3.81,124.51,141.64,124.51,132.12,6.42,4.91,1.51,123.10,124.07,116.40,102.36,0.76,uptrend,0.83,0.75,true
2026-09-04,SHW,333.71,977700,41.46,20.38,326.86,368.36,327.78,368.32,-79.62,71,DescendingScallop,177.89,HOLD,7.81,322.00,357.14,322.00,337.61,-9.17,-2.82,-6.35,347.61,342.72,343.01,334.16,0.63,downtrend,0.00,0.08,false
2026-09-04,SLB,57.51,7609700,62.17,65.21,50.50,59.19,50.67,60.46,-34.79,71,AscendingScallop,325.07,HOLD,1.89,54.68,63.17,54.68,58.45,2.12,1.93,0.19,54.84,55.00,50.79,49.06,0.66,uptrend,0.00,0.47,false
2026-09-04,SMCI,39.59,53548400,62.66,80.65,32.78,41.29,30.92,42.31,-19.35,71,AscendingScallop,348.49,HOLD,2.36,36.04,46.68,36.04,40.77,2.00,3.32,-1.32,37.03,36.31,31.71,31.37,0.98,uptrend,0.00,0.35,false
2026-09-04,SNDK,1740.00,16487100,61.24,100.00,1268.77,1790.81,1194.01,1827.99,0.00,71,AscendingScallop,382.39,BUY,129.90,1545.15,2129.70,1545.15,1804.95,74.41,120.76,-46.35,1529.79,1534.87,1550.25,1003.97,1.24,uptrend,0.83,0.83,true
2026-09-04,SNPS,393.84,2967400,42.59,15.96,380.28,448.13,380.33,464.98,-84.04,71,,199.11,HOLD,17.05,368.27,444.98,368.27,402.36,5.21,8.52,-3.31,414.21,414.03,412.61,447.19,1.69,downtrend,0.00,0.08,false
2026-09-04,STE,224.59,568000,40.21,16.67,226.08,241.69,221.44,241.39,-83.33,71,DoubleTop|HeadAndShoulders,199.60,HOLD,5.63,216.15,241.48,216.15,227.40,-0.63,1.78,-2.42,233.89,231.24,225.32,232.88,0.95,downtrend,0.00,0.08,false
2026-09-04,STLD,242.06,1177800,49.50,61.33,215.53,271.24,218.02,271.00,-38.67,71,DescendingScallop|MeasuredMoveUp,124.96,HOLD,8.96,228.62,268.93,228.62,246.54,-12.65,-10.53,-2.12,243.38,241.70,241.96,210.31,0.99,uptrend,0.00,0.61,true
2026-09-04,STX,849.28,2557100,50.64,43.37,745.12,961.57,763.52,1013.99,-56.63,71,ThreeDescendingPeaks,107.79,HOLD,55.68,765.76,1016.32,765.76,877.12,-21.66,5.71,-27.37,853.35,840.49,853.52,593.42,0.71,uptrend,0.00,0.63,true
2026-09-04,SWKS,74.02,4805300,67.73,93.36,64.35,72.54,63.06,74.80,-6.64,71,MeasuredMoveUp,397.17,BUY,3.12,69.33,83.39,69.33,75.58,0.42,1.08,-0.66,68.44,68.25,64.88,63.89,0.87,uptrend,0.83,0.64,true
2026-09-04,SYK,303.13,2401400,34.06,1.50,304.97,353.74,302.51,349.77,-98.50,71,ThreeDescendingPeaks|DescendingScallop,216.00,SELL,9.85,317.91,273.57,317.91,298.20,-9.02,-4.89,-4.13,329.35,324.21,328.91,338.45,1.07,downtrend,0.00,0.08,false
2026-09-04,TECH,72.43,1856300,64.92,65.91,72.10,72.53,72.00,72.62,-34.09,71,DoubleBottom|DoubleTop,244.80,BUY,0.30,71.98,73.33,71.98,72.58,0.09,0.15,-0.06,72.32,72.17,71.85,61.00,0.77,uptrend,0.83,0.82,true
2026-09-04,TEL,208.65,2045600,52.14,65.21,196.17,219.45,199.28,221.98,-34.79,71,DoubleBottom|DescendingScallop,132.95,HOLD,6.15,199.43,227.09,199.43,211.72,-4.62,-3.08,-1.55,207.81,206.71,205.58,216.22,1.05,downtrend,0.00,0.28,false
2026-09-04,TER,357.03,2246300,46.88,31.42,319.94,430.73,326.00,444.17,-68.58,71,ThreeDescendingPeaks|DescendingScallop,121.36,HOLD,22.83,322.78,425.53,322.78,368.45,-18.25,1.49,-19.73,375.33,364.43,371.93,316.29,0.96,uptrend,0.00,0.30,false
2026-09-04,TGT,164.44,2865600,63.23,74.29,148.79,170.95,146.21,170.75,-25.71,71,BearishFlag|HeadAndShoulders|AscendingScallop,179.27,HOLD,4.38,157.87,177.59,157.87,166.63,6.82,7.07,-0.26,159.87,159.36,147.04,122.50,0.59,uptrend,0.00,0.75,true
2026-09-04,TJX,132.08,7265600,22.28,8.29,124.70,160.27,130.15,160.85,-91.71,71,ThreeDescendingPeaks|DescendingScallop,216.00,SELL,2.87,136.39,123.47,136.39,130.64,-10.50,-8.49,-2.01,142.48,140.66,150.05,154.72,0.98,downtrend,0.00,0.08,false
2026-09-04,TMO,613.78,1228900,57.43,46.54,581.75,642.11,580.00,647.00,-53.46,71,DoubleTop|HeadAndShoulders|AscendingScallop,61.77,HOLD,15.98,589.80,661.73,589.80,621.77,17.57,18.75,-1.18,611.93,607.36,570.73,536.07,0.77,uptrend,0.00,0.75,true
2026-09-04,TPL,362.42,272000,43.85,13.01,346.24,384.41,335.10,396.78,-86.99,71,ThreeDescendingPeaks|AscendingScallop,124.70,HOLD,14.52,340.64,405.97,340.64,369.68,1.48,-5.78,7.26,365.33,370.54,387.92,391.59,0.74,downtrend,0.00,0.08,false
2026-09-04,TPR,122.14,2895900,32.07,12.17,107.87,156.54,120.31,164.80,-87.83,71,ThreeDescendingPeaks|DescendingScallop,191.00,HOLD,4.29,115.70,135.02,115.70,124.29,-11.92,-11.80,-0.11,132.20,130.85,140.77,138.35,0.75,downtrend,0.00,0.08,false
2026-09-04,TRMB,59.47,2731700,54.17,57.90,55.96,62.01,54.71,62.00,-42.10,71,DoubleTop|HeadAndShoulders,65.00,HOLD,1.92,56.59,65.22,56.59,60.43,1.12,0.97,0.15,58.98,58.98,56.06,64.81,0.67,downtrend,0.00,0.20,false
2026-09-04,TSCO,34.99,6566700,56.73,44.28,34.08,36.22,33.77,36.89,-55.72,71,DoubleBottom|HeadAndShoulders,124.53,HOLD,1.06,33.40,38.17,33.40,35.52,0.33,1.13,-0.80,35.15,34.58,32.75,41.88,0.65,downtrend,0.00,0.08,false
2026-09-04,TSLA,354.08,64829000,50.93,43.39,324.27,372.60,323.64,384.04,-56.61,71,ThreeRisingValleys|AscendingScallop,243.12,HOLD,15.27,331.18,399.88,331.18,361.71,13.40,13.98,-0.58,348.44,351.83,357.95,399.56,1.71,downtrend,0.00,0.28,false
2026-09-04,TT,447.90,1041800,42.45,37.53,431.13,487.63,434.00,493.71,-62.47,71,ThreeDescendingPeaks|DescendingScallop,128.38,HOLD,10.83,431.66,480.38,431.66,453.31,-12.66,-7.03,-5.62,459.38,455.41,468.42,444.39,1.16,uptrend,0.00,0.20,false
2026-09-04,TTD,14.43,25300700,46.48,63.76,12.63,14.79,12.83,15.26,-36.24,71,DoubleBottom|AscendingScallop,304.89,HOLD,0.80,13.22,16.84,13.22,14.83,-0.91,-1.70,0.80,13.71,14.43,16.58,25.03,1.17,downtrend,0.00,0.28,false
2026-09-04,TXN,258.44,4242600,41.49,33.41,247.63,285.48,248.13,289.62,-66.59,71,ThreeDescendingPeaks|DescendingScallop,123.93,HOLD,8.81,245.22,284.87,245.22,262.85,-9.53,-6.85,-2.68,266.55,265.06,280.03,239.38,0.79,uptrend,0.00,0.30,false
2026-09-04,TYL,364.03,631300,59.51,55.55,307.14,391.70,308.00,393.53,-44.45,71,ThreeRisingValleys|AscendingScallop,325.17,HOLD,14.07,342.92,406.24,342.92,371.07,24.25,18.74,5.51,349.42,353.11,325.26,357.57,0.65,uptrend,0.00,0.20,false
2026-09-04,UBER,75.76,14391200,50.07,21.32,73.79,80.39,73.97,82.36,-78.68,71,DoubleBottom|HeadAndShoulders,158.92,HOLD,2.54,71.95,83.38,71.95,77.03,1.78,2.76,-0.98,77.09,76.17,74.09,76.32,0.93,sideways,0.00,0.08,false
2026-09-04,ULTA,564.12,515800,63.24,93.97,498.25,567.27,493.11,568.44,-6.03,71,DoubleBottom|DoubleTop|ThreeRisingValleys|AscendingScallop,473.73,HOLD,18.64,536.16,620.04,536.16,573.44,4.87,2.42,2.45,532.76,534.94,505.67,556.30,0.71,uptrend,0.00,0.27,false
2026-09-04,UNP,289.62,1279200,39.94,13.81,284.50,314.27,285.69,314.15,-86.19,71,DoubleBottom|DoubleTop|HeadAndShoulders,219.21,SELL,6.25,299.00,270.86,299.00,286.49,3.28,4.32,-1.04,299.39,297.63,293.58,260.28,0.55,uptrend,0.00,0.34,false
2026-09-04,UPS,102.29,3106400,41.17,16.46,101.14,106.33,101.34,107.11,-83.54,71,DoubleBottom|DoubleTop|HeadAndShoulders,156.68,HOLD,2.16,99.05,108.77,99.05,103.37,-0.51,-1.40,0.90,103.74,104.30,107.72,104.89,0.74,downtrend,0.00,0.14,false
2026-09-04,URI,1009.86,316100,38.25,22.35,963.56,1191.51,967.58,1176.44,-77.65,71,ThreeDescendingPeaks|DescendingScallop,136.98,HOLD,31.01,963.34,1102.90,963.34,1025.37,-52.71,-23.07,-29.64,1077.53,1055.73,1087.67,927.37,0.76,uptrend,0.00,0.48,false
2026-09-04,VLTO,96.31,1341300,47.27,12.66,95.78,100.11,95.63,101.00,-87.34,71,DoubleBottom|DoubleTop,133.45,HOLD,2.07,93.20,102.53,93.20,97.35,0.64,1.05,-0.41,97.94,97.45,95.15,93.43,0.92,uptrend,0.00,0.28,false
2026-09-04,VMC,262.63,1113100,38.71,22.73,258.69,288.71,257.17,289.37,-77.27,71,DescendingScallop,196.29,HOLD,7.45,251.46,284.97,251.46,266.35,-5.98,-3.97,-2.01,273.70,271.89,282.43,288.39,1.27,downtrend,0.00,0.08,false
2026-09-04,VRSN,292.08,494500,56.25,71.70,272.84,300.44,271.10,300.36,-28.30,71,DoubleTop|ThreeRisingValleys,281.26,HOLD,7.83,280.34,315.57,280.34,295.99,1.06,-1.29,2.36,286.64,287.82,279.02,261.74,0.72,uptrend,0.00,0.35,false
2026-09-04,VRT,280.53,3318600,54.88,96.54,244.21,295.33,248.75,300.30,-3.46,71,DoubleBottom,280.54,HOLD,14.06,259.45,322.70,259.45,287.56,-6.70,-1.37,-5.33,269.77,268.23,282.70,257.40,0.83,uptrend,0.00,0.40,false
2026-09-04,VRTX,546.12,803300,59.36,67.07,509.55,568.00,502.29,560.25,-32.93,71,DoubleTop|AscendingScallop,225.93,HOLD,13.04,526.56,585.24,526.56,552.64,22.54,25.34,-2.80,538.78,536.11,508.76,466.15,0.72,uptrend,0.83,0.61,true
2026-09-04,WAB,282.86,462600,42.56,28.61,279.10,306.50,274.83,304.36,-71.39,71,DoubleTop,119.77,HOLD,6.41,273.25,302.08,273.25,286.06,-2.99,-0.76,-2.23,292.80,289.33,283.42,254.23,0.54,uptrend,0.00,0.48,false
2026-09-04,WAT,409.38,352100,53.59,44.28,403.14,420.84,396.00,426.22,-55.72,71,DoubleBottom|DoubleTop|HeadAndShoulders,65.73,HOLD,12.42,390.75,446.64,390.75,415.59,4.71,9.51,-4.79,411.99,408.14,391.71,360.77,0.53,uptrend,0.00,0.63,true
2026-09-04,WDAY,195.79,2864300,56.13,32.55,179.53,211.02,173.17,227.49,-67.45,71,AscendingScallop,191.48,HOLD,10.23,180.44,226.49,180.44,200.91,8.95,14.16,-5.22,195.27,191.81,165.79,160.18,0.57,uptrend,0.00,0.57,true
2026-09-04,WELL,236.17,2254500,48.29,27.84,229.41,244.32,224.97,243.04,-72.16,71,DoubleTop|HeadAndShoulders,65.00,HOLD,4.90,228.82,250.87,228.82,238.62,2.72,0.59,2.14,236.86,237.87,237.11,210.91,0.84,uptrend,0.00,0.48,false
2026-09-04,WM,218.99,2447800,40.19,21.85,217.01,228.58,216.27,228.98,-78.15,71,DoubleTop,142.70,HOLD,3.94,213.08,230.82,213.08,220.96,-2.44,-3.15,0.71,222.79,222.68,228.33,225.22,1.22,downtrend,0.00,0.08,false
2026-09-04,WSM,227.42,1033200,42.85,28.30,220.01,253.35,218.60,254.89,-71.70,71,DescendingScallop,125.47,HOLD,7.94,215.51,251.24,215.51,231.39,-6.80,-2.12,-4.68,236.68,232.79,232.78,204.37,0.93,uptrend,0.00,0.49,false
2026-09-04,WST,339.97,364100,43.01,18.00,336.94,357.52,335.51,360.29,-82.00,71,DoubleTop|ThreeDescendingPeaks|DescendingScallop,143.34,HOLD,7.40,328.88,362.16,328.88,343.67,-1.93,1.02,-2.95,347.23,345.41,350.12,293.73,0.82,uptrend,0.00,0.63,true
2026-09-04,WY,23.02,5100000,34.91,12.56,22.76,25.45,22.74,25.54,-87.44,71,InvertedCupWithHandle|DescendingScallop,216.00,SELL,0.55,23.84,21.37,23.84,22.75,-0.65,-0.38,-0.26,24.10,23.89,24.14,24.27,1.08,downtrend,0.00,0.08,false
2026-09-04,XOM,159.47,16192900,50.99,31.16,155.61,167.24,154.45,168.64,-68.84,71,DoubleBottom|DoubleTop,96.49,HOLD,3.40,154.37,169.67,154.37,161.17,1.84,3.03,-1.18,161.42,160.09,152.96,144.74,1.15,uptrend,0.00,0.08,false
2026-09-04,XYL,105.69,2424800,29.91,1.85,103.89,124.36,105.48,124.00,-98.15,71,ThreeDescendingPeaks|DescendingScallop,216.00,SELL,2.80,109.88,97.30,109.88,104.29,-4.83,-3.37,-1.46,114.12,112.58,117.53,124.25,1.43,downtrend,0.00,0.08,false
2026-09-04,ZBRA,362.74,401400,60.70,70.36,343.53,385.10,341.97,386.23,-29.64,71,ThreeDescendingPeaks|DescendingScallop,61.22,HOLD,11.87,344.94,398.35,344.94,368.67,-1.39,15.65,-17.04,364.32,352.46,314.84,257.24,0.68,uptrend,0.00,0.63,true
2026-09-08,A,146.85,1603122,46.50,4.87,145.12,158.93,145.99,163.75,-95.13,69,DoubleBottom|DoubleTop,141.00,HOLD,4.53,140.05,160.45,140.05,149.12,3.16,5.34,-2.18,152.03,150.15,142.55,131.60,0.70,uptrend,0.00,0.63,true
2026-09-08,AAPL,316.22,35028027,50.20,38.70,299.12,327.96,300.57,330.81,-61.30,69,AscendingScallop,212.80,HOLD,7.51,304.96,338.74,304.96,319.97,4.75,-0.37,5.13,313.54,316.84,315.80,284.11,0.89,uptrend,0.00,0.42,false
2026-09-08,ABBV,248.78,5140340,41.67,1.94,245.73,269.42,245.52,266.97,-98.06,69,DoubleBottom|DoubleTop|MeasuredMoveDown,215.27,SELL,5.86,257.58,231.19,257.58,245.85,4.82,4.87,-0.05,257.58,256.79,254.39,228.41,1.19,uptrend,0.00,0.35,false
2026-09-08,ABT,105.52,11250706,40.67,2.31,105.99,117.49,105.24,117.34,-97.69,69,DoubleTop|InvertedCupWithHandle,191.00,HOLD,2.84,101.26,114.03,101.26,106.94,1.00,2.79,-1.79,111.74,109.85,104.60,106.18,1.45,sideways,0.00,0.08,false
2026-09-08,ACN,179.03,6058870,50.38,29.08,171.61,194.81,169.75,195.32,-70.92,69,,129.30,HOLD,7.05,168.46,200.17,168.46,182.55,6.17,7.11,-0.95,183.21,181.75,162.71,202.60,1.17,downtrend,0.00,0.08,false
2026-09-08,ADBE,257.26,5353562,44.16,7.47,250.91,295.75,251.20,294.53,-92.53,69,DoubleBottom,203.71,SELL,11.28,274.19,223.41,274.19,251.62,8.48,9.94,-1.46,273.33,271.53,249.94,267.60,1.22,downtrend,0.00,0.08,false
2026-09-08,ADI,363.20,3085469,43.62,41.14,350.24,392.86,348.00,396.95,-58.86,69,ThreeDescendingPeaks|DescendingScallop,113.21,HOLD,10.94,346.79,396.01,346.79,368.67,-8.13,-2.88,-5.25,371.55,368.23,376.89,348.96,0.85,uptrend,0.00,0.08,false
2026-09-08,ADM,84.50,5054464,59.56,78.40,77.36,85.65,75.86,86.88,-21.60,69,DoubleBottom,385.34,BUY,2.64,80.54,92.41,80.54,85.82,1.15,0.52,0.62,81.50,82.08,81.12,72.24,1.43,uptrend,0.83,0.69,true
2026-09-08,ADSK,212.21,2955662,33.11,6.48,221.90,274.35,208.09,271.72,-93.52,69,HeadAndShoulders,216.00,SELL,10.85,228.49,179.65,228.49,206.78,-0.25,5.44,-5.69,248.13,241.88,230.99,246.60,1.41,downtrend,0.00,0.08,false
2026-09-08,AKAM,105.61,3764204,40.33,30.19,98.11,125.58,100.77,127.04,-69.81,69,InvertedCupWithHandle|ThreeDescendingPeaks|DescendingScallop,167.13,HOLD,4.88,98.29,120.26,98.29,108.05,-6.18,-3.64,-2.53,111.85,110.20,115.82,109.67,1.32,downtrend,0.00,0.08,false
2026-09-08,ALB,129.57,4926039,46.58,32.95,125.95,142.19,122.45,144.06,-67.05,69,DoubleTop|ThreeDescendingPeaks,206.99,SELL,5.87,138.38,111.96,138.38,126.63,3.33,6.22,-2.89,134.07,132.45,127.89,156.62,2.29,downtrend,0.00,0.08,false
2026-09-08,ALGN,153.49,807189,36.71,1.70,148.43,178.45,153.14,182.20,-98.30,69,DescendingScallop,191.00,HOLD,5.87,144.68,171.11,144.68,156.43,-7.11,-5.86,-1.25,163.44,162.15,170.89,170.65,0.99,downtrend,0.00,0.08,false
2026-09-08,ALLE,156.05,760257,47.23,31.30,151.78,168.81,151.23,169.43,-68.70,69,ThreeDescendingPeaks|DescendingScallop,95.98,HOLD,3.89,150.21,167.73,150.21,158.00,-3.90,-1.74,-2.15,160.29,157.97,153.04,151.07,0.56,uptrend,0.00,0.42,false
2026-09-08,AMAT,472.79,6273280,45.37,53.42,422.17,551.83,426.13,563.76,-46.58,69,ThreeDescendingPeaks|DescendingScallop,108.37,HOLD,23.37,437.74,542.89,437.74,484.47,-32.02,-19.10,-12.92,487.00,480.12,530.64,408.30,0.85,uptrend,0.00,0.50,false
2026-09-08,AMD,505.74,27979240,57.04,90.79,445.02,508.99,440.50,517.35,-9.21,69,DoubleTop,270.37,BUY,23.39,470.66,575.90,470.66,517.43,-7.92,-5.53,-2.39,477.01,477.84,498.96,342.38,1.56,uptrend,0.83,0.83,true
2026-09-08,ANET,194.96,4695079,54.13,55.07,181.23,208.14,181.27,211.45,-44.93,69,DoubleBottom|HeadAndShoulders,143.06,HOLD,8.18,182.69,219.50,182.69,199.05,-0.66,2.94,-3.60,194.68,191.76,183.68,152.30,0.83,uptrend,0.00,0.63,true
2026-09-08,AOS,58.82,1318155,41.00,7.22,58.30,64.59,58.41,64.09,-92.78,69,DoubleTop|ThreeDescendingPeaks|DescendingScallop,216.00,SELL,1.61,61.23,54.00,61.23,58.02,-0.96,-0.31,-0.65,61.44,60.88,61.27,65.18,1.06,downtrend,0.00,0.08,false
2026-09-08,APD,297.71,934830,43.87,3.05,298.54,311.30,297.20,313.93,-96.95,69,DoubleBottom|DoubleTop|HeadAndShoulders,166.00,HOLD,6.27,288.31,316.52,288.31,300.84,1.67,2.79,-1.11,304.92,303.56,300.57,282.73,1.01,uptrend,0.00,0.22,false
2026-09-08,AVGO,368.56,29871614,45.33,76.56,335.74,415.53,342.33,426.76,-23.44,69,InvertedCupWithHandle|ThreeDescendingPeaks|DescendingScallop,140.92,HOLD,13.15,348.83,408.02,348.83,375.14,-20.85,-17.91,-2.94,375.63,373.08,383.73,369.97,1.23,downtrend,0.00,0.08,false
2026-09-08,AVY,170.70,850756,42.92,20.35,170.65,185.95,166.85,185.77,-79.65,69,DoubleTop|InvertedCupWithHandle,161.68,HOLD,5.11,163.03,186.04,163.03,173.26,-0.39,2.77,-3.16,178.30,175.63,170.18,173.10,0.80,sideways,0.00,0.08,false
2026-09-08,AZO,2951.61,399942,44.34,18.73,2912.34,3084.44,2903.57,3160.00,-81.27,69,DoubleBottom|ThreeDescendingPeaks|DescendingScallop,191.25,HOLD,71.29,2844.67,3165.49,2844.67,2987.26,-38.65,-28.50,-10.15,2998.39,2991.82,3032.79,3377.07,1.43,downtrend,0.00,0.08,false
2026-09-08,BBY,89.33,3099182,58.17,89.45,80.65,90.82,76.70,90.82,-10.55,69,DoubleTop,250.62,BUY,3.39,84.24,99.51,84.24,91.03,0.55,0.28,0.27,85.73,85.82,84.25,71.54,0.76,uptrend,0.83,0.82,true
2026-09-08,BDX,179.10,1803117,46.37,4.32,178.88,193.43,177.13,193.07,-95.68,69,DoubleBottom|DoubleTop,134.32,HOLD,4.28,172.68,191.94,172.68,181.24,4.51,7.55,-3.04,186.15,183.53,170.47,159.94,1.11,uptrend,0.00,0.35,false
2026-09-08,BIIB,212.50,617405,47.84,12.84,205.09,226.99,201.00,225.80,-87.16,69,DoubleTop|AscendingScallop,126.17,HOLD,6.20,203.21,231.09,203.21,215.60,5.35,5.69,-0.34,216.04,216.01,209.46,191.26,0.87,uptrend,0.00,0.35,false
2026-09-08,BKNG,180.30,10487378,32.80,2.04,187.75,222.59,179.53,217.32,-97.96,69,DoubleTop,263.00,SELL,6.91,190.67,159.56,190.67,176.84,-3.67,2.22,-5.89,205.17,199.87,194.23,185.78,2.05,downtrend,0.00,0.22,false
2026-09-08,BLDR,62.58,2744306,36.91,2.52,61.42,75.83,62.31,75.50,-97.48,69,ThreeDescendingPeaks|DescendingScallop,216.00,SELL,3.13,67.28,53.19,67.28,61.01,-3.30,-1.80,-1.50,68.63,67.69,72.61,89.94,1.41,downtrend,0.00,0.08,false
2026-09-08,BSX,44.98,28963545,38.56,1.43,45.27,53.21,44.87,52.99,-98.57,69,DescendingScallop,216.00,SELL,1.88,47.80,39.34,47.80,44.04,-1.25,0.25,-1.50,49.24,48.09,46.90,66.49,1.48,downtrend,0.00,0.08,false
2026-09-08,CAH,240.49,1578047,54.78,59.28,226.32,247.52,227.68,258.30,-40.72,69,ThreeRisingValleys,268.49,HOLD,5.42,232.36,256.75,232.36,243.20,1.79,0.80,0.98,236.92,238.06,234.28,215.92,0.95,uptrend,0.00,0.47,false
2026-09-08,CARR,59.11,4622227,40.16,44.74,56.33,64.11,56.44,64.73,-55.26,69,ThreeDescendingPeaks|DescendingScallop,136.22,HOLD,1.59,56.72,63.89,56.72,59.91,-2.31,-2.06,-0.25,60.22,60.23,64.44,61.42,0.92,downtrend,0.00,0.08,false
2026-09-08,CDNS,284.11,4246827,28.34,2.18,289.59,350.15,282.69,347.72,-97.82,69,HeadAndShoulders,175.00,HOLD,12.56,265.28,321.78,265.28,290.39,-4.74,-4.96,0.22,319.87,319.23,339.78,327.03,1.79,downtrend,0.00,0.08,false
2026-09-08,CDW,144.48,2220851,51.34,50.64,128.72,155.87,130.56,158.05,-49.36,69,DoubleBottom,242.98,HOLD,6.80,134.28,164.88,134.28,147.88,3.56,0.11,3.45,142.29,144.53,140.18,131.79,1.34,uptrend,0.00,0.43,false
2026-09-08,CEG,299.05,3520045,66.76,82.22,264.21,295.98,264.82,305.80,-17.78,69,DoubleBottom|AscendingScallop,474.02,HOLD,10.08,283.94,329.28,283.94,304.09,5.35,4.30,1.05,280.09,280.84,267.12,296.16,1.39,uptrend,0.00,0.47,false
2026-09-08,CF,134.33,2363090,61.69,68.93,112.55,140.36,113.81,141.27,-31.07,69,ThreeRisingValleys|AscendingScallop,410.08,HOLD,5.20,126.53,149.93,126.53,136.93,6.73,3.45,3.27,126.45,128.46,121.76,108.34,0.90,uptrend,0.83,0.75,true
2026-09-08,CHD,96.54,1935238,37.55,3.88,96.36,103.92,96.27,103.41,-96.12,69,DoubleBottom|DoubleTop|HeadAndShoulders,166.00,HOLD,2.08,93.43,102.77,93.43,97.58,-0.53,-0.34,-0.19,100.14,99.75,99.22,94.99,1.17,uptrend,0.00,0.08,false
2026-09-08,CHRW,150.10,1266225,45.86,73.77,141.03,152.58,141.24,153.25,-26.23,69,DoubleBottom|DoubleTop,199.26,HOLD,4.75,142.97,164.36,142.97,152.48,-0.15,-3.80,3.65,146.81,150.13,167.61,172.72,1.03,downtrend,0.00,0.28,false
2026-09-08,CIEN,341.29,3222139,39.98,27.72,317.12,457.74,311.60,462.69,-72.28,69,ThreeDescendingPeaks|DescendingScallop,163.66,HOLD,26.46,301.60,420.66,301.60,354.52,-22.99,-3.56,-19.43,387.43,374.47,401.98,377.94,1.32,downtrend,0.00,0.08,false
2026-09-08,CL,88.41,4076054,38.92,13.44,88.39,93.34,87.71,93.88,-86.56,69,DoubleBottom|DoubleTop|DescendingScallop,162.19,HOLD,1.73,85.81,93.60,85.81,89.28,-0.78,-0.63,-0.15,90.86,90.58,91.76,87.77,1.02,uptrend,0.00,0.08,false
2026-09-08,CLX,91.60,2733251,27.94,0.00,91.34,113.34,91.60,109.42,-100.00,69,FallingWedge|InvertedCupWithHandle|ThreeDescendingPeaks|DescendingScallop,216.00,SELL,2.86,95.89,83.03,95.89,90.17,-3.26,0.27,-3.53,102.34,99.54,99.74,103.13,0.96,downtrend,0.00,0.08,false
2026-09-08,CMI,561.55,770092,34.65,23.94,525.02,653.01,542.70,649.95,-76.06,69,ThreeDescendingPeaks|DescendingScallop,169.54,HOLD,17.02,536.02,612.62,536.02,570.06,-36.22,-28.23,-7.99,589.02,583.83,630.26,600.54,0.84,downtrend,0.00,0.08,false
2026-09-08,COHR,301.88,8506156,51.66,77.14,246.37,349.75,255.25,362.32,-22.86,69,DescendingScallop,112.74,HOLD,23.86,266.09,373.47,266.09,313.81,-22.98,-8.72,-14.26,298.06,291.68,305.55,277.25,1.24,uptrend,0.00,0.08,false
2026-09-08,COO,67.69,2924886,31.86,0.95,67.20,79.50,67.59,78.11,-99.05,69,InvertedCupWithHandle|ThreeDescendingPeaks|DescendingScallop,216.00,SELL,1.58,70.07,62.94,70.07,66.90,-2.23,-0.39,-1.84,73.35,71.87,72.58,73.36,1.75,downtrend,0.00,0.08,false
2026-09-08,COP,135.04,5001885,63.98,74.11,124.15,138.72,122.57,137.50,-25.89,69,DoubleTop|AscendingScallop,279.22,HOLD,3.06,130.45,144.21,130.45,136.57,5.06,5.91,-0.85,131.44,130.75,120.75,112.96,0.77,uptrend,0.00,0.49,false
2026-09-08,COR,324.69,2180350,53.09,47.47,306.74,338.96,302.01,338.71,-52.53,69,DoubleTop|ThreeRisingValleys,199.44,HOLD,7.53,313.39,347.29,313.39,328.46,5.55,3.19,2.35,322.85,323.81,312.88,321.74,1.72,uptrend,0.00,0.28,false
2026-09-08,CPRT,32.60,7107184,54.94,34.09,29.35,35.36,28.68,34.63,-65.91,69,DoubleTop|AscendingScallop,105.00,HOLD,1.09,30.97,35.86,30.97,33.14,1.37,1.66,-0.29,32.36,32.26,30.12,34.40,0.72,downtrend,0.00,0.20,false
2026-09-08,CRH,90.61,6247088,37.68,5.01,90.11,100.08,90.21,102.28,-94.99,69,HeadAndShoulders|DescendingScallop,200.00,SELL,2.80,94.80,82.22,94.80,89.21,-1.86,-1.95,0.09,95.09,94.98,99.32,111.39,1.43,downtrend,0.00,0.08,false
2026-09-08,CRL,280.76,729086,53.14,2.60,276.39,301.05,271.84,303.31,-97.40,69,DoubleTop|HeadAndShoulders,92.81,HOLD,9.50,266.51,309.26,266.51,285.51,10.46,18.29,-7.83,288.72,282.65,255.93,200.74,0.83,uptrend,0.00,0.63,true
2026-09-08,CRM,249.12,15313291,67.55,74.14,168.25,278.75,189.91,268.27,-25.86,69,ThreeRisingValleys|AscendingScallop,403.95,HOLD,10.54,233.31,280.74,233.31,254.39,24.21,17.18,7.04,223.50,229.58,193.47,200.82,0.92,uptrend,0.83,0.69,true
2026-09-08,CRWD,210.02,7872914,51.66,54.67,182.51,237.10,181.24,233.88,-45.33,69,,149.46,HOLD,12.06,191.94,246.19,191.94,216.05,-2.66,-0.03,-2.64,209.80,208.55,201.51,142.90,0.76,uptrend,0.00,0.63,true
2026-09-08,CSCO,109.17,14678677,40.88,29.35,104.48,119.28,107.60,124.45,-70.65,69,DoubleBottom|HeadAndShoulders|DescendingScallop,166.00,HOLD,2.71,105.11,117.29,105.11,110.52,-3.62,-3.43,-0.19,111.88,111.56,114.19,94.91,0.76,uptrend,0.00,0.44,false
2026-09-08,CSGP,30.34,6046077,44.54,16.45,30.18,33.58,29.66,33.82,-83.55,69,DoubleBottom|DoubleTop|ThreeDescendingPeaks|DescendingScallop,172.73,HOLD,1.37,28.28,34.45,28.28,31.03,0.32,0.97,-0.65,31.88,31.43,30.30,43.54,0.92,downtrend,0.00,0.08,false
2026-09-08,CSX,49.00,7452080,40.23,27.08,48.39,52.33,47.83,52.15,-72.92,69,DoubleTop|HeadAndShoulders,143.96,HOLD,1.01,47.49,52.02,47.49,49.50,-0.03,0.11,-0.14,50.36,50.11,50.17,43.23,0.81,uptrend,0.00,0.48,false
2026-09-08,CTAS,200.50,1606521,48.82,29.48,197.11,207.44,196.50,207.51,-70.52,69,DoubleBottom|DoubleTop,96.09,HOLD,3.76,194.86,211.78,194.86,202.38,0.31,-0.76,1.08,202.27,201.73,197.85,186.93,0.96,uptrend,0.00,0.28,false
2026-09-08,CTSH,59.92,5938976,51.72,28.01,56.55,66.09,56.55,65.42,-71.99,69,AscendingScallop,126.41,HOLD,2.24,56.56,66.65,56.56,61.04,2.69,3.21,-0.52,61.32,60.73,52.86,62.72,0.93,downtrend,0.00,0.08,false
2026-09-08,CTVA,85.90,4424548,57.42,60.14,72.77,91.00,74.94,90.87,-39.86,69,ThreeRisingValleys|AscendingScallop,366.21,HOLD,2.46,82.21,93.28,82.21,87.13,4.32,1.19,3.14,81.89,83.91,83.42,77.48,0.96,uptrend,0.00,0.47,false
2026-09-08,DASH,200.44,4538132,38.00,1.97,203.03,240.85,199.67,238.83,-98.03,69,HeadAndShoulders,166.00,HOLD,8.35,187.91,225.50,187.91,204.62,7.00,11.07,-4.07,221.94,218.49,203.98,188.43,1.13,uptrend,0.00,0.63,true
2026-09-08,DD,131.32,1208294,35.69,18.17,128.62,147.15,129.17,146.82,-81.83,69,DescendingScallop,184.82,HOLD,3.30,126.37,141.23,126.37,132.97,-4.26,-2.27,-1.99,137.89,136.17,138.19,136.74,1.01,downtrend,0.00,0.08,false
2026-09-08,DECK,82.60,3095302,32.96,3.05,82.18,95.40,82.27,95.76,-96.95,69,ThreeDescendingPeaks|DescendingScallop,200.00,SELL,2.85,86.87,74.06,86.87,81.18,-4.02,-4.29,0.27,88.79,88.93,96.75,102.55,1.13,downtrend,0.00,0.08,false
2026-09-08,DHI,138.49,2322237,38.92,1.30,139.73,153.51,138.28,154.40,-98.70,69,DoubleTop|ThreeDescendingPeaks|DescendingScallop,216.00,SELL,3.93,144.38,126.70,144.38,136.53,-1.78,-0.31,-1.46,146.62,145.54,148.76,149.83,1.27,downtrend,0.00,0.08,false
2026-09-08,DHR,205.23,3246007,47.44,16.77,199.00,221.05,199.49,220.67,-83.23,69,DoubleBottom|DoubleTop,143.93,HOLD,6.25,195.86,223.97,195.86,208.35,4.67,6.15,-1.48,210.03,208.69,201.81,202.73,1.05,uptrend,0.00,0.22,false
2026-09-08,DOV,194.74,1463612,40.07,37.20,188.08,212.57,187.72,212.91,-62.80,69,DescendingScallop,168.62,HOLD,4.12,188.55,207.11,188.55,196.80,-5.44,-3.33,-2.12,200.33,198.94,206.69,210.08,1.34,downtrend,0.00,0.08,false
2026-09-08,DVN,48.40,10510502,58.87,62.92,44.70,50.37,43.65,49.72,-37.08,69,DoubleTop|AscendingScallop,236.86,HOLD,1.21,46.58,52.04,46.58,49.01,1.46,1.77,-0.31,47.54,47.41,44.94,43.57,1.06,uptrend,0.00,0.35,false
2026-09-08,DXCM,84.53,8079426,43.57,3.47,86.61,92.85,84.24,92.59,-96.53,69,DoubleTop,141.00,HOLD,2.57,80.67,92.24,80.67,85.82,0.82,3.24,-2.41,89.73,87.93,81.51,71.02,1.98,uptrend,0.00,0.49,false
2026-09-08,EBAY,104.59,6542468,46.94,48.37,100.99,107.50,99.85,109.65,-51.63,69,DoubleBottom|DoubleTop,166.18,HOLD,3.44,99.43,114.91,99.43,106.31,-0.62,-2.58,1.96,104.24,105.46,109.26,98.77,1.55,uptrend,0.00,0.42,false
2026-09-08,ECL,278.11,1258965,45.50,14.24,273.29,290.66,273.33,295.33,-85.76,69,DoubleBottom|HeadAndShoulders,132.77,HOLD,5.67,269.61,295.12,269.61,280.94,1.10,1.56,-0.47,281.97,281.40,278.69,272.97,0.89,sideways,0.00,0.08,false
2026-09-08,EFX,171.62,1437675,38.53,12.31,173.43,199.07,167.93,197.90,-87.69,69,DoubleTop|HeadAndShoulders,233.45,SELL,7.44,182.77,149.31,182.77,167.90,3.40,5.18,-1.78,186.25,184.26,178.44,187.63,1.33,downtrend,0.00,0.08,false
2026-09-08,EL,101.69,2710590,61.25,55.04,82.05,112.66,83.85,108.38,-44.96,69,HeadAndShoulders|AscendingScallop,191.11,HOLD,3.43,96.54,111.98,96.54,103.41,8.08,7.02,1.06,97.35,98.07,88.92,92.34,0.67,uptrend,0.00,0.47,false
2026-09-08,EMR,152.15,1930125,47.70,43.06,146.75,166.54,146.35,166.35,-56.94,69,InvertedCupWithHandle|ThreeDescendingPeaks|DescendingScallop,91.70,HOLD,3.85,146.37,163.71,146.37,154.08,-3.27,-0.17,-3.10,156.65,153.82,149.60,142.84,0.90,uptrend,0.00,0.34,false
2026-09-08,EOG,145.36,2505298,50.76,23.83,140.16,152.70,140.48,153.67,-76.17,69,DoubleBottom,154.13,HOLD,3.51,140.10,155.88,140.10,147.11,1.98,2.64,-0.66,146.43,145.64,141.79,128.87,0.93,uptrend,0.00,0.15,false
2026-09-08,EQIX,1041.21,407352,46.79,39.60,1014.52,1108.07,1002.24,1109.22,-60.40,69,DoubleTop,104.07,HOLD,30.66,995.21,1133.20,995.21,1056.54,-7.34,8.44,-15.78,1061.30,1050.96,1044.68,962.42,0.78,uptrend,0.00,0.28,false
2026-09-08,EW,86.72,3582882,36.53,4.81,87.92,93.64,86.39,93.91,-95.19,69,DoubleTop|DescendingScallop,166.00,HOLD,2.11,83.56,93.04,83.56,87.77,-0.47,0.83,-1.30,90.78,89.90,89.56,84.96,1.30,uptrend,0.00,0.08,false
2026-09-08,EXPD,185.96,880785,53.61,20.90,181.48,192.91,176.79,192.28,-79.10,69,DoubleTop|HeadAndShoulders|AscendingScallop,60.00,HOLD,3.74,180.34,197.19,180.34,187.83,3.36,5.56,-2.20,187.19,185.97,178.80,158.95,1.17,uptrend,0.00,0.63,true
2026-09-08,EXPE,274.55,3424018,34.71,4.11,289.17,349.20,271.66,342.00,-95.89,69,DoubleTop,238.00,SELL,13.03,294.10,235.45,294.10,268.03,-1.63,8.42,-10.05,319.18,309.66,294.96,258.87,2.25,uptrend,0.00,0.49,false
2026-09-08,FAST,49.38,5076284,48.27,38.44,48.22,52.85,47.65,52.92,-61.56,69,InvertedCupWithHandle|ThreeDescendingPeaks|DescendingScallop,85.19,HOLD,1.09,47.74,52.66,47.74,49.93,-0.58,0.38,-0.96,50.53,49.79,48.73,45.41,0.83,uptrend,0.00,0.28,false
2026-09-08,FCX,76.62,16765799,60.49,72.11,64.22,81.65,65.57,80.24,-27.89,69,DoubleTop|HeadAndShoulders|AscendingScallop,205.63,BUY,3.08,72.00,85.85,72.00,78.16,4.20,4.12,0.09,72.94,72.87,66.72,61.12,1.18,uptrend,0.83,0.83,true
2026-09-08,FFIV,389.62,351941,46.15,35.33,371.37,420.87,376.21,425.61,-64.67,69,DoubleBottom|HeadAndShoulders|DescendingScallop,103.85,HOLD,12.54,370.81,427.24,370.81,395.89,-6.01,-6.46,0.45,396.12,395.67,404.56,328.01,0.77,uptrend,0.00,0.44,false
2026-09-08,FICO,933.30,667161,30.39,15.90,963.68,1235.13,885.00,1188.80,-84.10,69,DoubleTop|MeasuredMoveDown,255.29,SELL,59.64,1022.76,754.38,1022.76,903.48,16.34,9.38,6.96,1099.41,1093.76,1162.59,1300.62,2.01,downtrend,0.00,0.08,false
2026-09-08,FIX,1648.47,321170,49.72,58.23,1471.70,1827.66,1505.73,1883.70,-41.77,69,DescendingScallop,101.80,HOLD,78.36,1530.92,1883.56,1530.92,1687.65,-78.06,-43.16,-34.90,1649.68,1633.05,1706.81,1495.50,0.86,uptrend,0.00,0.34,false
2026-09-08,FLEX,114.31,2820801,48.92,62.23,99.98,128.89,102.25,131.63,-37.77,69,DescendingScallop|MeasuredMoveUp,102.97,HOLD,5.84,105.55,131.83,105.55,117.23,-6.28,-3.65,-2.63,114.44,113.34,122.39,95.12,0.98,uptrend,0.00,0.63,true
2026-09-08,FSLR,213.25,2885274,49.20,56.79,193.01,234.04,197.81,249.76,-43.21,69,DescendingScallop,165.47,HOLD,9.12,199.57,240.61,199.57,217.81,-13.29,-8.28,-5.01,213.52,211.86,218.54,230.40,1.54,downtrend,0.00,0.08,false
2026-09-08,FTNT,157.47,3514467,48.92,35.96,147.05,170.81,148.25,173.89,-64.04,69,DoubleBottom,209.76,HOLD,6.94,147.06,178.29,147.06,160.94,-0.52,-0.82,0.30,158.93,159.00,158.90,110.44,0.83,uptrend,0.17,0.63,true
2026-09-08,GDDY,92.88,2566904,45.10,0.08,90.36,104.33,88.73,106.00,-99.92,69,AscendingScallop,160.25,HOLD,4.51,86.12,106.40,86.12,95.13,3.08,2.60,0.48,97.34,97.33,93.62,96.01,1.41,downtrend,0.00,0.15,false
2026-09-08,GEHC,66.78,3062936,35.05,0.39,68.13,76.29,66.74,75.65,-99.61,69,DoubleTop|ThreeDescendingPeaks|DescendingScallop,216.00,SELL,1.76,69.41,61.50,69.41,65.90,-0.40,1.39,-1.80,72.21,70.75,68.31,72.72,1.20,downtrend,0.00,0.08,false
2026-09-08,GEV,971.31,1694973,50.36,75.43,865.30,1076.71,874.00,1099.66,-24.57,69,DescendingScallop,91.96,HOLD,41.46,909.13,1095.68,909.13,992.04,-43.76,-22.81,-20.95,971.00,959.64,1013.92,888.20,0.84,uptrend,0.00,0.54,false
2026-09-08,GILD,146.64,6023444,56.81,36.93,135.27,154.79,132.01,152.55,-63.07,69,ThreeRisingValleys|AscendingScallop,321.95,HOLD,3.76,141.00,157.93,141.00,148.52,6.10,6.47,-0.36,145.03,145.02,136.98,134.46,1.13,uptrend,0.00,0.42,false
2026-09-08,GLW,165.96,13600707,57.63,87.66,138.09,170.91,139.25,176.94,-12.34,69,DoubleBottom,387.21,HOLD,9.20,152.16,193.56,152.16,170.56,-5.00,-0.18,-4.82,154.50,153.53,164.14,144.21,1.51,uptrend,0.00,0.43,false
2026-09-08,GNRC,190.21,750005,40.29,34.93,173.57,229.56,178.19,225.34,-65.07,69,ThreeDescendingPeaks|DescendingScallop,147.66,HOLD,8.75,177.08,216.47,177.08,194.59,-11.51,-3.94,-7.57,201.56,197.32,214.77,208.74,0.77,downtrend,0.00,0.08,false
2026-09-08,GOOGL,338.36,22262778,44.75,29.50,335.62,349.68,332.82,356.81,-70.50,69,DoubleBottom|DoubleTop|InvertedCupWithHandle,128.90,HOLD,8.00,326.36,362.35,326.36,342.36,-5.89,-3.94,-1.96,342.65,342.91,348.59,336.21,0.99,uptrend,0.00,0.27,false
2026-09-08,GPC,134.06,863618,51.22,44.42,131.55,139.46,129.40,139.89,-55.58,69,DoubleTop|HeadAndShoulders,65.48,HOLD,3.33,129.06,144.05,129.06,135.73,1.74,2.38,-0.64,135.50,134.84,129.65,119.89,0.82,uptrend,0.00,0.63,true
2026-09-08,GRMN,275.68,701928,40.11,19.62,267.31,316.62,268.01,314.08,-80.38,69,ThreeDescendingPeaks|DescendingScallop,122.16,HOLD,6.87,265.38,296.29,265.38,279.11,-11.73,-3.46,-8.27,291.97,284.80,273.37,238.80,0.86,uptrend,0.00,0.30,false
2026-09-08,GWW,1289.17,351862,43.29,26.27,1287.16,1334.69,1271.79,1337.96,-73.73,69,DoubleBottom|DoubleTop|HeadAndShoulders,105.35,HOLD,28.81,1245.95,1375.61,1245.95,1303.58,1.76,-7.19,8.96,1310.93,1313.02,1338.15,1179.40,1.67,uptrend,0.00,0.34,false
2026-09-08,HAL,36.80,7575354,60.65,74.95,32.59,38.09,32.68,38.06,-25.05,69,DoubleBottom|AscendingScallop|MeasuredMoveUp,448.04,HOLD,1.05,35.23,39.95,35.23,37.32,1.38,1.39,-0.01,35.34,35.59,34.14,34.85,0.72,uptrend,0.00,0.20,false
2026-09-08,HD,313.70,5019975,32.86,1.24,312.39,353.22,313.24,358.36,-98.76,69,ThreeDescendingPeaks|DescendingScallop,216.00,SELL,7.38,324.77,291.56,324.77,310.01,-9.71,-5.49,-4.22,332.81,329.52,338.42,343.79,1.34,downtrend,0.00,0.08,false
2026-09-08,HSY,173.27,1210515,38.03,14.22,171.55,192.31,170.42,190.46,-85.78,69,DoubleTop,204.04,SELL,4.06,179.35,161.10,179.35,171.24,-1.62,1.34,-2.96,181.93,179.46,178.76,192.40,1.06,downtrend,0.00,0.08,false
2026-09-08,HUBB,464.75,413524,45.01,54.49,431.64,520.36,439.89,529.39,-45.51,69,ThreeDescendingPeaks|DescendingScallop,168.78,HOLD,12.95,445.32,503.61,445.32,471.23,-20.97,-13.36,-7.61,476.00,470.20,484.03,485.78,0.92,downtrend,0.00,0.08,false
2026-09-08,IBM,232.09,4541477,47.22,26.41,228.76,239.45,227.40,241.80,-73.59,69,DoubleBottom|DoubleTop|HeadAndShoulders,160.63,HOLD,6.45,222.42,251.43,222.42,235.31,-0.44,1.66,-2.11,234.10,233.80,240.56,262.03,0.96,downtrend,0.00,0.08,false
2026-09-08,IDXX,520.21,610998,36.19,1.97,522.69,580.14,519.10,598.89,-98.03,69,DescendingScallop,216.00,SELL,16.73,545.30,470.02,545.30,511.85,-13.81,-10.95,-2.86,551.41,548.45,557.52,606.39,1.21,downtrend,0.00,0.08,false
2026-09-08,IEX,225.66,366464,43.24,29.01,220.87,243.61,220.98,242.73,-70.99,69,ThreeDescendingPeaks|DescendingScallop,133.37,HOLD,4.90,218.31,240.36,218.31,228.11,-3.99,-0.71,-3.28,232.24,229.35,228.73,206.22,0.68,uptrend,0.00,0.42,false
2026-09-08,INCY,124.40,1276410,50.85,30.36,119.31,131.40,117.56,130.80,-69.64,69,BearishFlag|DoubleTop|HeadAndShoulders|AscendingScallop,120.00,HOLD,3.47,119.20,134.81,119.20,126.13,2.73,2.75,-0.01,125.36,125.07,121.02,104.82,1.06,uptrend,0.00,0.63,true
2026-09-08,IR,75.11,2188150,34.83,13.38,73.12,85.99,74.03,87.97,-86.62,69,DescendingScallop,216.00,SELL,2.12,78.29,68.76,78.29,74.05,-4.03,-3.42,-0.62,79.55,78.85,81.54,82.04,0.68,downtrend,0.00,0.08,false
2026-09-08,ISRG,350.16,3193352,35.11,4.57,351.54,407.56,347.52,405.34,-95.43,69,DescendingScallop,216.00,SELL,11.93,368.05,314.38,368.05,344.20,-9.15,1.28,-10.44,379.55,372.96,379.92,462.82,1.40,downtrend,0.00,0.08,false
2026-09-08,IT,172.59,1457787,43.49,0.33,173.93,205.12,172.49,203.03,-99.67,69,DoubleBottom|DoubleTop,191.00,HOLD,8.99,159.10,199.57,159.10,177.09,5.03,10.19,-5.17,189.53,185.87,164.66,177.32,1.19,downtrend,0.00,0.15,false
2026-09-08,ITW,268.69,1041263,34.23,11.67,265.65,296.98,265.89,297.76,-88.33,69,ThreeDescendingPeaks|DescendingScallop,166.00,HOLD,5.36,260.66,284.76,260.66,271.37,-7.69,-5.03,-2.65,281.32,278.35,280.25,267.03,1.05,uptrend,0.00,0.14,false
2026-09-08,JBHT,274.78,991929,54.13,77.62,253.85,285.19,254.11,287.93,-22.38,69,DoubleBottom,284.02,BUY,8.25,262.41,299.52,262.41,278.90,-4.26,-2.70,-1.56,269.52,268.91,276.22,237.97,1.20,uptrend,0.67,0.68,true
2026-09-08,JBL,312.33,971049,45.89,36.47,274.12,374.69,292.29,376.97,-63.53,69,InvertedCupWithHandle|DescendingScallop,127.28,HOLD,12.66,293.34,350.31,293.34,318.66,-20.22,-8.38,-11.84,324.41,316.27,326.19,293.39,1.02,uptrend,0.00,0.23,false
2026-09-08,JCI,146.37,2766519,53.99,72.98,134.94,155.92,137.54,156.84,-27.02,69,InvertedCupWithHandle|DescendingScallop,52.91,HOLD,3.56,141.03,157.05,141.03,148.15,-4.89,-2.87,-2.02,145.43,144.08,144.73,134.88,0.99,uptrend,0.00,0.40,false
2026-09-08,JNJ,269.12,7768078,52.68,30.68,257.96,279.31,255.26,281.07,-69.32,69,DoubleTop|AscendingScallop,153.32,HOLD,5.73,260.53,286.30,260.53,271.98,5.21,5.04,0.17,268.63,268.68,262.06,236.17,1.25,uptrend,0.00,0.55,true
2026-09-08,KLAC,188.98,12176618,50.02,73.27,163.87,211.50,167.05,214.80,-26.73,69,DescendingScallop,103.05,HOLD,9.03,175.44,216.07,175.44,193.49,-8.95,-4.85,-4.10,187.68,185.68,204.57,171.90,1.33,uptrend,0.00,0.50,false
2026-09-08,KMB,102.93,3285851,35.51,1.25,104.75,112.71,102.81,112.38,-98.75,69,DoubleTop,255.00,SELL,2.46,106.62,95.56,106.62,101.70,-0.46,-0.28,-0.18,108.73,108.21,109.60,103.24,1.11,downtrend,0.00,0.08,false
2026-09-08,KVUE,18.39,16218811,38.29,0.85,18.54,19.49,18.38,19.56,-99.15,69,DoubleBottom|DoubleTop,150.00,HOLD,0.36,17.84,19.48,17.84,18.57,-0.06,-0.09,0.03,19.02,18.99,19.16,17.96,0.83,uptrend,0.00,0.08,false
2026-09-08,LH,324.86,610675,52.50,26.76,317.34,341.79,315.33,341.80,-73.24,69,DoubleBottom|DoubleTop|HeadAndShoulders,79.79,HOLD,7.46,313.67,347.24,313.67,328.59,6.76,9.10,-2.34,329.56,326.62,307.60,275.90,1.04,uptrend,0.00,0.63,true
2026-09-08,LII,385.18,501377,34.52,26.22,367.97,432.99,371.65,438.20,-73.78,69,ThreeDescendingPeaks|DescendingScallop,170.73,HOLD,12.96,365.74,424.06,365.74,391.66,-20.37,-23.49,3.12,400.48,404.33,469.35,497.76,1.08,downtrend,0.00,0.08,false
2026-09-08,LIN,468.38,2535698,32.63,8.35,471.58,495.24,466.00,495.96,-91.65,69,DoubleBottom|DoubleTop|HeadAndShoulders|MeasuredMoveDown,175.00,HOLD,8.69,455.35,494.44,455.35,472.72,0.66,-2.96,3.62,483.41,485.33,500.49,480.74,1.31,downtrend,0.00,0.08,false
2026-09-08,LITE,978.53,7361948,59.34,89.98,802.08,982.20,784.47,1000.15,-10.02,69,DoubleTop|AscendingScallop|MeasuredMoveUp,415.08,BUY,70.53,872.74,1190.13,872.74,1013.80,16.04,43.12,-27.08,892.14,881.26,819.62,688.88,1.57,uptrend,0.83,0.83,true
2026-09-08,LLY,1123.91,2274262,36.91,5.78,1115.82,1278.57,1113.55,1292.65,-94.22,69,ThreeDescendingPeaks|DescendingScallop,166.00,HOLD,35.48,1070.69,1230.35,1070.69,1141.65,-8.63,12.13,-20.77,1197.19,1179.85,1189.82,1063.80,0.92,uptrend,0.00,0.22,false
2026-09-08,LOW,200.80,2864015,37.40,5.52,197.10,225.62,199.34,225.79,-94.48,69,ThreeDescendingPeaks|DescendingScallop,216.00,SELL,4.97,208.25,185.90,208.25,198.32,-5.95,-2.20,-3.75,211.36,208.67,212.90,236.14,0.92,downtrend,0.00,0.08,false
2026-09-08,LRCX,320.42,8678209,53.91,83.87,284.27,342.65,278.04,345.28,-16.13,69,,214.44,BUY,16.21,296.10,369.06,296.10,328.53,-5.94,3.19,-9.14,313.46,308.93,320.71,261.78,1.15,uptrend,0.50,0.77,true
2026-09-08,LULU,103.19,11157105,35.24,19.64,106.02,129.35,97.99,126.48,-80.36,69,DoubleTop|HeadAndShoulders|DescendingScallop,192.62,HOLD,5.73,94.60,120.37,94.60,106.05,-2.90,-1.84,-1.07,117.69,116.43,118.11,152.47,1.72,downtrend,0.00,0.08,false
2026-09-08,MAA,127.89,958640,38.04,3.45,127.04,134.41,127.67,135.73,-96.55,69,DoubleBottom|DoubleTop|DescendingScallop,191.00,HOLD,2.08,124.77,134.14,124.77,128.93,-1.58,-1.34,-0.25,130.73,130.44,133.51,132.20,1.24,downtrend,0.00,0.08,false
2026-09-08,MAS,70.93,1919536,41.33,13.93,70.24,76.07,70.04,76.69,-86.07,69,ThreeDescendingPeaks|DescendingScallop,180.41,HOLD,1.99,67.95,76.89,67.95,71.92,-1.55,-1.28,-0.27,73.15,73.01,75.91,69.66,1.07,uptrend,0.00,0.34,false
2026-09-08,MCHP,73.38,8725782,43.27,31.51,70.16,81.16,70.45,83.74,-68.49,69,InvertedCupWithHandle|DescendingScallop,156.87,HOLD,2.95,68.96,82.22,68.96,74.85,-2.72,-1.52,-1.21,75.66,75.24,79.57,77.49,1.08,downtrend,0.00,0.08,false
2026-09-08,MCK,889.12,736953,52.95,55.65,837.75,930.40,837.88,929.95,-44.35,69,,179.43,HOLD,23.34,854.10,959.15,854.10,900.79,17.79,8.73,9.06,884.08,886.24,849.76,843.37,0.82,uptrend,0.00,0.20,false
2026-09-08,MDLZ,61.63,9830820,46.03,22.91,60.69,64.78,60.47,65.55,-77.09,69,DoubleBottom|DoubleTop|ThreeDescendingPeaks,104.42,HOLD,1.33,59.64,65.61,59.64,62.29,-0.08,0.35,-0.43,62.73,62.31,61.54,59.13,1.39,uptrend,0.00,0.08,false
2026-09-08,MDT,92.39,8094519,57.12,44.79,89.51,94.25,88.50,95.41,-55.21,69,DoubleBottom|DoubleTop,143.02,HOLD,2.32,88.92,99.34,88.92,93.55,1.37,2.29,-0.92,91.88,91.18,86.96,89.68,1.00,uptrend,0.00,0.42,false
2026-09-08,MKC,51.90,2715313,41.43,15.04,51.79,56.79,51.02,56.87,-84.96,69,DoubleBottom|DoubleTop|ThreeDescendingPeaks,201.71,SELL,1.45,54.08,47.55,54.08,51.17,0.30,1.25,-0.95,54.29,53.64,52.87,57.05,1.13,downtrend,0.00,0.08,false
2026-09-08,MLM,511.98,856178,39.99,23.78,502.86,555.19,502.56,559.03,-76.22,69,DescendingScallop,197.07,HOLD,13.32,492.00,551.95,492.00,518.64,-11.07,-10.27,-0.80,529.03,527.36,550.49,600.61,1.36,downtrend,0.00,0.08,false
2026-09-08,MMM,167.52,2147023,32.56,10.21,165.96,187.82,165.71,184.69,-89.79,69,ThreeDescendingPeaks|DescendingScallop,166.00,HOLD,3.40,162.42,177.73,162.42,169.22,-4.05,-1.41,-2.64,176.89,174.03,171.68,160.89,0.82,uptrend,0.00,0.42,false
2026-09-08,MNST,43.15,8494286,30.97,2.25,43.15,49.45,43.01,49.24,-97.75,69,FallingWedge|DoubleTop,190.00,HOLD,1.06,41.56,46.33,41.56,43.68,-0.25,0.01,-0.26,46.30,45.93,47.29,41.82,0.88,uptrend,0.00,0.22,false
2026-09-08,MPWR,1218.50,763280,37.80,19.57,1170.67,1439.06,1189.49,1464.99,-80.43,69,InvertedCupWithHandle|ThreeDescendingPeaks|DescendingScallop,189.50,HOLD,54.93,1136.11,1383.28,1136.11,1245.96,-55.70,-31.52,-24.18,1304.87,1283.14,1326.64,1252.36,1.31,downtrend,0.00,0.08,false
2026-09-08,MRK,148.46,10884998,58.64,29.62,130.10,161.71,128.91,156.92,-70.38,69,BearishFlag|DoubleTop|HeadAndShoulders|AscendingScallop,95.00,HOLD,3.98,142.49,160.40,142.49,150.45,8.99,9.17,-0.17,145.91,145.78,134.99,118.66,0.98,uptrend,0.00,0.75,true
2026-09-08,MRVL,225.41,20286923,51.81,45.92,199.44,251.40,200.62,254.60,-54.08,69,DoubleTop,62.93,HOLD,15.23,202.56,271.11,202.56,233.03,2.78,12.84,-10.06,225.42,221.33,219.84,152.50,0.83,uptrend,0.00,0.63,true
2026-09-08,MSFT,493.95,18684730,55.97,39.29,475.69,514.52,477.15,517.78,-60.71,69,DoubleBottom|ThreeRisingValleys,241.66,HOLD,11.68,476.44,528.98,476.44,499.79,3.62,11.30,-7.68,495.10,490.49,446.59,431.05,0.84,uptrend,0.00,0.44,false
2026-09-08,MTD,1325.52,150638,34.49,0.79,1338.31,1455.45,1324.48,1456.77,-99.21,69,DoubleTop|ThreeDescendingPeaks|DescendingScallop,166.00,HOLD,34.71,1273.46,1429.64,1273.46,1342.87,-23.20,-7.63,-15.57,1396.88,1380.38,1361.83,1319.12,0.88,uptrend,0.00,0.35,false
2026-09-08,MU,1000.26,26367138,57.66,73.41,881.78,1018.76,844.62,1041.07,-26.59,69,DoubleTop|ThreeRisingValleys|AscendingScallop,344.01,BUY,54.02,919.22,1162.33,919.22,1027.27,21.00,34.97,-13.97,950.27,949.70,935.64,610.34,0.95,uptrend,0.83,0.75,true
2026-09-08,NDSN,316.80,279378,51.45,38.34,299.80,339.72,302.92,339.12,-61.66,69,DoubleTop,99.82,HOLD,6.82,306.57,337.25,306.57,320.21,7.45,9.50,-2.05,319.76,317.89,305.17,279.63,0.65,uptrend,0.00,0.55,true
2026-09-08,NEM,127.09,8707064,58.99,40.32,113.14,137.45,113.28,135.29,-59.68,69,DoubleTop|HeadAndShoulders|AscendingScallop,71.92,HOLD,4.48,120.37,140.53,120.37,129.33,8.43,11.60,-3.17,125.30,123.25,107.77,108.70,1.08,uptrend,0.00,0.69,true
2026-09-08,NKE,38.10,31546780,38.74,5.81,37.42,41.84,37.90,41.53,-94.19,69,ThreeDescendingPeaks|DescendingScallop,216.00,SELL,1.07,39.71,34.88,39.71,37.56,-1.16,-1.11,-0.05,39.63,39.57,41.45,51.30,1.12,downtrend,0.00,0.08,false
2026-09-08,NOW,134.21,14530661,54.24,50.50,114.56,149.34,117.59,149.60,-49.50,69,ThreeRisingValleys|AscendingScallop,286.41,HOLD,6.96,123.78,155.08,123.78,137.69,7.60,7.23,0.37,131.95,132.43,117.74,118.44,0.84,uptrend,0.00,0.35,false
2026-09-08,NSC,327.92,881193,38.43,9.25,323.58,357.41,325.06,355.99,-90.75,69,DoubleTop,190.00,HOLD,6.50,318.17,347.42,318.17,331.17,1.26,3.38,-2.13,340.49,337.98,335.47,309.17,0.79,uptrend,0.00,0.34,false
2026-09-08,NTAP,189.13,2416383,53.10,62.23,176.92,208.70,161.00,209.06,-37.77,69,ThreeDescendingPeaks|DescendingScallop,56.00,HOLD,8.49,176.40,214.60,176.40,193.37,-4.87,1.83,-6.69,192.81,187.84,179.43,131.03,0.96,uptrend,0.00,0.63,true
2026-09-08,NUE,256.40,1328745,50.85,56.66,236.75,278.05,238.62,277.60,-43.34,69,DoubleBottom|ThreeRisingValleys|DescendingScallop,192.74,HOLD,8.51,243.63,281.94,243.63,260.66,-7.59,-6.76,-0.82,257.40,256.23,248.90,206.56,0.95,uptrend,0.00,0.75,true
2026-09-08,NVDA,225.73,118984635,56.15,67.18,208.35,232.64,207.25,234.76,-32.82,69,DoubleBottom|MeasuredMoveUp,361.18,HOLD,7.49,214.50,248.19,214.50,229.47,0.34,2.99,-2.65,220.49,219.91,211.23,196.90,0.92,uptrend,0.00,0.49,false
2026-09-08,NXPI,223.87,4636692,40.74,45.75,218.69,235.74,217.30,242.49,-54.25,69,DoubleBottom|DescendingScallop,130.66,HOLD,7.38,212.81,246.00,212.81,227.56,-3.74,-6.39,2.65,227.21,229.43,249.21,243.87,1.55,downtrend,0.00,0.08,false
2026-09-08,ODFL,187.01,1614190,29.18,22.72,181.83,219.76,179.34,217.92,-77.28,69,DescendingScallop,167.00,HOLD,6.64,177.05,206.93,177.05,190.33,-9.14,-7.51,-1.63,200.79,199.07,213.99,196.83,0.98,downtrend,0.00,0.08,false
2026-09-08,ON,71.08,14880058,36.80,2.06,67.81,84.21,70.87,85.55,-97.94,69,DoubleBottom|DescendingScallop,263.00,SELL,3.38,76.15,60.94,76.15,69.39,-3.71,-3.33,-0.38,76.01,75.83,83.14,78.48,2.00,downtrend,0.00,0.08,false
2026-09-08,ORCL,162.52,37359128,63.40,75.41,137.42,160.34,137.43,170.70,-24.59,69,DoubleBottom|AscendingScallop,414.65,HOLD,7.14,151.81,183.94,151.81,166.09,1.62,3.78,-2.17,148.88,148.74,140.12,168.50,1.60,downtrend,0.00,0.28,false
2026-09-08,ORLY,85.89,8041050,38.18,4.71,85.82,93.22,85.55,93.84,-95.29,69,DoubleBottom|ThreeDescendingPeaks|DescendingScallop,216.00,SELL,2.01,88.91,79.86,88.91,84.88,-1.77,-0.93,-0.84,89.52,88.78,88.93,92.11,1.67,downtrend,0.00,0.08,false
2026-09-08,OTIS,70.06,3371819,40.77,3.96,69.73,73.61,69.94,74.39,-96.04,69,DoubleBottom|DescendingScallop,216.00,SELL,1.31,72.02,66.13,72.02,69.41,-0.70,-0.65,-0.05,71.67,71.54,72.29,79.89,1.02,downtrend,0.00,0.08,false
2026-09-08,PANW,336.98,6058518,44.88,23.64,319.44,403.32,321.39,398.88,-76.36,69,HeadAndShoulders|DescendingScallop,137.33,HOLD,18.51,309.22,392.51,309.22,346.23,-10.56,1.29,-11.85,361.38,352.27,349.96,233.75,0.98,uptrend,0.00,0.63,true
2026-09-08,PEP,138.45,8864754,44.71,16.29,136.95,144.22,136.73,145.90,-83.71,69,DoubleBottom|DoubleTop|ThreeDescendingPeaks,215.19,SELL,2.38,142.02,131.31,142.02,137.26,0.68,1.02,-0.34,140.59,140.14,139.59,148.73,1.32,downtrend,0.00,0.08,false
2026-09-08,PG,145.58,8315492,49.56,55.31,142.31,147.55,142.14,148.36,-44.69,69,DoubleBottom|DoubleTop,101.81,HOLD,2.44,141.92,152.90,141.92,146.80,0.25,-0.55,0.81,144.93,145.60,146.65,147.56,0.93,downtrend,0.00,0.27,false
2026-09-08,PHM,120.07,1336579,37.07,2.14,121.40,133.80,119.78,133.32,-97.86,69,DoubleTop|ThreeDescendingPeaks|DescendingScallop,191.00,HOLD,3.42,114.95,130.32,114.95,121.78,-2.00,-1.19,-0.81,127.60,126.58,128.44,125.25,1.10,downtrend,0.00,0.08,false
2026-09-08,PKG,231.99,546108,37.58,15.53,227.38,263.76,227.65,259.98,-84.47,69,ThreeDescendingPeaks|DescendingScallop,156.30,HOLD,6.10,222.84,250.28,222.84,235.04,-7.65,-3.67,-3.98,245.57,241.58,242.11,223.37,1.08,uptrend,0.00,0.22,false
2026-09-08,PLD,138.48,2567835,42.85,28.42,136.94,143.97,136.36,143.82,-71.58,69,DoubleBottom|DoubleTop|HeadAndShoulders,101.69,HOLD,2.23,135.13,145.18,135.13,139.60,-0.09,-0.49,0.40,140.45,140.28,142.04,137.39,0.87,uptrend,0.00,0.14,false
2026-09-08,PNR,58.62,2727556,30.09,0.14,58.02,67.93,58.61,68.23,-99.86,69,ThreeDescendingPeaks|DescendingScallop,216.00,SELL,1.92,61.50,52.86,61.50,57.66,-2.84,-2.02,-0.82,62.97,62.50,66.69,85.50,0.72,downtrend,0.00,0.08,false
2026-09-08,PODD,142.28,2224052,41.97,18.93,140.20,151.77,138.28,155.17,-81.07,69,DoubleBottom,161.23,HOLD,6.15,133.06,160.72,133.06,145.35,-0.47,-3.55,3.08,145.99,147.54,154.00,209.25,1.36,downtrend,0.00,0.08,false
2026-09-08,PPG,109.72,2209567,40.89,8.82,109.79,116.31,109.09,117.43,-91.18,69,DoubleTop|HeadAndShoulders|DescendingScallop,191.00,HOLD,2.87,105.41,118.34,105.41,111.16,-1.61,-1.26,-0.35,113.05,112.89,115.52,111.45,1.74,downtrend,0.00,0.08,false
2026-09-08,PTC,133.26,1892347,36.16,2.33,139.21,161.82,132.63,159.46,-97.67,69,HeadAndShoulders,216.00,SELL,5.54,141.56,116.65,141.56,130.49,1.68,5.60,-3.92,150.52,147.23,136.86,148.52,1.61,downtrend,0.00,0.08,false
2026-09-08,PWR,639.05,831501,49.79,40.36,573.86,714.08,593.70,724.80,-59.64,69,DescendingScallop,107.19,HOLD,24.37,602.49,712.17,602.49,651.24,-33.56,-13.48,-20.08,643.97,634.75,651.20,588.86,0.78,uptrend,0.00,0.20,false
2026-09-08,QCOM,174.09,25627305,58.92,65.52,156.69,172.54,156.23,183.49,-34.48,69,DoubleBottom|ThreeRisingValleys|AscendingScallop,527.48,HOLD,6.63,164.15,193.98,164.15,177.40,2.28,1.57,0.71,164.62,166.41,169.01,167.87,2.58,uptrend,0.00,0.35,false
2026-09-08,RDDT,149.38,4939321,44.07,26.34,141.85,169.33,143.47,184.28,-73.66,69,DoubleBottom|DescendingScallop,187.31,HOLD,9.10,135.73,176.67,135.73,153.93,-2.46,-3.06,0.60,155.59,155.95,169.66,174.36,0.70,downtrend,0.00,0.20,false
2026-09-08,REGN,810.31,552340,54.52,38.91,784.27,851.46,779.08,859.34,-61.09,69,DoubleBottom|DoubleTop,90.43,HOLD,21.01,778.79,873.34,778.79,820.82,14.35,29.68,-15.34,817.87,808.00,741.41,732.60,0.85,uptrend,0.00,0.49,false
2026-09-08,RL,347.23,915173,37.14,24.64,329.17,402.78,335.21,406.52,-75.36,69,ThreeDescendingPeaks|DescendingScallop,171.57,HOLD,11.12,330.54,380.60,330.54,352.79,-17.98,-11.55,-6.43,365.98,360.80,377.67,366.31,1.49,downtrend,0.00,0.08,false
2026-09-08,RMD,221.05,1223939,45.14,2.78,217.98,241.49,215.71,242.40,-97.22,69,,162.65,HOLD,6.74,210.93,241.28,210.93,224.42,5.37,7.52,-2.15,229.74,227.70,215.70,228.26,0.91,downtrend,0.00,0.08,false
2026-09-08,ROK,429.13,621116,43.78,56.70,416.91,451.74,415.64,454.69,-43.30,69,DescendingScallop,91.27,HOLD,10.43,413.48,460.43,413.48,434.35,-8.53,-11.24,2.70,434.33,434.64,452.85,420.85,0.94,uptrend,0.00,0.28,false
2026-09-08,ROL,34.95,5800493,30.65,0.00,35.25,37.25,34.95,37.73,-100.00,69,DoubleTop,200.00,SELL,0.93,36.34,32.17,36.34,34.49,-0.38,-0.65,0.27,36.25,36.56,39.34,52.16,1.29,downtrend,0.00,0.08,false
2026-09-08,ROP,395.65,585446,45.30,5.56,387.05,430.96,387.82,429.60,-94.44,69,DoubleBottom,180.23,HOLD,11.18,378.88,429.19,378.88,401.24,9.30,9.39,-0.09,409.00,407.58,385.22,375.86,0.89,uptrend,0.00,0.23,false
2026-09-08,ROST,229.31,2370712,40.41,24.85,221.99,250.25,224.50,255.60,-75.15,69,DoubleBottom|BearishFlag|DescendingScallop,134.51,HOLD,5.52,221.03,245.87,221.03,232.07,-7.09,-7.56,0.47,236.12,234.84,234.83,212.96,0.84,uptrend,0.00,0.22,false
2026-09-08,RSG,221.63,1497245,54.61,58.94,213.26,226.39,212.22,225.74,-41.06,69,DoubleTop|AscendingScallop,223.35,HOLD,3.88,215.82,233.26,215.82,223.57,4.36,3.86,0.50,219.82,220.22,217.65,215.05,1.03,uptrend,0.00,0.42,false
2026-09-08,RVTY,127.08,1491046,59.49,66.57,112.55,134.75,113.69,133.00,-33.43,69,ThreeRisingValleys|AscendingScallop,375.26,BUY,3.77,121.42,138.39,121.42,128.97,6.11,5.19,0.92,123.65,124.36,116.68,102.53,0.96,uptrend,0.83,0.75,true
2026-09-08,SHW,326.09,1207299,36.42,1.66,324.23,367.32,325.57,367.93,-98.34,69,DescendingScallop,191.00,HOLD,7.83,314.34,349.59,314.34,330.01,-10.33,-4.65,-5.69,345.78,341.14,342.65,334.17,0.79,downtrend,0.00,0.08,false
2026-09-08,SLB,57.10,9351197,60.34,60.38,50.66,59.42,51.60,60.46,-39.62,69,DoubleBottom|MeasuredMoveUp,362.27,HOLD,1.86,54.31,62.67,54.31,58.03,2.13,1.95,0.18,55.04,55.20,50.99,49.16,0.82,uptrend,0.00,0.41,false
2026-09-08,SMCI,40.26,42112848,64.15,82.93,33.84,41.11,30.92,42.31,-17.07,69,DoubleTop|AscendingScallop,297.70,HOLD,2.33,36.76,47.26,36.76,41.43,1.86,3.08,-1.22,37.47,36.69,31.90,31.40,0.78,uptrend,0.00,0.35,false
2026-09-08,SNDK,1737.99,11080819,61.11,82.25,1315.50,1794.09,1242.06,1827.99,-17.75,69,DoubleTop|ThreeRisingValleys|AscendingScallop,368.11,BUY,125.88,1549.17,2115.62,1549.17,1800.93,65.74,117.19,-51.45,1554.79,1554.21,1543.20,1011.43,0.83,uptrend,0.83,0.75,true
2026-09-08,SNPS,392.03,2181715,42.03,13.82,377.95,448.50,380.33,464.98,-86.18,69,,205.17,SELL,16.85,417.31,341.47,417.31,383.60,4.59,7.92,-3.33,413.23,411.94,411.36,447.23,1.22,downtrend,0.00,0.08,false
2026-09-08,STE,218.44,670554,33.30,4.89,222.89,242.83,217.32,241.39,-95.11,69,DoubleTop|HeadAndShoulders,216.00,SELL,5.75,227.06,201.20,227.06,215.57,-1.69,0.98,-2.67,232.86,230.02,225.38,232.69,1.13,downtrend,0.00,0.08,false
2026-09-08,STLD,240.31,1206580,48.11,64.53,216.62,267.32,218.02,271.00,-35.47,69,DescendingScallop,129.26,HOLD,8.88,226.99,266.95,226.99,244.75,-10.46,-11.32,0.87,241.97,241.57,241.86,210.74,1.02,uptrend,0.00,0.69,true
2026-09-08,STX,904.38,5071099,57.10,86.99,750.91,966.12,763.52,1013.99,-13.01,69,DoubleBottom,313.13,BUY,57.14,818.67,1075.81,818.67,932.95,-19.01,1.88,-20.89,858.51,846.57,853.61,596.67,1.38,uptrend,0.67,0.83,true
2026-09-08,SWKS,75.38,6839375,70.03,96.33,63.68,73.86,63.06,75.85,-3.67,69,,352.25,BUY,3.07,70.78,84.58,70.78,76.91,0.54,0.88,-0.35,68.77,68.93,65.02,63.95,1.23,uptrend,0.83,0.78,true
2026-09-08,SYK,276.43,6103467,24.74,1.93,293.44,358.33,275.10,349.77,-98.07,69,DescendingScallop,288.00,SELL,11.15,293.16,242.97,293.16,270.85,-11.40,-6.33,-5.07,325.88,319.66,327.78,338.04,2.48,downtrend,0.00,0.08,false
2026-09-08,TECH,72.31,2059387,61.46,38.64,72.13,72.52,72.00,72.62,-61.36,69,DoubleBottom|DoubleTop,106.08,HOLD,0.29,71.88,73.18,71.88,72.45,0.08,0.13,-0.05,72.33,72.18,71.87,61.07,0.88,uptrend,0.00,0.70,true
2026-09-08,TEL,204.99,1423415,47.87,43.79,196.04,218.65,199.28,221.98,-56.21,69,DoubleBottom|DescendingScallop,173.24,HOLD,6.12,195.82,223.34,195.82,208.05,-4.23,-3.58,-0.65,207.34,206.55,205.73,216.09,0.72,downtrend,0.00,0.08,false
2026-09-08,TER,372.06,2789842,51.35,58.16,320.46,430.90,326.00,444.17,-41.84,69,,131.42,HOLD,22.68,338.03,440.11,338.03,383.40,-19.34,-2.28,-17.06,375.68,365.16,370.64,317.33,1.19,uptrend,0.00,0.30,false
2026-09-08,TGT,162.71,2578282,59.65,67.24,149.87,170.94,146.21,170.75,-32.76,69,AscendingScallop|DiamondBottom,348.83,BUY,4.36,156.17,175.78,156.17,164.89,6.49,6.97,-0.48,160.41,159.68,147.48,122.87,0.54,uptrend,0.83,0.75,true
2026-09-08,TJX,128.92,10449674,19.25,2.48,123.94,158.04,128.37,159.00,-97.52,69,ThreeDescendingPeaks|DescendingScallop,216.00,SELL,2.93,133.32,120.13,133.32,127.45,-10.39,-9.07,-1.32,140.99,139.54,149.52,154.63,1.35,downtrend,0.00,0.08,false
2026-09-08,TMO,603.02,2654165,51.57,15.42,582.15,642.04,580.00,647.00,-84.58,69,DoubleTop|HeadAndShoulders,82.59,HOLD,16.13,578.83,651.40,578.83,611.08,14.42,17.94,-3.52,612.10,606.95,572.53,536.21,1.62,uptrend,0.00,0.63,true
2026-09-08,TPL,381.90,331669,54.15,61.94,347.79,386.00,335.10,396.78,-38.06,69,AscendingScallop,246.78,HOLD,15.01,359.38,426.94,359.38,389.41,3.31,-3.45,6.75,366.90,371.62,387.64,391.97,0.92,downtrend,0.00,0.20,false
2026-09-08,TPR,117.58,3351291,28.00,3.77,109.83,149.86,116.90,164.52,-96.23,69,ThreeDescendingPeaks|DescendingScallop,175.00,HOLD,4.46,110.89,130.96,110.89,119.81,-11.60,-12.28,0.68,129.84,129.59,140.20,138.42,0.85,downtrend,0.00,0.08,false
2026-09-08,TRMB,58.78,2673708,51.26,32.92,55.98,62.02,54.71,62.00,-67.08,69,DoubleTop|HeadAndShoulders,90.00,HOLD,1.92,55.90,64.53,55.90,59.74,0.96,0.94,0.02,59.00,58.96,56.22,64.73,0.65,downtrend,0.00,0.08,false
2026-09-08,TSCO,35.29,10074525,59.00,59.20,34.14,36.22,34.10,36.89,-40.80,69,DoubleBottom,196.66,HOLD,1.04,33.72,38.42,33.72,35.81,0.18,0.92,-0.75,35.18,34.65,32.83,41.79,1.05,downtrend,0.00,0.08,false
2026-09-08,TSLA,368.16,50850639,55.71,67.15,326.09,374.51,323.64,384.04,-32.85,69,ThreeRisingValleys|AscendingScallop,350.93,HOLD,15.31,345.19,414.10,345.19,375.82,13.13,14.36,-1.23,350.30,353.38,357.72,399.39,1.30,downtrend,0.00,0.28,false
2026-09-08,TT,446.00,835632,41.32,37.76,430.22,485.44,434.00,493.71,-62.24,69,ThreeDescendingPeaks|DescendingScallop,137.39,HOLD,10.39,430.42,477.16,430.42,451.19,-12.74,-8.28,-4.46,457.83,454.51,467.78,444.58,0.93,uptrend,0.00,0.14,false
2026-09-08,TTD,14.02,19354749,43.39,45.85,12.66,14.81,12.97,15.26,-54.15,69,DoubleBottom,142.47,HOLD,0.79,12.83,16.39,12.83,14.42,-0.69,-1.52,0.83,13.74,14.39,16.49,24.90,0.98,downtrend,0.00,0.20,false
2026-09-08,TXN,258.92,5381334,41.97,36.90,247.41,283.55,248.13,289.62,-63.10,69,ThreeDescendingPeaks|DescendingScallop,121.79,HOLD,8.57,246.06,284.63,246.06,263.21,-9.44,-7.38,-2.06,265.48,264.47,279.50,239.89,0.99,uptrend,0.00,0.30,false
2026-09-08,TYL,347.82,762884,50.60,25.64,311.00,390.76,311.07,393.53,-74.36,69,AscendingScallop,119.63,HOLD,14.51,326.05,391.35,326.05,355.08,22.75,19.73,3.03,350.88,352.61,326.33,356.98,0.78,downtrend,0.00,0.08,false
2026-09-08,UBER,73.13,24123735,43.32,4.30,73.16,80.53,72.71,82.36,-95.70,69,DoubleBottom|HeadAndShoulders,216.00,SELL,2.58,77.00,65.40,77.00,71.84,1.22,2.47,-1.25,76.84,75.88,74.03,76.23,1.58,downtrend,0.00,0.08,false
2026-09-08,ULTA,549.23,629764,56.78,70.62,498.23,567.35,493.11,568.44,-29.38,69,DoubleBottom|ThreeRisingValleys,365.95,HOLD,18.95,520.80,606.09,520.80,558.71,6.31,2.35,3.96,532.79,536.30,506.89,556.51,0.87,downtrend,0.00,0.20,false
2026-09-08,UNP,288.45,1777444,38.68,9.70,283.86,314.53,285.69,314.15,-90.30,69,DoubleBottom|DoubleTop|HeadAndShoulders,190.00,HOLD,6.09,279.32,306.72,279.32,291.49,2.13,4.27,-2.14,299.20,296.76,293.98,260.62,0.76,uptrend,0.00,0.42,false
2026-09-08,UPS,100.48,3703587,36.58,0.15,100.61,106.44,100.47,107.11,-99.85,69,DoubleBottom|DoubleTop|HeadAndShoulders,175.00,HOLD,2.14,97.28,106.89,97.28,101.55,-0.54,-1.14,0.60,103.52,103.94,107.57,104.93,0.90,downtrend,0.00,0.14,false
2026-09-08,URI,1015.17,524929,39.63,29.30,957.84,1184.99,967.58,1176.44,-70.70,69,ThreeDescendingPeaks|DescendingScallop,129.77,HOLD,30.12,969.99,1105.54,969.99,1030.23,-56.92,-30.00,-26.91,1071.42,1051.86,1085.54,928.44,1.27,uptrend,0.00,0.42,false
2026-09-08,VLTO,95.53,1371118,44.32,5.36,95.48,100.25,95.22,101.00,-94.64,69,DoubleBottom|DoubleTop|DescendingScallop,141.00,HOLD,2.01,92.51,101.56,92.51,96.54,0.26,0.90,-0.64,97.87,97.27,95.27,93.42,0.94,uptrend,0.00,0.28,false
2026-09-08,VMC,258.30,945312,35.67,4.70,256.91,287.79,257.17,289.37,-95.30,69,DescendingScallop,216.00,SELL,7.25,269.18,236.55,269.18,254.67,-6.61,-4.55,-2.07,272.35,270.60,281.37,288.27,1.07,downtrend,0.00,0.08,false
2026-09-08,VRSN,282.20,1174091,46.18,37.94,272.51,299.65,271.10,300.36,-62.06,69,DoubleTop|HeadAndShoulders,60.51,HOLD,8.20,269.90,306.80,269.90,286.30,1.81,-1.07,2.88,286.08,287.29,279.55,261.91,1.73,uptrend,0.00,0.23,false
2026-09-08,VRT,290.83,4672157,59.17,90.32,243.64,297.97,248.75,300.30,-9.68,69,DoubleBottom|DoubleTop,306.16,HOLD,14.11,269.67,333.16,269.67,297.88,-6.41,-2.19,-4.22,270.80,270.39,282.44,258.03,1.14,uptrend,0.00,0.48,false
2026-09-08,VRTX,528.90,1090822,49.92,21.72,510.23,567.82,502.29,560.25,-78.28,69,DoubleTop,73.62,HOLD,13.96,507.96,570.78,507.96,535.88,19.60,24.44,-4.84,539.03,535.42,509.52,466.61,1.05,uptrend,0.00,0.49,false
2026-09-08,WAB,284.45,696591,44.71,34.27,278.16,306.47,274.83,304.36,-65.73,69,DoubleTop|MeasuredMoveDown,85.62,HOLD,6.37,274.89,303.57,274.89,287.64,-3.40,-1.29,-2.11,292.32,288.87,283.72,254.67,0.82,uptrend,0.00,0.48,false
2026-09-08,WAT,402.91,419481,48.72,22.87,401.85,421.24,396.00,426.22,-77.13,69,DoubleBottom|DoubleTop|HeadAndShoulders,104.55,HOLD,12.22,384.58,439.58,384.58,409.02,3.58,8.23,-4.65,411.54,407.64,392.28,360.91,0.65,uptrend,0.00,0.63,true
2026-09-08,WDAY,186.28,2832411,49.76,6.10,179.90,210.85,173.17,227.49,-93.90,69,AscendingScallop,146.35,HOLD,10.30,170.83,217.18,170.83,191.43,7.03,12.74,-5.71,195.38,191.28,167.03,159.98,0.58,uptrend,0.00,0.57,true
2026-09-08,WELL,237.25,2481521,50.02,39.18,229.57,244.38,224.97,243.04,-60.82,69,DoubleTop|HeadAndShoulders|AscendingScallop,65.00,HOLD,4.94,229.83,252.08,229.83,239.72,2.60,1.18,1.42,236.98,237.81,237.30,211.10,0.92,uptrend,0.00,0.67,true
2026-09-08,WM,217.78,2158358,38.25,12.13,216.45,228.25,216.27,228.98,-87.87,69,DoubleTop|ThreeDescendingPeaks|DescendingScallop,169.67,HOLD,3.84,212.02,229.29,212.02,219.70,-2.69,-3.03,0.34,222.35,222.22,228.18,225.25,1.06,downtrend,0.00,0.08,false
2026-09-08,WSM,227.83,1291433,43.43,29.61,219.78,251.29,218.60,254.89,-70.39,69,DescendingScallop,122.76,HOLD,7.79,216.15,251.20,216.15,231.72,-7.42,-3.34,-4.08,235.53,232.32,232.55,204.61,1.15,uptrend,0.00,0.49,false
2026-09-08,WST,337.75,570603,40.83,14.04,335.70,357.32,334.07,360.29,-85.96,69,DoubleTop|ThreeDescendingPeaks|DescendingScallop,154.57,HOLD,7.46,326.56,360.12,326.56,341.48,-3.15,0.38,-3.52,346.51,344.68,349.86,294.12,1.28,uptrend,0.00,0.63,true
2026-09-08,WY,22.69,5255761,31.69,0.39,22.61,25.34,22.68,25.49,-99.61,69,ThreeDescendingPeaks|DescendingScallop,216.00,SELL,0.53,23.49,21.09,23.49,22.42,-0.72,-0.46,-0.26,23.97,23.77,24.08,24.27,1.13,downtrend,0.00,0.08,false
2026-09-08,XOM,160.66,12292534,53.14,40.09,155.69,167.24,155.32,168.64,-59.91,69,DoubleBottom|DoubleTop,92.43,HOLD,3.47,155.46,171.07,155.46,162.39,1.18,2.71,-1.53,161.47,160.15,153.44,144.95,0.90,uptrend,0.00,0.15,false
2026-09-08,XYL,108.81,3607158,39.38,29.37,103.56,123.45,105.48,124.00,-70.63,69,DescendingScallop,193.39,HOLD,2.91,104.44,117.55,104.44,110.27,-4.90,-3.77,-1.13,113.50,112.22,117.37,124.09,1.99,downtrend,0.00,0.08,false
2026-09-08,ZBRA,352.54,559041,53.80,35.81,342.66,383.42,341.97,386.23,-64.19,69,DescendingScallop,101.67,HOLD,12.03,334.50,388.62,334.50,358.55,-4.32,11.10,-15.41,363.04,352.47,316.86,257.85,0.95,uptrend,0.00,0.63,true
2026-09-09,A,144.75,1843878,43.12,5.00,144.26,159.32,143.75,163.75,-95.00,66,DoubleTop,141.00,HOLD,4.43,138.10,158.04,138.10,146.97,1.78,4.82,-3.04,151.79,149.63,142.78,131.61,0.79,uptrend,0.00,0.49,false
2026-09-09,AAPL,315.34,64902991,49.35,35.00,300.18,327.94,300.57,330.81,-65.00,66,AscendingScallop,221.41,HOLD,7.63,303.89,338.24,303.89,319.16,4.79,0.90,3.89,314.06,316.70,316.47,284.35,1.60,uptrend,0.00,0.50,false
2026-09-09,ABBV,250.91,3643141,44.49,20.32,245.87,269.36,245.52,266.97,-79.68,66,DoubleBottom|BearishFlag|DoubleTop|MeasuredMoveDown,147.28,HOLD,5.76,242.28,268.18,242.28,253.79,3.43,4.93,-1.50,257.62,256.23,254.32,228.50,0.85,uptrend,0.00,0.35,false
2026-09-09,ABT,105.23,6409450,40.04,3.58,105.15,117.88,104.78,117.34,-96.42,66,DoubleTop|InvertedCupWithHandle,191.00,HOLD,2.78,101.05,113.58,101.05,106.62,0.12,2.34,-2.23,111.51,109.41,104.85,106.08,0.83,sideways,0.00,0.08,false
2026-09-09,ACN,175.80,3935195,47.26,0.56,171.05,194.98,169.75,195.32,-99.44,66,,152.30,HOLD,6.92,165.42,196.56,165.42,179.26,4.99,6.62,-1.63,183.01,181.18,163.73,202.27,0.76,downtrend,0.00,0.08,false
2026-09-09,ADBE,254.86,4081438,43.00,1.51,249.40,296.38,251.20,294.53,-98.49,66,DoubleBottom,201.67,SELL,10.84,271.12,222.35,271.12,249.44,6.64,9.46,-2.82,272.89,269.94,250.91,267.28,0.94,downtrend,0.00,0.08,false
2026-09-09,ADI,365.07,2286800,45.34,46.20,350.03,391.05,348.00,396.95,-53.80,66,InvertedCupWithHandle|ThreeDescendingPeaks|DescendingScallop,106.72,HOLD,10.70,349.02,397.17,349.02,370.42,-8.92,-4.13,-4.78,370.54,367.93,376.36,349.63,0.63,uptrend,0.00,0.15,false
2026-09-09,ADM,86.55,5172048,64.58,95.28,77.15,86.46,75.86,87.08,-4.72,66,ThreeRisingValleys|AscendingScallop,492.63,HOLD,2.64,82.59,94.47,82.59,87.87,1.34,0.72,0.62,81.81,82.51,81.32,72.38,1.43,uptrend,0.83,0.77,true
2026-09-09,ADSK,206.62,2165151,31.06,0.44,214.10,277.65,206.33,271.72,-99.56,66,HeadAndShoulders,216.00,SELL,10.50,222.37,175.12,222.37,201.37,-3.10,3.97,-7.08,245.88,238.52,231.22,246.18,1.03,downtrend,0.00,0.08,false
2026-09-09,AKAM,110.75,4563596,48.62,83.24,97.99,125.11,100.77,127.04,-16.76,66,DescendingScallop,121.49,HOLD,5.05,103.18,125.89,103.18,113.27,-5.88,-4.22,-1.65,111.55,110.26,115.76,109.79,1.54,uptrend,0.00,0.08,false
2026-09-09,ALB,125.91,2531136,42.61,16.01,125.25,142.54,122.45,144.06,-83.99,66,DoubleTop|ThreeDescendingPeaks,198.97,HOLD,5.98,116.94,143.84,116.94,128.90,1.61,5.51,-3.90,133.89,131.83,127.82,156.62,1.15,downtrend,0.00,0.08,false
2026-09-09,ALGN,152.92,981039,36.19,12.04,147.42,177.45,151.32,182.20,-87.96,66,DescendingScallop,216.00,SELL,5.64,161.38,136.01,161.38,150.10,-7.14,-6.35,-0.80,162.44,161.27,170.48,170.75,1.18,downtrend,0.00,0.08,false
2026-09-09,ALLE,151.73,838298,40.02,3.38,151.03,167.89,151.23,169.43,-96.62,66,ThreeDescendingPeaks|DescendingScallop,166.00,HOLD,3.95,145.80,163.59,145.80,153.71,-4.41,-2.43,-1.98,159.46,157.38,153.28,151.02,0.61,sideways,0.00,0.34,false
2026-09-09,AMAT,468.85,3806722,44.38,55.22,421.40,546.92,426.13,563.76,-44.78,66,ThreeDescendingPeaks|DescendingScallop,113.23,HOLD,22.43,435.20,536.14,435.20,480.07,-32.07,-21.93,-10.14,484.16,479.04,526.12,409.47,0.53,uptrend,0.00,0.37,false
2026-09-09,AMD,521.09,22033121,60.43,93.40,442.08,516.61,440.50,526.79,-6.60,66,DoubleTop|MeasuredMoveUp,406.14,BUY,23.22,486.27,590.75,486.27,532.70,-5.34,-5.49,0.15,479.35,481.96,498.59,343.86,1.22,uptrend,1.00,0.90,true
2026-09-09,ANET,192.93,3673079,52.30,46.90,181.05,207.83,181.27,211.45,-53.10,66,DoubleBottom|HeadAndShoulders|DescendingScallop,75.32,HOLD,7.95,181.01,216.77,181.01,196.90,-0.61,1.94,-2.56,194.44,191.88,184.26,152.64,0.66,uptrend,0.00,0.63,true
2026-09-09,AOS,57.83,1313685,37.92,1.80,57.81,64.50,57.72,64.09,-98.20,66,DoubleTop|ThreeDescendingPeaks|DescendingScallop,216.00,SELL,1.57,60.19,53.11,60.19,57.04,-1.29,-0.50,-0.79,61.15,60.59,61.19,65.15,1.06,downtrend,0.00,0.08,false
2026-09-09,APD,295.24,986538,41.40,5.75,296.89,311.53,294.10,313.93,-94.25,66,DoubleBottom|DoubleTop|HeadAndShoulders,166.00,HOLD,6.17,285.98,313.76,285.98,298.33,0.76,2.41,-1.64,304.21,302.77,301.05,282.94,1.05,uptrend,0.00,0.22,false
2026-09-09,AVGO,364.38,24562370,43.19,64.36,337.51,408.58,342.33,426.50,-35.64,66,HeadAndShoulders|InvertedCupWithHandle|DescendingScallop,146.47,HOLD,12.88,345.06,403.02,345.06,370.82,-20.12,-19.13,-0.99,373.05,372.25,383.57,370.02,0.99,downtrend,0.00,0.08,false
2026-09-09,AVY,169.79,747583,41.64,15.54,169.34,186.26,166.85,185.77,-84.46,66,BearishFlag|DoubleTop|ThreeDescendingPeaks|DescendingScallop,200.31,SELL,4.95,177.21,154.94,177.21,167.32,-1.45,1.91,-3.36,177.80,175.07,170.31,173.10,0.70,downtrend,0.00,0.08,false
2026-09-09,AZO,2910.97,310744,40.67,17.86,2900.33,3083.28,2881.51,3160.00,-82.14,66,DoubleBottom|DescendingScallop|MeasuredMoveDown,214.36,SELL,71.21,3017.78,2697.35,3017.78,2875.37,-39.51,-31.88,-7.63,2991.81,2984.12,3027.94,3372.58,1.07,downtrend,0.00,0.08,false
2026-09-09,BBY,88.03,3404749,55.23,80.24,80.92,91.02,76.70,90.82,-19.76,66,DoubleTop,212.78,HOLD,3.35,83.01,98.08,83.01,89.70,0.62,0.33,0.29,85.97,86.03,84.46,71.61,0.83,uptrend,0.83,0.75,true
2026-09-09,BDX,179.80,1528993,47.72,19.67,178.56,193.58,176.55,193.07,-80.33,66,DoubleBottom|DoubleTop,113.59,HOLD,4.37,173.24,192.91,173.24,181.99,3.13,6.74,-3.61,186.07,183.17,170.96,160.09,0.94,uptrend,0.00,0.35,false
2026-09-09,BIIB,210.73,694488,46.00,10.30,206.61,226.16,201.00,225.80,-89.70,66,DoubleTop,98.30,HOLD,6.07,201.62,228.95,201.62,213.77,4.51,5.63,-1.12,216.38,215.51,209.34,191.48,1.00,uptrend,0.00,0.35,false
2026-09-09,BKNG,173.43,11991504,29.19,7.01,181.35,225.05,170.12,217.32,-92.99,66,DoubleTop,263.00,SELL,7.15,184.15,151.99,184.15,169.86,-5.94,0.61,-6.55,203.20,197.35,194.05,185.71,2.16,downtrend,0.00,0.08,false
2026-09-09,BLDR,61.39,2387387,35.15,1.73,60.72,75.16,61.19,75.50,-98.27,66,ThreeDescendingPeaks|DescendingScallop,216.00,SELL,3.04,65.95,52.26,65.95,59.87,-3.61,-2.17,-1.45,67.94,67.09,72.03,89.77,1.21,downtrend,0.00,0.08,false
2026-09-09,BSX,44.96,17668067,38.50,1.58,44.65,53.21,44.85,52.99,-98.42,66,DescendingScallop,216.00,SELL,1.85,47.73,39.42,47.73,44.04,-1.57,-0.14,-1.42,48.93,47.79,46.93,66.23,0.89,downtrend,0.00,0.08,false
2026-09-09,CAH,240.00,1026265,54.11,57.01,226.32,247.50,227.68,249.29,-42.99,66,ThreeRisingValleys|AscendingScallop,331.59,HOLD,5.26,232.10,255.79,232.10,242.63,2.49,0.91,1.58,236.91,238.24,234.35,216.09,0.65,uptrend,0.00,0.47,false
2026-09-09,CARR,57.95,4604840,35.93,31.49,56.26,63.61,56.44,64.73,-68.51,66,DescendingScallop,167.67,HOLD,1.61,55.53,62.78,55.53,58.76,-2.31,-2.10,-0.20,59.93,60.01,64.13,61.46,0.91,downtrend,0.00,0.08,false
2026-09-09,CDNS,284.60,2267409,28.72,4.46,284.03,351.42,281.65,347.72,-95.54,66,FallingWedge,255.00,SELL,12.10,302.74,248.31,302.74,278.55,-5.63,-4.77,-0.86,317.73,315.93,338.02,326.92,0.95,downtrend,0.00,0.08,false
2026-09-09,CDW,142.37,1801840,49.17,42.96,129.44,155.84,130.56,158.05,-57.04,66,ThreeRisingValleys|AscendingScallop,261.61,HOLD,6.59,132.48,162.14,132.48,145.67,4.20,0.79,3.40,142.64,144.32,140.23,131.80,1.07,uptrend,0.00,0.30,false
2026-09-09,CEG,293.90,2197755,61.65,68.53,263.91,297.83,264.82,305.80,-31.47,66,DoubleBottom|AscendingScallop,369.69,HOLD,9.81,279.20,323.32,279.20,298.81,6.32,4.48,1.84,280.87,282.08,267.81,295.84,0.87,downtrend,0.00,0.39,false
2026-09-09,CF,138.11,3075102,65.70,84.02,113.28,141.66,113.81,141.27,-15.98,66,ThreeRisingValleys|AscendingScallop,483.34,BUY,5.20,130.32,153.70,130.32,140.71,6.67,4.17,2.50,127.47,129.38,122.41,108.64,1.18,uptrend,0.83,0.83,true
2026-09-09,CHD,95.19,2409175,33.98,12.80,95.61,103.91,94.01,103.23,-87.20,66,FallingWedge|DoubleTop|HeadAndShoulders,158.07,HOLD,2.11,92.03,101.51,92.03,96.24,-0.64,-0.44,-0.21,99.76,99.31,99.16,95.05,1.41,uptrend,0.00,0.08,false
2026-09-09,CHRW,150.45,2127821,46.43,71.40,141.14,153.00,141.24,154.14,-28.60,66,DoubleBottom|AscendingScallop,356.89,HOLD,4.70,143.40,164.56,143.40,152.80,0.46,-2.58,3.04,147.07,150.16,166.92,172.71,1.68,downtrend,0.00,0.28,false
2026-09-09,CIEN,338.00,1795012,39.35,24.65,311.41,458.49,311.60,462.69,-75.35,66,IslandReversal|DescendingScallop,169.83,HOLD,25.34,299.99,414.02,299.99,350.67,-25.78,-7.67,-18.11,384.95,371.00,399.16,378.68,0.73,downtrend,0.00,0.08,false
2026-09-09,CL,88.03,4798380,37.60,13.99,87.98,93.32,87.29,93.88,-86.01,66,DoubleTop|DescendingScallop,162.71,HOLD,1.69,85.49,93.10,85.49,88.88,-0.97,-0.71,-0.26,90.65,90.34,91.67,87.81,1.18,uptrend,0.00,0.08,false
2026-09-09,CLX,89.62,2778912,25.31,2.37,89.45,113.36,89.14,109.42,-97.63,66,FallingWedge|ThreeDescendingPeaks|DescendingScallop,216.00,SELL,2.83,93.86,81.13,93.86,88.21,-4.35,-0.58,-3.77,101.41,98.60,99.59,103.08,0.97,downtrend,0.00,0.08,false
2026-09-09,CMI,554.76,1087330,32.57,18.45,522.79,647.42,542.70,649.95,-81.55,66,BearishFlag|ThreeDescendingPeaks|DescendingScallop,187.47,HOLD,16.82,529.52,605.23,529.52,563.17,-35.35,-30.02,-5.32,585.11,581.06,627.53,600.95,1.15,downtrend,0.00,0.08,false
2026-09-09,COHR,303.48,5002165,52.09,79.78,246.95,346.66,255.25,362.32,-20.22,66,DescendingScallop,105.90,HOLD,23.03,268.94,372.57,268.94,314.99,-22.41,-12.08,-10.32,296.80,292.80,303.79,278.06,0.74,uptrend,0.00,0.08,false
2026-09-09,COO,63.48,9064610,23.67,8.35,65.39,79.97,62.24,78.11,-91.65,66,ThreeDescendingPeaks|DescendingScallop,288.00,SELL,1.87,66.29,57.86,66.29,62.54,-2.88,-0.88,-2.00,72.68,71.07,72.42,73.32,4.44,downtrend,0.00,0.08,false
2026-09-09,COP,136.53,5535498,66.24,86.47,124.82,139.11,124.12,137.87,-13.53,66,DoubleTop|AscendingScallop,312.16,HOLD,3.04,131.97,145.66,131.97,138.05,4.53,5.72,-1.20,131.97,131.30,121.40,113.21,0.86,uptrend,0.83,0.62,true
2026-09-09,COR,323.32,1040979,51.85,41.03,307.02,337.63,302.01,338.71,-58.97,66,AscendingScallop,196.32,HOLD,7.36,312.28,345.40,312.28,327.00,5.41,3.46,1.95,322.32,323.76,313.71,321.55,0.83,uptrend,0.00,0.20,false
2026-09-09,CPRT,32.03,7688399,50.95,10.03,29.80,35.17,28.68,34.63,-89.97,66,DoubleTop|AscendingScallop|MeasuredMoveDown,116.67,HOLD,1.07,30.42,35.24,30.42,32.57,1.12,1.62,-0.50,32.49,32.24,30.20,34.36,0.78,downtrend,0.00,0.08,false
2026-09-09,CRH,89.35,3180950,35.61,0.79,89.77,99.23,89.28,101.41,-99.21,66,DescendingScallop,200.00,SELL,2.74,93.46,81.12,93.46,87.98,-1.98,-1.99,0.01,94.50,94.45,98.93,111.28,0.73,downtrend,0.00,0.08,false
2026-09-09,CRL,278.35,781229,51.16,11.83,275.71,301.36,275.00,303.31,-88.17,66,DoubleBottom|DoubleTop|HeadAndShoulders,135.81,HOLD,9.23,264.50,306.05,264.50,282.97,7.23,16.26,-9.03,288.53,282.24,256.98,201.33,0.91,uptrend,0.00,0.63,true
2026-09-09,CRM,244.16,11820579,63.57,65.22,171.23,280.43,189.91,268.27,-34.78,66,ThreeRisingValleys|AscendingScallop,356.41,HOLD,10.60,228.26,275.95,228.26,249.46,24.89,18.74,6.15,225.83,230.97,195.19,200.91,0.70,uptrend,0.83,0.69,true
2026-09-09,CRWD,207.80,5522313,50.58,50.46,182.37,235.83,181.24,233.88,-49.54,66,DoubleBottom|HeadAndShoulders,103.38,HOLD,11.61,190.39,242.62,190.39,213.60,-1.54,-0.75,-0.79,209.10,208.48,201.95,143.29,0.54,uptrend,0.00,0.63,true
2026-09-09,CSCO,109.43,10821955,41.78,34.21,105.00,117.66,107.60,124.45,-65.79,66,DoubleBottom|HeadAndShoulders|InvertedCupWithHandle|DescendingScallop,147.56,HOLD,2.60,105.52,117.24,105.52,110.73,-3.50,-3.61,0.10,111.33,111.35,114.03,95.07,0.57,uptrend,0.00,0.44,false
2026-09-09,CSGP,29.58,4448733,41.03,5.92,29.86,33.75,29.33,33.82,-94.08,66,DescendingScallop,216.00,SELL,1.35,31.60,25.54,31.60,28.91,0.12,0.82,-0.70,31.80,31.26,30.30,43.36,0.67,downtrend,0.00,0.08,false
2026-09-09,CSX,48.37,8966082,36.27,12.50,48.13,52.43,47.83,52.15,-87.50,66,DoubleTop,169.58,HOLD,0.99,46.89,51.33,46.89,48.86,-0.24,0.09,-0.33,50.28,49.95,50.17,43.31,0.98,uptrend,0.00,0.48,false
2026-09-09,CTAS,200.04,2288490,47.89,24.85,196.95,207.07,196.50,207.51,-75.15,66,DoubleBottom|DoubleTop,108.35,HOLD,3.70,194.50,211.13,194.50,201.89,0.15,-0.57,0.73,202.01,201.57,198.47,187.01,1.35,uptrend,0.00,0.34,false
2026-09-09,CTSH,58.20,6227342,46.54,1.63,56.48,66.12,56.55,65.42,-98.37,66,,166.63,HOLD,2.22,54.87,64.86,54.87,59.31,2.27,3.01,-0.74,61.30,60.49,53.24,62.65,1.00,downtrend,0.00,0.08,false
2026-09-09,CTVA,84.75,4212206,53.78,49.21,73.50,91.12,74.94,90.87,-50.79,66,ThreeRisingValleys|AscendingScallop,321.86,HOLD,2.42,81.13,92.00,81.13,85.96,4.24,1.92,2.32,82.31,83.99,83.45,77.58,0.91,uptrend,0.00,0.47,false
2026-09-09,DASH,197.24,4501818,36.17,8.42,199.81,242.60,193.42,238.83,-91.58,66,DoubleTop|HeadAndShoulders,166.00,HOLD,8.26,184.86,222.02,184.86,201.37,4.94,10.10,-5.16,221.20,216.47,204.23,188.40,1.12,uptrend,0.00,0.63,true
2026-09-09,DD,127.92,1221216,30.46,1.27,127.35,146.77,127.75,146.82,-98.73,66,DescendingScallop,191.00,HOLD,3.34,122.91,137.94,122.91,129.59,-4.61,-2.78,-1.83,137.06,135.39,138.03,136.81,1.02,downtrend,0.00,0.08,false
2026-09-09,DECK,80.23,4030015,29.96,0.92,80.94,95.28,80.11,94.37,-99.08,66,ThreeDescendingPeaks|DescendingScallop,200.00,SELL,2.82,84.46,71.77,84.46,78.82,-4.23,-4.28,0.05,88.11,88.10,96.33,102.53,1.45,downtrend,0.00,0.08,false
2026-09-09,DHI,138.93,2236171,39.68,11.38,138.65,153.40,137.31,154.40,-88.62,66,DoubleTop|ThreeDescendingPeaks|DescendingScallop,216.00,SELL,3.86,144.71,127.36,144.71,137.00,-2.27,-0.67,-1.59,146.03,144.91,148.25,149.84,1.20,downtrend,0.00,0.08,false
2026-09-09,DHR,204.85,2768855,46.96,15.49,198.69,221.10,199.49,220.67,-84.51,66,DoubleBottom|DoubleTop,133.64,HOLD,6.09,195.71,223.12,195.71,207.90,3.22,5.73,-2.52,209.90,208.33,202.05,202.64,0.89,uptrend,0.00,0.22,false
2026-09-09,DOV,191.42,1347548,36.14,19.61,187.24,211.71,187.72,210.00,-80.39,66,DoubleTop|DescendingScallop,197.28,HOLD,4.11,185.26,203.74,185.26,193.47,-5.77,-3.86,-1.91,199.48,198.22,206.04,210.14,1.21,downtrend,0.00,0.08,false
2026-09-09,DVN,48.98,9276075,61.59,79.21,45.00,50.44,43.65,49.72,-20.79,66,DoubleTop|AscendingScallop,286.78,HOLD,1.20,47.18,52.59,47.18,49.58,1.28,1.74,-0.45,47.72,47.56,45.08,43.64,0.92,uptrend,0.00,0.42,false
2026-09-09,DXCM,83.88,3948887,42.02,11.08,85.42,93.48,82.79,92.59,-88.92,66,FallingWedge|DoubleTop,137.95,HOLD,2.56,80.05,91.55,80.05,85.16,0.25,2.60,-2.35,89.45,87.54,81.79,71.14,0.99,uptrend,0.00,0.49,false
2026-09-09,EBAY,103.51,7968087,44.93,37.35,100.95,107.29,99.85,109.65,-62.65,66,DoubleBottom,183.02,HOLD,3.51,98.24,114.05,98.24,105.27,-0.53,-2.19,1.66,104.12,105.28,109.12,98.89,1.77,uptrend,0.00,0.22,false
2026-09-09,ECL,272.21,1051409,38.02,0.00,271.79,290.92,272.21,295.33,-100.00,66,DoubleBottom|DoubleTop|HeadAndShoulders,191.00,HOLD,5.69,263.68,289.27,263.68,275.05,0.59,1.39,-0.80,281.35,280.52,278.57,273.03,0.73,downtrend,0.00,0.08,false
2026-09-09,EFX,168.09,1668863,36.03,4.61,170.57,200.55,166.65,197.90,-95.39,66,DoubleTop|HeadAndShoulders,226.67,SELL,7.56,179.44,145.40,179.44,164.31,1.59,4.77,-3.18,185.56,182.72,178.63,187.43,1.47,downtrend,0.00,0.08,false
2026-09-09,EL,98.77,3200359,54.80,31.16,83.23,112.57,83.85,108.38,-68.84,66,HeadAndShoulders|AscendingScallop,127.42,HOLD,3.48,93.55,109.20,93.55,100.51,7.27,7.27,0.01,97.90,98.14,89.31,92.40,0.80,uptrend,0.00,0.34,false
2026-09-09,EMR,150.34,2033190,44.85,29.62,146.35,165.54,146.35,166.35,-70.38,66,InvertedCupWithHandle|DescendingScallop,112.81,HOLD,3.76,144.70,161.63,144.70,152.22,-3.67,-1.03,-2.64,155.94,153.48,149.75,142.95,0.96,uptrend,0.00,0.34,false
2026-09-09,EOG,147.01,2496560,53.76,38.96,140.49,152.73,140.48,153.67,-61.04,66,DoubleBottom|CupWithHandle|AscendingScallop,337.70,HOLD,3.45,141.83,157.37,141.83,148.74,1.43,2.53,-1.10,146.61,145.77,142.09,129.07,0.93,uptrend,0.00,0.35,false
2026-09-09,EQIX,1043.06,471729,47.37,41.48,1016.16,1107.50,1002.24,1109.22,-58.52,66,DoubleTop|InvertedCupWithHandle,101.13,HOLD,29.69,998.52,1132.14,998.52,1057.91,-9.65,5.40,-15.04,1061.83,1050.21,1043.84,963.81,0.91,uptrend,0.00,0.28,false
2026-09-09,EW,86.18,2736664,34.88,6.23,87.22,93.59,85.73,93.75,-93.77,66,DoubleTop,166.00,HOLD,2.05,83.11,92.33,83.11,87.20,-0.67,0.48,-1.15,90.40,89.55,89.46,84.96,1.00,uptrend,0.00,0.08,false
2026-09-09,EXPD,188.31,669882,58.19,50.31,184.32,191.18,177.61,192.28,-49.69,66,DoubleTop|HeadAndShoulders|AscendingScallop,112.13,HOLD,3.69,182.77,199.38,182.77,190.16,2.72,5.17,-2.45,187.75,186.20,179.33,159.19,0.90,uptrend,0.00,0.75,true
2026-09-09,EXPE,272.60,2674159,34.10,13.86,280.56,352.96,261.43,342.00,-86.14,66,DoubleTop,155.05,HOLD,13.04,253.04,311.72,253.04,279.12,-4.74,5.84,-10.58,316.76,306.13,295.11,259.03,1.69,uptrend,0.00,0.49,false
2026-09-09,FAST,48.79,5829138,44.84,25.33,48.08,52.63,47.65,52.82,-74.67,66,InvertedCupWithHandle|ThreeDescendingPeaks|DescendingScallop,106.86,HOLD,1.08,47.17,52.03,47.17,49.33,-0.82,0.12,-0.93,50.35,49.69,48.75,45.46,0.98,uptrend,0.00,0.28,false
2026-09-09,FCX,76.23,9999915,59.50,67.97,64.69,81.92,65.57,80.24,-32.03,66,DoubleTop|HeadAndShoulders|AscendingScallop,155.11,HOLD,3.02,71.70,85.30,71.70,77.74,3.68,4.13,-0.45,73.30,73.19,67.01,61.29,0.71,uptrend,0.00,0.75,true
2026-09-09,FFIV,404.63,661383,53.64,74.87,371.94,419.36,376.21,425.61,-25.13,66,DoubleBottom|HeadAndShoulders|InvertedCupWithHandle|DescendingScallop|MeasuredMoveUp,203.60,HOLD,12.89,385.29,443.30,385.29,411.08,-4.27,-6.59,2.32,395.65,396.52,404.44,328.92,1.43,uptrend,0.67,0.70,true
2026-09-09,FICO,983.19,793689,37.45,32.32,954.02,1239.29,885.00,1188.80,-67.68,66,DoubleTop,297.05,SELL,61.20,1075.00,799.58,1075.00,952.59,2.94,12.52,-9.57,1096.66,1083.23,1158.71,1296.86,2.24,downtrend,0.00,0.08,false
2026-09-09,FIX,1615.14,255767,46.74,53.22,1468.36,1823.71,1505.73,1883.70,-46.78,66,DescendingScallop,116.79,HOLD,77.15,1499.42,1846.58,1499.42,1653.71,-75.44,-50.38,-25.06,1646.03,1631.34,1700.14,1498.92,0.69,uptrend,0.00,0.34,false
2026-09-09,FLEX,112.68,2250104,47.11,74.93,99.95,127.95,102.25,131.63,-25.07,66,DescendingScallop,105.65,HOLD,5.59,104.29,129.46,104.29,115.48,-5.91,-4.24,-1.68,113.95,113.28,121.45,95.39,0.79,uptrend,0.00,0.63,true
2026-09-09,FSLR,203.10,3461854,42.24,19.46,194.95,228.31,197.81,244.00,-80.54,66,InvertedCupWithHandle|DescendingScallop,211.88,SELL,9.79,217.78,173.74,217.78,198.21,-13.08,-9.63,-3.45,211.63,211.03,217.94,230.16,1.75,downtrend,0.00,0.08,false
2026-09-09,FTNT,157.22,2786573,48.69,34.98,146.87,170.52,148.25,173.89,-65.02,66,DoubleBottom|HeadAndShoulders,95.68,HOLD,6.65,147.25,177.16,147.25,160.54,0.02,-0.75,0.77,158.70,158.83,158.94,110.83,0.67,uptrend,0.00,0.63,true
2026-09-09,GDDY,93.60,1600448,46.18,13.89,90.95,104.03,88.73,106.00,-86.11,66,,232.06,SELL,4.38,100.17,80.47,100.17,91.41,2.59,2.68,-0.09,97.49,96.97,93.78,95.86,0.88,downtrend,0.00,0.15,false
2026-09-09,GEHC,65.17,3525075,31.01,1.32,66.74,76.93,65.03,75.65,-98.68,66,DoubleTop|ThreeDescendingPeaks|DescendingScallop,216.00,SELL,1.77,67.83,59.85,67.83,64.28,-1.03,0.92,-1.95,71.83,70.22,68.31,72.68,1.34,downtrend,0.00,0.08,false
2026-09-09,GEV,951.04,1471717,46.76,68.79,863.65,1072.28,874.00,1099.66,-31.21,66,DescendingScallop,107.96,HOLD,40.94,889.62,1073.87,889.62,971.51,-42.10,-27.95,-14.15,967.96,958.82,1010.89,889.98,0.73,uptrend,0.00,0.34,false
2026-09-09,GILD,145.65,4559600,54.67,26.36,136.73,154.31,133.30,152.55,-73.64,66,AscendingScallop,212.69,HOLD,3.68,140.12,156.70,140.12,147.49,5.51,6.43,-0.93,145.52,145.08,137.37,134.55,0.86,uptrend,0.00,0.34,false
2026-09-09,GLW,168.46,8308512,59.07,91.14,137.55,172.37,139.25,176.94,-8.86,66,DoubleBottom,355.51,HOLD,8.92,155.07,195.23,155.07,172.92,-4.29,-1.21,-3.08,154.96,154.95,162.40,144.64,0.91,uptrend,0.00,0.35,false
2026-09-09,GNRC,186.48,570251,37.87,24.42,172.17,228.02,178.19,225.34,-75.58,66,ThreeDescendingPeaks|DescendingScallop,169.52,HOLD,8.56,173.65,212.15,173.65,190.76,-12.56,-5.74,-6.82,200.09,196.29,212.83,208.94,0.60,downtrend,0.00,0.08,false
2026-09-09,GOOGL,330.65,32730889,39.36,11.60,333.26,350.73,327.90,351.60,-88.40,66,DoubleTop|InvertedCupWithHandle,186.46,HOLD,8.17,318.39,355.17,318.39,334.74,-5.42,-4.43,-0.99,342.00,341.74,348.13,336.40,1.45,downtrend,0.00,0.20,false
2026-09-09,GPC,135.24,1063978,53.57,55.67,131.56,139.47,129.40,139.89,-44.33,66,DoubleTop|HeadAndShoulders,56.00,HOLD,3.34,130.22,145.27,130.22,136.91,1.58,2.16,-0.58,135.51,134.88,130.01,119.94,1.02,uptrend,0.00,0.83,true
2026-09-09,GRMN,272.18,603466,36.95,13.71,265.40,314.78,268.01,314.08,-86.29,66,ThreeDescendingPeaks|DescendingScallop,166.00,HOLD,6.74,262.07,292.40,262.07,275.55,-12.36,-5.91,-6.45,290.09,283.60,274.14,239.21,0.73,uptrend,0.00,0.23,false
2026-09-09,GWW,1278.83,223953,41.19,10.64,1282.40,1337.15,1271.79,1337.96,-89.36,66,DoubleBottom|DoubleTop|HeadAndShoulders,148.19,HOLD,28.07,1236.73,1363.03,1236.73,1292.86,2.53,-5.10,7.63,1309.77,1309.76,1336.66,1181.18,1.05,uptrend,0.00,0.34,false
2026-09-09,HAL,37.13,9360478,62.39,81.51,32.75,38.26,32.68,38.06,-18.49,66,DoubleBottom|AscendingScallop,403.48,HOLD,1.05,35.56,40.27,35.56,37.65,1.33,1.41,-0.08,35.50,35.73,34.20,34.90,0.88,uptrend,0.00,0.20,false
2026-09-09,HD,310.45,3357754,30.92,1.88,310.52,350.69,309.84,353.87,-98.12,66,ThreeDescendingPeaks|DescendingScallop,216.00,SELL,7.13,321.14,289.07,321.14,306.89,-10.67,-6.62,-4.05,330.60,327.70,337.61,343.67,0.88,downtrend,0.00,0.08,false
2026-09-09,HSY,172.19,1459235,36.58,11.91,170.22,192.66,169.72,190.46,-88.09,66,DoubleTop|ThreeDescendingPeaks|DescendingScallop,210.59,SELL,4.02,178.23,160.12,178.23,170.18,-2.60,0.64,-3.24,181.44,178.76,178.57,192.35,1.29,downtrend,0.00,0.08,false
2026-09-09,HUBB,454.97,442933,40.72,37.61,432.34,513.19,439.89,529.39,-62.39,66,ThreeDescendingPeaks|DescendingScallop,196.59,HOLD,12.99,435.49,493.94,435.49,461.46,-21.41,-15.63,-5.78,472.77,468.75,482.84,485.96,0.98,downtrend,0.00,0.08,false
2026-09-09,IBM,239.94,6325191,54.90,87.56,228.56,239.80,227.40,241.50,-12.44,66,DoubleBottom|DoubleTop,262.89,HOLD,6.78,229.76,260.29,229.76,243.33,-0.61,1.04,-1.65,234.18,234.39,239.80,261.79,1.31,downtrend,0.00,0.35,false
2026-09-09,IDXX,515.15,543093,34.63,7.52,519.76,575.92,511.25,584.15,-92.48,66,DescendingScallop,216.00,SELL,16.34,539.66,466.13,539.66,506.98,-15.27,-12.07,-3.20,547.84,545.28,557.10,605.48,1.07,downtrend,0.00,0.08,false
2026-09-09,IEX,225.10,577310,42.42,26.31,220.10,243.15,220.98,242.73,-73.69,66,BearishFlag|DescendingScallop,140.66,HOLD,4.86,217.81,239.68,217.81,227.53,-4.48,-1.57,-2.91,231.63,228.94,228.71,206.54,1.06,uptrend,0.00,0.42,false
2026-09-09,INCY,126.01,1272257,54.10,47.88,119.88,131.32,117.56,130.80,-52.12,66,DoubleTop|AscendingScallop,169.22,HOLD,3.52,120.73,136.56,120.73,127.77,2.29,2.74,-0.45,125.60,125.16,121.25,104.95,1.05,uptrend,0.00,0.83,true
2026-09-09,IR,73.58,3059062,31.53,4.18,72.56,85.41,73.23,85.57,-95.82,66,ThreeDescendingPeaks|DescendingScallop,216.00,SELL,2.11,76.75,67.24,76.75,72.52,-4.06,-3.61,-0.46,78.98,78.35,81.39,82.04,0.97,downtrend,0.00,0.08,false
2026-09-09,ISRG,353.24,2361333,37.42,11.11,348.76,405.54,347.52,405.34,-88.89,66,DescendingScallop,216.00,SELL,11.66,370.72,318.27,370.72,347.41,-10.43,-1.45,-8.98,377.15,371.08,378.87,461.77,1.08,downtrend,0.00,0.08,false
2026-09-09,IT,169.69,1295745,41.88,9.94,170.82,206.48,166.01,203.03,-90.06,66,DoubleTop|ThreeDescendingPeaks|DescendingScallop,191.00,HOLD,8.82,156.46,196.15,156.46,174.10,2.15,8.82,-6.67,188.65,184.33,165.40,177.04,1.06,downtrend,0.00,0.15,false
2026-09-09,ITW,263.99,1282070,29.99,2.02,263.46,296.26,263.53,295.10,-97.98,66,ThreeDescendingPeaks|DescendingScallop,191.00,HOLD,5.34,255.98,280.01,255.98,266.66,-8.27,-5.82,-2.45,279.86,276.98,280.18,267.15,1.26,downtrend,0.00,0.14,false
2026-09-09,JBHT,267.80,967955,48.26,54.26,254.06,285.22,254.11,287.93,-45.74,66,DoubleBottom|DescendingScallop,98.53,HOLD,8.36,255.26,292.87,255.26,271.98,-4.93,-3.04,-1.89,269.64,268.80,275.81,238.51,1.17,uptrend,0.00,0.48,false
2026-09-09,JBL,311.37,789902,45.39,60.57,273.82,370.47,292.29,376.97,-39.43,66,DescendingScallop,130.49,HOLD,12.11,293.21,347.69,293.21,317.42,-20.10,-11.54,-8.56,322.14,315.80,324.95,293.95,0.85,uptrend,0.00,0.15,false
2026-09-09,JCI,144.92,2599958,50.96,77.60,135.36,154.52,137.54,156.84,-22.40,66,InvertedCupWithHandle|DescendingScallop,80.55,HOLD,3.48,139.70,155.36,139.70,146.66,-4.68,-3.47,-1.21,144.94,144.16,144.81,135.03,0.95,uptrend,0.00,0.20,false
2026-09-09,JNJ,267.08,5967693,50.33,18.85,259.08,278.91,255.26,281.07,-81.15,66,DoubleTop|AscendingScallop|MeasuredMoveDown,127.15,HOLD,5.56,258.74,283.75,258.74,269.86,4.46,5.09,-0.63,268.99,268.53,262.23,236.49,0.96,uptrend,0.00,0.35,false
2026-09-09,KLAC,182.91,9040347,45.60,66.58,163.66,209.95,167.05,214.80,-33.42,66,DescendingScallop,109.54,HOLD,9.04,169.35,210.03,169.35,187.43,-9.05,-5.81,-3.23,186.80,185.42,202.66,172.23,0.98,uptrend,0.00,0.23,false
2026-09-09,KMB,98.70,6957597,29.02,5.46,102.32,114.15,97.91,112.38,-94.54,66,DoubleTop,287.00,SELL,2.64,102.66,90.78,102.66,97.38,-1.00,-0.36,-0.64,108.23,107.31,109.37,103.22,2.16,downtrend,0.00,0.08,false
2026-09-09,KVUE,17.75,22520410,30.82,4.23,18.22,19.68,17.67,19.56,-95.77,66,DoubleTop,255.00,SELL,0.39,18.34,16.58,18.34,17.55,-0.12,-0.09,-0.03,18.95,18.87,19.14,17.97,1.12,downtrend,0.00,0.08,false
2026-09-09,LH,321.10,960234,47.95,10.51,317.11,341.89,315.33,341.80,-89.49,66,DoubleBottom|DoubleTop|HeadAndShoulders,107.57,HOLD,7.40,309.99,343.31,309.99,324.80,4.96,8.39,-3.42,329.50,326.09,308.43,276.20,1.58,uptrend,0.00,0.49,false
2026-09-09,LII,375.78,374892,31.54,9.25,366.67,428.78,371.65,438.20,-90.75,66,BearishFlag|DescendingScallop,200.00,SELL,12.91,395.15,337.04,395.15,369.32,-20.35,-22.15,1.80,397.73,401.61,465.48,497.41,0.81,downtrend,0.00,0.08,false
2026-09-09,LIN,466.65,2081745,31.65,10.54,468.79,495.65,463.37,494.50,-89.46,66,DoubleTop|HeadAndShoulders|MeasuredMoveDown,173.48,HOLD,8.42,454.02,491.92,454.02,470.86,-0.55,-2.15,1.60,482.22,483.55,499.60,481.01,1.06,downtrend,0.00,0.08,false
2026-09-09,LITE,988.98,4519016,60.06,84.41,807.40,993.72,784.47,1026.76,-15.59,66,AscendingScallop,363.61,BUY,68.97,885.53,1195.88,885.53,1023.46,18.19,38.29,-20.10,900.56,891.52,822.37,692.48,0.98,uptrend,0.83,0.75,true
2026-09-09,LLY,1124.21,2016282,37.00,6.39,1105.81,1279.49,1113.55,1292.65,-93.61,66,BearishFlag|ThreeDescendingPeaks|DescendingScallop,166.00,HOLD,34.35,1072.68,1227.27,1072.68,1141.39,-19.68,7.22,-26.90,1192.65,1174.55,1187.70,1064.17,0.82,uptrend,0.00,0.22,false
2026-09-09,LOW,198.60,2444148,35.27,6.30,195.70,224.76,197.14,225.79,-93.70,66,BearishFlag|ThreeDescendingPeaks|DescendingScallop,216.00,SELL,4.90,205.95,183.91,205.95,196.15,-6.89,-3.17,-3.72,210.23,207.71,212.48,235.99,0.78,downtrend,0.00,0.08,false
2026-09-09,LRCX,315.84,5453423,51.95,85.58,284.49,342.88,278.04,345.28,-14.42,66,DescendingScallop,113.53,HOLD,15.73,292.24,363.03,292.24,323.71,-6.61,1.19,-7.79,313.69,309.59,318.81,262.62,0.73,uptrend,0.00,0.62,true
2026-09-09,LULU,99.72,9485940,32.83,8.06,102.93,129.86,97.55,124.95,-91.94,66,DoubleTop|HeadAndShoulders,216.00,SELL,5.72,108.30,82.56,108.30,96.86,-3.76,-2.20,-1.56,116.39,114.84,117.82,152.13,1.38,downtrend,0.00,0.08,false
2026-09-09,MAA,127.48,1247746,36.89,12.77,126.60,134.43,126.52,135.73,-87.23,66,DescendingScallop,189.80,HOLD,2.10,124.33,133.77,124.33,128.53,-1.67,-1.42,-0.25,130.51,130.16,133.25,132.19,1.57,downtrend,0.00,0.08,false
2026-09-09,MAS,69.38,1863779,37.40,4.27,69.80,75.83,69.15,76.69,-95.73,66,ThreeDescendingPeaks|DescendingScallop,201.67,SELL,1.97,72.34,63.46,72.34,68.39,-1.67,-1.32,-0.35,72.81,72.67,75.69,69.71,1.06,downtrend,0.00,0.20,false
2026-09-09,MCHP,73.01,5103963,42.54,36.73,70.23,80.29,70.45,83.74,-63.27,66,InvertedCupWithHandle|DescendingScallop,164.76,HOLD,2.86,68.72,81.59,68.72,74.44,-2.89,-1.78,-1.11,75.26,75.03,79.25,77.60,0.64,downtrend,0.00,0.08,false
2026-09-09,MCK,891.68,935711,53.60,58.43,837.82,929.33,837.88,929.95,-41.57,66,,202.32,HOLD,22.84,857.41,960.21,857.41,903.10,18.04,9.79,8.25,883.57,886.75,852.64,843.56,1.03,uptrend,0.00,0.28,false
2026-09-09,MDLZ,62.42,8291626,50.87,38.39,60.76,64.77,60.47,65.55,-61.61,66,DoubleBottom,170.07,HOLD,1.36,60.39,66.49,60.39,63.10,-0.27,0.24,-0.52,62.77,62.32,61.59,59.16,1.17,uptrend,0.00,0.22,false
2026-09-09,MDT,91.89,7726033,55.21,35.65,89.63,94.25,88.50,95.41,-64.35,66,DoubleBottom|DoubleTop|HeadAndShoulders,82.60,HOLD,2.27,88.49,98.69,88.49,93.02,1.05,2.03,-0.98,91.94,91.25,87.18,89.64,0.96,uptrend,0.00,0.22,false
2026-09-09,MKC,51.48,2192678,39.61,7.86,51.50,56.94,51.02,56.87,-92.14,66,DoubleBottom|ThreeDescendingPeaks|DescendingScallop,216.00,SELL,1.40,53.59,47.27,53.59,50.78,-0.02,1.06,-1.09,54.22,53.43,52.86,56.97,0.91,downtrend,0.00,0.08,false
2026-09-09,MLM,502.99,912716,36.77,1.58,500.55,552.43,502.36,554.64,-98.42,66,DescendingScallop,216.00,SELL,13.53,523.28,462.40,523.28,496.23,-12.22,-10.70,-1.52,526.49,525.04,548.93,600.14,1.39,downtrend,0.00,0.08,false
2026-09-09,MMM,164.40,3081947,27.92,2.06,164.15,187.76,164.03,184.69,-97.94,66,ThreeDescendingPeaks|DescendingScallop,166.00,HOLD,3.41,159.29,174.63,159.29,166.10,-4.77,-2.11,-2.65,175.95,173.11,171.72,160.88,1.16,uptrend,0.00,0.34,false
2026-09-09,MNST,42.84,11770107,29.82,9.28,42.68,49.65,42.19,49.24,-90.72,66,FallingWedge|DoubleTop,176.67,HOLD,1.05,41.26,46.00,41.26,43.37,-0.51,-0.04,-0.47,46.17,45.63,47.17,41.85,1.21,uptrend,0.00,0.22,false
2026-09-09,MPWR,1203.75,493112,36.19,9.62,1161.65,1428.25,1189.49,1464.99,-90.38,66,InvertedCupWithHandle|DescendingScallop,191.00,HOLD,53.20,1123.95,1363.35,1123.95,1230.35,-59.66,-37.92,-21.75,1294.95,1275.58,1324.46,1253.95,0.84,downtrend,0.00,0.08,false
2026-09-09,MRK,147.53,7893508,56.86,15.94,132.64,160.88,128.91,156.92,-84.06,66,DoubleTop|ThreeDescendingPeaks|AscendingScallop,79.55,HOLD,3.85,141.75,159.09,141.75,149.46,7.82,9.21,-1.40,146.76,145.95,135.35,118.93,0.70,uptrend,0.00,0.75,true
2026-09-09,MRVL,235.01,20034900,55.54,63.71,200.98,252.13,200.62,254.60,-36.29,66,DoubleTop,132.47,HOLD,15.45,211.84,281.36,211.84,242.73,1.02,11.02,-10.00,226.56,222.63,218.98,153.27,0.81,uptrend,0.00,0.75,true
2026-09-09,MSFT,491.65,12778304,54.62,33.43,475.45,513.54,477.15,517.78,-66.57,66,,90.35,HOLD,11.17,474.90,525.16,474.90,497.23,4.16,9.04,-4.87,494.50,490.60,449.05,431.07,0.58,uptrend,0.00,0.44,false
2026-09-09,MTD,1290.36,193676,28.52,0.96,1317.71,1461.37,1288.84,1456.77,-99.04,66,DoubleTop|ThreeDescendingPeaks|DescendingScallop,191.00,HOLD,34.95,1237.93,1395.21,1237.93,1307.84,-25.99,-11.99,-14.00,1389.54,1371.81,1362.46,1318.55,1.11,downtrend,0.00,0.22,false
2026-09-09,MU,1027.77,23573851,60.61,90.55,892.64,1023.82,887.61,1042.40,-9.45,66,DoubleTop|ThreeRisingValleys|AscendingScallop,377.15,HOLD,53.75,947.15,1189.01,947.15,1054.64,18.46,33.02,-14.56,958.23,957.14,933.29,614.35,0.86,uptrend,0.83,0.82,true
2026-09-09,NDSN,313.94,306513,48.28,17.98,300.11,339.66,302.92,339.12,-82.02,66,DoubleTop,99.92,HOLD,6.66,303.95,333.91,303.95,317.27,5.49,9.02,-3.53,319.89,317.52,305.41,280.06,0.71,uptrend,0.00,0.48,false
2026-09-09,NEM,128.71,7211503,60.69,52.11,114.23,137.52,113.28,135.29,-47.89,66,DoubleTop|ThreeDescendingPeaks|AscendingScallop,93.95,HOLD,4.40,122.11,141.92,122.11,130.91,6.91,10.86,-3.96,125.87,123.77,108.45,108.91,0.89,uptrend,0.00,0.61,true
2026-09-09,NKE,37.35,39443087,35.58,11.14,37.15,41.70,36.85,41.47,-88.86,66,ThreeDescendingPeaks|DescendingScallop,213.67,SELL,1.09,38.98,34.09,38.98,36.81,-1.24,-1.14,-0.10,39.43,39.36,41.37,51.17,1.36,downtrend,0.00,0.08,false
2026-09-09,NOW,131.11,10269432,51.52,33.30,114.85,149.41,117.59,149.60,-66.70,66,ThreeRisingValleys|AscendingScallop,227.74,HOLD,6.73,121.02,151.29,121.02,134.47,7.17,7.17,-0.00,132.13,132.30,118.36,118.28,0.60,uptrend,0.00,0.30,false
2026-09-09,NSC,323.30,1049346,34.64,2.18,321.57,358.28,322.57,355.99,-97.82,66,DoubleTop,176.67,HOLD,6.42,313.67,342.55,313.67,326.51,-0.51,3.07,-3.58,339.93,336.58,335.60,309.38,0.91,uptrend,0.00,0.34,false
2026-09-09,NTAP,184.74,2033668,48.01,65.35,176.08,208.16,161.00,209.06,-34.65,66,ThreeDescendingPeaks|DescendingScallop,57.03,HOLD,8.37,172.18,209.86,172.18,188.93,-5.56,0.12,-5.68,192.12,187.54,180.03,131.42,0.81,uptrend,0.00,0.63,true
2026-09-09,NUE,257.91,1033923,52.25,63.09,237.15,276.24,238.62,274.74,-36.91,66,InvertedCupWithHandle|ThreeRisingValleys|DescendingScallop,184.49,HOLD,8.35,245.39,282.96,245.39,262.08,-6.27,-7.37,1.10,256.70,256.39,249.48,207.10,0.74,uptrend,0.00,0.75,true
2026-09-09,NVDA,223.67,79204871,54.32,59.69,208.66,232.94,207.25,234.76,-40.31,66,DoubleBottom,250.85,HOLD,7.15,212.95,245.11,212.95,227.24,0.43,2.41,-1.98,220.80,220.27,211.80,197.09,0.62,uptrend,0.00,0.42,false
2026-09-09,NXPI,223.32,3704736,40.30,43.00,219.00,234.12,217.30,242.49,-57.00,66,DoubleBottom|DescendingScallop,135.62,HOLD,7.23,212.48,245.00,212.48,226.93,-3.90,-5.69,1.79,226.56,228.84,248.11,244.04,1.21,downtrend,0.00,0.08,false
2026-09-09,ODFL,181.96,1706743,25.69,8.62,179.22,219.62,179.34,217.92,-91.38,66,ThreeDescendingPeaks|DescendingScallop,191.00,HOLD,6.70,171.91,202.06,171.91,185.31,-10.05,-7.84,-2.21,199.42,197.44,213.23,197.10,1.04,downtrend,0.00,0.08,false
2026-09-09,ON,70.98,6467798,36.65,6.70,67.37,83.63,70.57,85.55,-93.30,66,DoubleBottom|DescendingScallop,191.00,HOLD,3.27,66.07,80.79,66.07,72.62,-3.61,-3.41,-0.20,75.50,75.37,82.78,78.60,0.87,downtrend,0.00,0.08,false
2026-09-09,ORCL,161.63,26502308,62.39,70.72,137.09,162.30,137.43,170.70,-29.28,66,DoubleBottom|AscendingScallop,366.12,HOLD,6.97,151.17,182.54,151.17,165.12,2.12,3.13,-1.01,149.69,149.96,140.40,168.18,1.14,downtrend,0.00,0.28,false
2026-09-09,ORLY,86.08,6113875,39.06,18.59,85.48,92.91,84.85,93.84,-81.41,66,ThreeDescendingPeaks|DescendingScallop,205.43,SELL,1.99,89.07,80.10,89.07,85.08,-1.88,-1.17,-0.71,89.20,88.52,88.85,92.04,1.23,downtrend,0.00,0.08,false
2026-09-09,OTIS,69.30,4197155,37.61,20.89,69.39,73.57,68.41,74.39,-79.11,66,DescendingScallop,202.16,SELL,1.33,71.30,65.30,71.30,68.63,-0.77,-0.70,-0.07,71.48,71.33,72.21,79.81,1.23,downtrend,0.00,0.08,false
2026-09-09,PANW,335.10,4267638,44.29,20.79,316.84,401.05,321.39,398.88,-79.21,66,DescendingScallop,144.20,HOLD,17.70,308.55,388.21,308.55,343.95,-12.00,-1.55,-10.44,358.95,350.64,350.02,234.42,0.70,uptrend,0.00,0.63,true
2026-09-09,PEP,136.69,7259004,40.39,3.76,136.59,144.41,136.33,145.90,-96.24,66,DoubleBottom|MeasuredMoveDown,226.67,SELL,2.36,140.23,129.60,140.23,135.51,0.22,0.91,-0.69,140.50,139.81,139.55,148.68,1.06,downtrend,0.00,0.08,false
2026-09-09,PG,142.64,9260540,41.21,8.04,142.00,147.59,142.14,148.36,-91.96,66,DoubleBottom|DoubleTop|HeadAndShoulders,200.00,SELL,2.50,146.39,135.14,146.39,141.39,0.17,-0.40,0.57,144.80,145.32,146.54,147.54,1.03,downtrend,0.00,0.08,false
2026-09-09,PHM,118.93,1960610,35.57,7.48,120.07,133.78,117.87,133.32,-92.52,66,DoubleTop|ThreeDescendingPeaks|DescendingScallop,191.00,HOLD,3.41,113.82,129.15,113.82,120.63,-2.44,-1.44,-1.01,126.92,125.85,128.06,125.28,1.56,downtrend,0.00,0.08,false
2026-09-09,PKG,227.28,532091,33.75,0.00,225.08,263.05,227.28,259.98,-100.00,66,ThreeDescendingPeaks|DescendingScallop,166.00,HOLD,6.13,218.08,245.68,218.08,230.35,-8.86,-4.82,-4.03,244.06,240.22,241.90,223.54,1.05,uptrend,0.00,0.08,false
2026-09-09,PLD,135.66,3830234,36.35,6.31,136.18,144.34,135.11,143.82,-93.69,66,DoubleTop,175.00,HOLD,2.32,132.19,142.61,132.19,136.82,-0.28,-0.39,0.11,140.26,139.84,141.98,137.46,1.29,downtrend,0.00,0.14,false
2026-09-09,PNR,57.52,2263684,27.59,1.92,57.39,67.59,57.36,68.23,-98.08,66,FallingWedge|ThreeDescendingPeaks|DescendingScallop,216.00,SELL,1.87,60.33,51.90,60.33,56.58,-3.05,-2.27,-0.78,62.49,62.02,66.32,85.28,0.60,downtrend,0.00,0.08,false
2026-09-09,PODD,137.92,2058593,37.76,4.34,138.89,152.40,137.25,155.17,-95.66,66,DoubleBottom|DescendingScallop,200.00,SELL,6.10,147.06,119.63,147.06,134.87,-0.11,-2.83,2.73,145.65,146.63,153.61,208.20,1.23,downtrend,0.00,0.08,false
2026-09-09,PPG,107.16,1636441,36.29,0.33,108.75,116.45,107.13,117.04,-99.67,66,DoubleTop|HeadAndShoulders|InvertedCupWithHandle,191.00,HOLD,2.85,102.88,115.72,102.88,108.59,-1.89,-1.35,-0.54,112.60,112.34,115.24,111.51,1.26,downtrend,0.00,0.08,false
2026-09-09,PTC,128.89,2369339,32.97,1.02,134.72,164.16,128.57,159.46,-98.98,66,HeadAndShoulders,216.00,SELL,5.51,137.16,112.36,137.16,126.13,-0.05,4.56,-4.61,149.44,145.48,137.16,148.30,1.90,downtrend,0.00,0.08,false
2026-09-09,PWR,626.98,530084,46.46,38.92,572.42,711.17,593.70,724.80,-61.08,66,DoubleBottom|DescendingScallop,122.85,HOLD,24.21,590.66,699.61,590.66,639.09,-32.55,-17.91,-14.63,641.79,634.01,649.45,589.77,0.51,uptrend,0.00,0.20,false
2026-09-09,QCOM,176.40,14774717,61.16,73.99,155.92,174.68,156.23,183.49,-26.01,66,ThreeRisingValleys|AscendingScallop,441.42,HOLD,6.69,166.36,196.48,166.36,179.75,2.63,1.84,0.79,165.30,167.36,168.76,167.92,1.43,uptrend,0.00,0.43,false
2026-09-09,RDDT,146.44,4752987,42.35,13.24,140.80,169.40,143.47,184.28,-86.76,66,DoubleBottom|HeadAndShoulders|DescendingScallop,200.00,SELL,8.75,159.56,120.19,159.56,142.07,-2.71,-2.96,0.25,155.10,155.04,169.10,174.16,0.67,downtrend,0.00,0.20,false
2026-09-09,REGN,807.65,565689,53.66,35.60,785.82,850.98,779.08,859.34,-64.40,66,DoubleBottom|DoubleTop,86.96,HOLD,20.48,776.93,869.09,776.93,817.89,10.29,25.44,-15.15,818.40,807.97,744.93,733.12,0.89,uptrend,0.00,0.49,false
2026-09-09,RL,335.61,621466,31.80,0.89,326.83,398.91,335.21,403.54,-99.11,66,ThreeDescendingPeaks|DescendingScallop,191.00,HOLD,11.16,318.87,369.10,318.87,341.19,-19.35,-13.43,-5.92,362.87,358.40,376.43,366.34,1.01,downtrend,0.00,0.08,false
2026-09-09,RMD,219.95,1137848,44.06,11.61,217.15,241.83,217.00,242.40,-88.39,66,DoubleBottom|DoubleTop|HeadAndShoulders,186.43,HOLD,6.55,210.12,239.60,210.12,223.23,4.23,6.92,-2.69,229.49,226.96,216.13,228.14,0.83,downtrend,0.00,0.08,false
2026-09-09,ROK,426.08,597032,41.97,43.88,416.54,450.03,415.64,454.69,-56.12,66,DescendingScallop,104.55,HOLD,10.19,410.80,456.64,410.80,431.17,-7.34,-10.85,3.51,433.28,433.82,451.73,421.12,0.92,uptrend,0.00,0.22,false
2026-09-09,ROL,34.54,4306892,28.58,5.76,34.94,37.31,34.35,37.73,-94.24,66,DoubleTop|MeasuredMoveDown,200.00,SELL,0.91,35.90,31.82,35.90,34.09,-0.44,-0.58,0.14,36.13,36.36,39.19,52.03,0.97,downtrend,0.00,0.08,false
2026-09-09,ROP,390.35,605817,42.46,5.17,385.47,431.63,387.82,429.60,-94.83,66,DoubleBottom,165.00,HOLD,10.99,373.86,423.33,373.86,395.85,7.60,9.13,-1.54,408.55,405.94,386.33,375.59,0.92,uptrend,0.00,0.23,false
2026-09-09,ROST,225.27,1625055,36.00,3.98,221.87,247.72,224.50,251.97,-96.02,66,DoubleBottom|DescendingScallop,150.00,HOLD,5.45,217.10,241.61,217.10,227.99,-7.18,-7.86,0.68,234.80,233.93,235.16,213.29,0.58,uptrend,0.00,0.08,false
2026-09-09,RSG,222.47,1741117,56.09,54.07,213.92,226.47,212.22,225.74,-45.93,66,DoubleTop|AscendingScallop,217.37,HOLD,3.82,216.75,233.92,216.75,224.38,4.02,4.02,-0.01,220.19,220.43,217.81,215.07,1.18,uptrend,0.00,0.48,false
2026-09-09,RVTY,123.85,1881734,52.58,42.96,113.57,134.55,113.69,133.00,-57.04,66,AscendingScallop,198.63,HOLD,3.92,117.97,135.62,117.97,125.81,5.70,5.39,0.31,124.06,124.31,116.93,102.69,1.19,uptrend,0.00,0.63,true
2026-09-09,SHW,320.64,1259171,33.30,2.87,321.19,365.99,319.61,367.45,-97.13,66,DescendingScallop,191.00,HOLD,7.76,308.99,343.93,308.99,324.52,-11.20,-6.31,-4.89,343.59,339.19,342.17,334.13,0.82,downtrend,0.00,0.08,false
2026-09-09,SLB,57.05,14919051,60.11,59.79,50.79,59.62,51.60,60.46,-40.21,66,DoubleBottom,301.91,HOLD,1.88,54.22,62.70,54.22,57.99,2.10,1.98,0.11,55.21,55.38,51.20,49.27,1.24,uptrend,0.00,0.43,false
2026-09-09,SMCI,38.93,30520204,59.10,65.05,35.35,40.33,33.94,42.31,-34.95,66,DoubleTop|AscendingScallop,204.69,HOLD,2.27,35.53,45.74,35.53,40.06,1.60,2.81,-1.21,37.84,36.90,32.11,31.42,0.60,uptrend,0.00,0.35,false
2026-09-09,SNDK,1764.17,9527177,62.24,88.94,1361.52,1797.39,1308.53,1827.99,-11.06,66,DoubleTop|ThreeRisingValleys|AscendingScallop,375.59,HOLD,122.53,1580.38,2131.76,1580.38,1825.43,61.43,110.33,-48.89,1579.45,1574.21,1537.47,1019.02,0.72,uptrend,0.83,0.75,true
2026-09-09,SNPS,393.22,1304528,42.57,15.23,376.01,448.67,380.33,464.98,-84.77,66,HeadAndShoulders,201.19,SELL,16.42,417.85,343.96,417.85,385.01,4.16,7.38,-3.21,412.34,410.16,410.28,447.27,0.72,downtrend,0.00,0.08,false
2026-09-09,STE,215.09,490259,30.25,6.65,219.40,244.01,213.29,240.34,-93.35,66,DoubleTop|DescendingScallop,216.00,SELL,5.70,223.65,197.98,223.65,212.24,-2.92,0.16,-3.09,231.70,228.60,225.42,232.49,0.84,downtrend,0.00,0.08,false
2026-09-09,STLD,240.69,808012,48.45,66.95,217.51,264.12,218.02,264.88,-33.05,66,ThreeRisingValleys|DescendingScallop|MeasuredMoveUp,224.72,HOLD,8.67,227.69,266.69,227.69,245.02,-8.78,-11.61,2.84,240.82,241.49,241.99,211.17,0.68,uptrend,0.50,0.61,true
2026-09-09,STX,885.92,3394197,54.53,75.59,755.03,968.54,763.52,1013.99,-24.41,66,DoubleBottom|MeasuredMoveUp,336.87,BUY,55.35,802.90,1051.96,802.90,913.59,-18.12,-2.46,-15.66,861.78,850.32,851.96,599.81,0.92,uptrend,0.67,0.75,true
2026-09-09,SWKS,76.54,4638427,71.87,99.12,63.08,75.29,63.06,76.66,-0.88,66,ThreeRisingValleys|AscendingScallop,480.50,BUY,3.03,72.00,85.62,72.00,78.05,0.73,0.74,-0.01,69.18,69.65,65.20,64.02,0.83,uptrend,0.83,0.70,true
2026-09-09,SYK,275.39,5481127,24.46,5.74,284.69,359.80,271.31,347.46,-94.26,66,FallingWedge|ThreeDescendingPeaks|DescendingScallop,288.00,SELL,10.89,291.72,242.73,291.72,269.95,-13.37,-7.78,-5.60,322.24,315.44,326.68,337.59,2.06,downtrend,0.00,0.08,false
2026-09-09,TECH,72.25,1975286,59.75,25.00,72.15,72.51,72.06,72.62,-75.00,66,DoubleBottom|DoubleTop,94.67,HOLD,0.28,71.83,73.09,71.83,72.39,0.07,0.12,-0.05,72.33,72.19,71.90,61.15,0.87,uptrend,0.00,0.70,true
2026-09-09,TEL,204.68,1722291,47.52,41.41,196.56,216.72,199.28,220.95,-58.59,66,DoubleBottom|DescendingScallop,173.73,HOLD,5.86,195.89,222.26,195.89,207.61,-4.12,-4.00,-0.12,206.64,206.37,205.85,215.95,0.87,downtrend,0.00,0.08,false
2026-09-09,TER,383.69,2254666,54.53,96.26,320.58,431.19,326.00,444.17,-3.74,66,DescendingScallop,134.76,HOLD,22.20,350.39,450.29,350.39,394.79,-19.36,-6.07,-13.29,375.89,366.92,369.04,318.41,0.95,uptrend,0.00,0.49,false
2026-09-09,TGT,157.52,3383178,50.43,18.58,150.71,170.62,146.21,170.75,-81.42,66,AscendingScallop,147.24,HOLD,4.42,150.88,170.79,150.88,159.73,5.51,6.75,-1.24,160.67,159.48,147.95,123.23,0.72,uptrend,0.00,0.63,true
2026-09-09,TJX,126.12,8172905,17.04,1.80,122.69,156.32,125.82,155.31,-98.20,66,ThreeDescendingPeaks|DescendingScallop,216.00,SELL,2.94,130.53,117.29,130.53,124.65,-10.38,-9.52,-0.86,139.51,138.27,149.02,154.53,1.02,downtrend,0.00,0.08,false
2026-09-09,TMO,605.69,1919360,52.86,19.28,582.22,642.05,580.00,647.00,-80.72,66,BearishFlag|DoubleTop|ThreeDescendingPeaks,75.82,HOLD,15.84,581.92,653.22,581.92,613.61,11.24,16.93,-5.69,612.13,606.83,574.52,536.37,1.16,uptrend,0.00,0.63,true
2026-09-09,TPL,374.06,305793,50.16,41.89,348.02,386.68,335.10,396.78,-58.11,66,DoubleTop|AscendingScallop,98.02,HOLD,15.36,351.01,420.15,351.01,381.74,3.74,-1.46,5.20,367.35,371.86,386.72,392.33,0.87,downtrend,0.00,0.20,false
2026-09-09,TPR,113.71,5248285,25.09,0.59,111.94,143.07,113.60,160.93,-99.41,66,ThreeDescendingPeaks|DescendingScallop,175.00,HOLD,4.43,107.07,127.00,107.07,115.92,-11.36,-12.47,1.11,127.50,128.07,139.54,138.47,1.31,downtrend,0.00,0.08,false
2026-09-09,TRMB,57.40,2189117,45.94,3.36,55.90,62.04,54.71,62.00,-96.64,66,DoubleTop|HeadAndShoulders,192.27,HOLD,1.89,54.56,63.07,54.56,58.35,0.74,0.91,-0.17,58.97,58.81,56.35,64.63,0.53,downtrend,0.00,0.08,false
2026-09-09,TSCO,34.00,15349880,47.45,24.35,33.96,36.28,33.32,36.89,-75.65,66,DescendingScallop,165.43,HOLD,1.11,32.33,37.33,32.33,34.56,0.02,0.72,-0.70,35.12,34.58,32.89,41.69,1.66,downtrend,0.00,0.08,false
2026-09-09,TSLA,367.81,32340063,55.57,64.00,328.10,376.01,323.64,384.04,-36.00,66,ThreeRisingValleys|AscendingScallop,326.55,HOLD,14.81,345.60,412.23,345.60,375.21,11.78,14.31,-2.53,352.05,354.76,356.84,399.21,0.81,downtrend,0.00,0.20,false
2026-09-09,TT,444.17,879549,40.20,32.22,430.40,481.28,434.00,493.71,-67.78,66,BearishFlag|InvertedCupWithHandle|DescendingScallop,171.08,HOLD,10.14,428.96,474.60,428.96,449.24,-12.85,-9.45,-3.41,455.84,453.53,467.06,444.77,0.97,downtrend,0.00,0.14,false
2026-09-09,TTD,13.88,15387775,42.35,39.74,12.68,14.83,12.97,15.26,-60.26,66,DoubleBottom,130.22,HOLD,0.76,12.74,16.16,12.74,14.26,-0.47,-1.33,0.87,13.75,14.34,16.40,24.77,0.81,downtrend,0.00,0.20,false
2026-09-09,TXN,261.59,4169438,44.68,60.17,247.88,281.11,248.13,289.62,-39.83,66,ThreeDescendingPeaks|DescendingScallop,110.85,HOLD,8.41,248.98,286.81,248.98,265.79,-9.38,-7.86,-1.52,264.50,264.20,279.02,240.41,0.77,uptrend,0.00,0.30,false
2026-09-09,TYL,342.68,697439,48.14,10.81,313.87,389.86,311.07,393.53,-89.19,66,AscendingScallop,110.19,HOLD,14.28,321.26,385.52,321.26,349.82,20.65,20.38,0.27,351.87,351.66,327.37,356.37,0.71,downtrend,0.00,0.08,false
2026-09-09,UBER,71.08,21152788,38.91,0.70,72.10,80.84,71.00,82.36,-99.30,66,HeadAndShoulders,216.00,SELL,2.55,74.90,63.44,74.90,69.81,0.60,2.14,-1.55,76.47,75.43,73.94,76.14,1.36,downtrend,0.00,0.08,false
2026-09-09,ULTA,541.86,475857,53.85,59.35,498.23,567.40,493.11,568.44,-40.65,66,DoubleBottom,229.49,HOLD,18.31,514.39,596.80,514.39,551.02,7.72,2.72,5.01,532.82,536.83,508.54,556.73,0.66,downtrend,0.00,0.20,false
2026-09-09,UNP,284.74,1809235,34.92,1.61,282.41,315.17,284.26,314.15,-98.39,66,DoubleTop,176.67,HOLD,5.95,275.81,302.60,275.81,287.72,0.44,3.94,-3.51,298.79,295.61,294.22,260.93,0.78,uptrend,0.00,0.48,false
2026-09-09,UPS,99.22,3441445,33.75,1.50,99.84,106.69,99.10,107.11,-98.50,66,DoubleTop|HeadAndShoulders,175.00,HOLD,2.08,96.10,105.46,96.10,100.26,-0.48,-0.93,0.45,103.26,103.49,107.40,104.96,0.84,downtrend,0.00,0.14,false
2026-09-09,URI,1028.77,502159,43.12,40.33,955.73,1175.62,967.58,1176.44,-59.67,66,ThreeDescendingPeaks|DescendingScallop,116.19,HOLD,31.29,981.84,1122.63,981.84,1044.41,-59.38,-36.28,-23.09,1065.67,1049.66,1083.66,929.63,1.18,uptrend,0.00,0.55,true
2026-09-09,VLTO,94.72,1579113,41.43,9.38,94.96,100.45,94.07,101.00,-90.62,66,DoubleBottom|DoubleTop|DescendingScallop,166.00,HOLD,1.98,91.75,100.65,91.75,95.71,-0.07,0.73,-0.80,97.70,97.02,95.40,93.40,1.07,sideways,0.00,0.34,false
2026-09-09,VMC,249.89,1028582,30.63,1.17,253.81,287.10,249.52,288.40,-98.83,66,ThreeDescendingPeaks|DescendingScallop,216.00,SELL,7.36,260.93,227.81,260.93,246.21,-7.50,-5.13,-2.36,270.45,268.62,280.29,288.10,1.14,downtrend,0.00,0.08,false
2026-09-09,VRSN,286.94,743914,50.74,54.14,272.49,299.61,271.10,300.36,-45.86,66,DoubleTop|HeadAndShoulders,39.86,HOLD,8.13,274.74,311.34,274.74,291.01,2.69,-0.64,3.33,286.05,287.25,280.24,262.11,1.10,uptrend,0.00,0.43,false
2026-09-09,VRT,262.89,9735461,46.31,30.35,242.98,296.74,248.75,300.30,-69.65,66,DoubleBottom|DoubleTop|DescendingScallop,191.37,HOLD,15.30,239.93,308.80,239.93,270.54,-6.33,-3.11,-3.22,269.86,269.67,281.55,258.49,2.22,uptrend,0.00,0.08,false
2026-09-09,VRTX,521.12,931510,46.34,2.59,509.02,568.18,502.29,560.25,-97.41,66,DoubleTop,89.77,HOLD,13.59,500.73,561.90,500.73,527.92,15.41,23.14,-7.73,538.60,534.06,509.94,467.12,0.90,uptrend,0.00,0.35,false
2026-09-09,WAB,280.47,718719,40.61,20.09,276.65,306.23,274.83,304.36,-79.91,66,DoubleTop,140.22,HOLD,6.43,270.83,299.75,270.83,283.68,-4.21,-1.81,-2.40,291.44,288.07,283.97,255.08,0.88,uptrend,0.00,0.48,false
2026-09-09,WAT,404.81,755228,50.15,29.15,401.05,421.02,396.00,426.22,-70.85,66,DoubleBottom|DoubleTop|HeadAndShoulders,91.44,HOLD,12.05,386.73,440.97,386.73,410.84,1.93,6.95,-5.02,411.03,407.37,392.99,361.05,1.17,uptrend,0.00,0.63,true
2026-09-09,WDAY,186.05,2308014,49.62,8.84,180.89,210.34,173.17,227.49,-91.16,66,AscendingScallop,146.16,HOLD,9.83,171.31,215.53,171.31,190.96,5.06,11.25,-6.19,195.62,190.78,168.28,159.79,0.47,uptrend,0.00,0.57,true
2026-09-09,WELL,235.90,1800552,47.87,25.00,231.99,242.95,224.97,243.04,-75.00,66,DoubleTop|HeadAndShoulders|AscendingScallop,65.00,HOLD,4.87,228.59,250.52,228.59,238.34,2.22,1.66,0.56,237.47,237.63,237.47,211.30,0.68,uptrend,0.00,0.48,false
2026-09-09,WM,216.44,1798799,36.18,10.37,215.78,227.89,215.13,228.72,-89.63,66,DescendingScallop,175.00,HOLD,3.75,210.81,227.70,210.81,218.32,-2.94,-2.95,0.01,221.83,221.67,228.04,225.25,0.87,downtrend,0.00,0.08,false
2026-09-09,WSM,227.52,1230760,43.07,30.27,219.87,248.89,218.60,251.39,-69.73,66,DoubleTop|DescendingScallop,119.75,HOLD,7.54,216.21,250.13,216.21,231.29,-7.79,-4.41,-3.38,234.38,231.86,232.30,204.87,1.07,uptrend,0.00,0.49,false
2026-09-09,WST,336.94,470311,40.04,11.05,334.46,357.12,334.04,360.29,-88.95,66,ThreeDescendingPeaks|DescendingScallop,163.03,HOLD,7.23,326.09,358.64,326.09,340.56,-4.07,-0.39,-3.68,345.79,343.94,349.50,294.51,1.04,uptrend,0.00,0.63,true
2026-09-09,WY,22.59,5140333,30.76,3.45,22.45,25.25,22.50,25.00,-96.55,66,BearishFlag|DoubleTop|ThreeDescendingPeaks|DescendingScallop,216.00,SELL,0.52,23.37,21.03,23.37,22.33,-0.77,-0.53,-0.24,23.85,23.66,24.04,24.28,1.09,downtrend,0.00,0.08,false
2026-09-09,XOM,164.23,12905422,58.95,66.89,155.85,167.53,155.32,168.64,-33.11,66,DoubleBottom|DoubleTop|MeasuredMoveUp,294.01,HOLD,3.54,158.91,174.86,158.91,166.00,0.76,2.39,-1.63,161.69,160.54,154.01,145.18,0.95,uptrend,0.00,0.35,false
2026-09-09,XYL,107.64,6860756,37.35,20.15,103.53,121.93,105.48,124.00,-79.85,66,ThreeDescendingPeaks|DescendingScallop,283.29,SELL,2.87,111.95,99.02,111.95,106.20,-4.94,-4.12,-0.82,112.73,111.78,117.19,123.93,3.30,downtrend,0.00,0.08,false
2026-09-09,ZBRA,344.83,417771,49.24,9.76,341.46,380.80,341.97,386.23,-90.24,66,DescendingScallop,141.00,HOLD,11.83,327.08,380.33,327.08,350.75,-8.33,6.68,-15.01,361.13,351.74,318.64,258.42,0.72,uptrend,0.00,0.63,true
2026-09-09,A,144.75,1854000,43.12,5.00,144.26,159.32,143.75,163.75,-95.00,69,DoubleTop,141.00,HOLD,4.43,138.10,158.04,138.10,146.97,1.78,4.82,-3.04,151.79,149.63,142.78,131.61,0.80,uptrend,0.00,0.49,false
2026-09-09,AAPL,315.34,65371600,49.35,35.00,300.18,327.94,300.57,330.81,-65.00,69,AscendingScallop,221.41,HOLD,7.63,303.89,338.24,303.89,319.16,4.79,0.90,3.89,314.06,316.70,316.47,284.35,1.61,uptrend,0.00,0.50,false
2026-09-09,ABBV,250.91,3866400,44.49,20.56,245.87,269.36,245.52,266.97,-79.44,69,DoubleBottom|BearishFlag|DoubleTop|MeasuredMoveDown,147.28,HOLD,5.76,242.27,268.19,242.27,253.79,3.43,4.93,-1.50,257.62,256.23,254.32,228.50,0.90,uptrend,0.00,0.35,false
2026-09-09,ABT,105.23,6470800,40.04,3.58,105.15,117.88,104.78,117.34,-96.42,69,DoubleTop|InvertedCupWithHandle,191.00,HOLD,2.78,101.05,113.58,101.05,106.62,0.12,2.34,-2.23,111.51,109.41,104.85,106.08,0.84,sideways,0.00,0.08,false
2026-09-09,ACN,175.80,3981100,47.26,1.01,171.05,194.98,169.75,195.32,-98.99,69,,152.30,HOLD,6.93,165.41,196.58,165.41,179.26,4.99,6.62,-1.63,183.01,181.18,163.73,202.27,0.77,downtrend,0.00,0.08,false
2026-09-09,ADBE,254.86,4152900,43.00,1.51,249.40,296.38,251.20,294.53,-98.49,69,DoubleBottom,201.67,SELL,10.84,271.12,222.35,271.12,249.44,6.64,9.46,-2.82,272.89,269.94,250.91,267.28,0.95,downtrend,0.00,0.08,false
2026-09-09,ADI,365.07,2358700,45.34,46.20,350.03,391.05,348.00,396.95,-53.80,69,InvertedCupWithHandle|ThreeDescendingPeaks|DescendingScallop,106.72,HOLD,10.70,349.02,397.17,349.02,370.42,-8.92,-4.13,-4.78,370.54,367.93,376.36,349.63,0.65,uptrend,0.00,0.15,false
2026-09-09,ADM,86.55,5196600,64.58,95.28,77.15,86.46,75.86,87.08,-4.72,69,ThreeRisingValleys|AscendingScallop,492.63,HOLD,2.64,82.59,94.47,82.59,87.87,1.34,0.72,0.62,81.81,82.51,81.32,72.38,1.44,uptrend,0.83,0.77,true
2026-09-09,ADSK,206.62,2321700,31.06,0.44,214.10,277.65,206.33,271.72,-99.56,69,HeadAndShoulders,216.00,SELL,10.50,222.37,175.12,222.37,201.37,-3.10,3.97,-7.08,245.88,238.52,231.22,246.18,1.10,downtrend,0.00,0.08,false
2026-09-09,AKAM,110.75,4566500,48.62,83.24,97.99,125.11,100.77,127.04,-16.76,69,DescendingScallop,121.49,HOLD,5.05,103.18,125.89,103.18,113.27,-5.88,-4.22,-1.65,111.55,110.26,115.76,109.79,1.54,uptrend,0.00,0.08,false
2026-09-09,ALB,125.91,2588700,42.61,16.01,125.25,142.54,122.45,144.06,-83.99,69,DoubleTop|ThreeDescendingPeaks,198.97,HOLD,5.98,116.94,143.84,116.94,128.90,1.61,5.51,-3.90,133.89,131.83,127.82,156.62,1.17,downtrend,0.00,0.08,false
2026-09-09,ALGN,152.92,1107300,36.19,12.01,147.42,177.45,151.32,182.20,-87.99,69,DescendingScallop,216.00,SELL,5.64,161.38,136.01,161.38,150.10,-7.14,-6.35,-0.80,162.44,161.27,170.48,170.75,1.32,downtrend,0.00,0.08,false
2026-09-09,ALLE,151.73,838300,40.02,3.38,151.03,167.89,151.23,169.43,-96.62,69,ThreeDescendingPeaks|DescendingScallop,166.00,HOLD,3.95,145.80,163.59,145.80,153.71,-4.41,-2.43,-1.98,159.46,157.38,153.28,151.02,0.61,sideways,0.00,0.34,false
2026-09-09,AMAT,468.85,3936600,44.38,55.22,421.40,546.92,426.13,563.76,-44.78,69,ThreeDescendingPeaks|DescendingScallop,113.23,HOLD,22.43,435.20,536.14,435.20,480.07,-32.07,-21.93,-10.14,484.16,479.04,526.12,409.47,0.54,uptrend,0.00,0.37,false
2026-09-09,AMD,521.10,22104300,60.43,93.41,442.08,516.61,440.50,526.79,-6.59,69,DoubleTop|MeasuredMoveUp,406.15,BUY,23.22,486.27,590.76,486.27,532.71,-5.34,-5.49,0.15,479.35,481.96,498.59,343.86,1.22,uptrend,1.00,0.90,true
2026-09-09,ANET,192.93,3673900,52.30,46.90,181.05,207.83,181.27,211.45,-53.10,69,DoubleBottom|HeadAndShoulders|DescendingScallop,75.32,HOLD,7.95,181.01,216.77,181.01,196.90,-0.61,1.94,-2.56,194.44,191.88,184.26,152.64,0.66,uptrend,0.00,0.63,true
2026-09-09,AOS,57.83,1313700,37.92,1.73,57.81,64.50,57.72,64.09,-98.27,69,DoubleTop|ThreeDescendingPeaks|DescendingScallop,216.00,SELL,1.57,60.19,53.11,60.19,57.04,-1.29,-0.50,-0.79,61.15,60.59,61.19,65.15,1.06,downtrend,0.00,0.08,false
2026-09-09,APD,295.24,1006100,41.40,5.75,296.89,311.53,294.10,313.93,-94.25,69,DoubleBottom|DoubleTop|HeadAndShoulders,166.00,HOLD,6.17,285.98,313.76,285.98,298.33,0.76,2.41,-1.64,304.21,302.77,301.05,282.94,1.07,uptrend,0.00,0.22,false
2026-09-09,AVGO,364.38,25870100,43.19,64.36,337.51,408.58,342.33,426.50,-35.64,69,HeadAndShoulders|InvertedCupWithHandle|DescendingScallop,146.47,HOLD,12.88,345.06,403.02,345.06,370.82,-20.12,-19.13,-0.99,373.05,372.25,383.57,370.02,1.04,downtrend,0.00,0.08,false
2026-09-09,AVY,169.79,747600,41.64,15.54,169.34,186.26,166.85,185.77,-84.46,69,BearishFlag|DoubleTop|ThreeDescendingPeaks|DescendingScallop,200.31,SELL,4.95,177.21,154.94,177.21,167.32,-1.45,1.91,-3.36,177.80,175.07,170.31,173.10,0.70,downtrend,0.00,0.08,false
2026-09-09,AZO,2910.97,316600,40.67,17.86,2900.33,3083.28,2881.51,3160.00,-82.14,69,DoubleBottom|DescendingScallop|MeasuredMoveDown,214.36,SELL,71.21,3017.78,2697.35,3017.78,2875.37,-39.51,-31.88,-7.63,2991.81,2984.12,3027.94,3372.58,1.09,downtrend,0.00,0.08,false
2026-09-09,BBY,88.03,3490500,55.23,80.24,80.92,91.02,76.70,90.82,-19.76,69,DoubleTop,212.78,HOLD,3.35,83.00,98.09,83.00,89.71,0.62,0.33,0.29,85.97,86.03,84.46,71.61,0.85,uptrend,0.83,0.75,true
2026-09-09,BDX,179.80,1529000,47.72,19.67,178.56,193.58,176.55,193.07,-80.33,69,DoubleBottom|DoubleTop,113.59,HOLD,4.37,173.24,192.91,173.24,181.99,3.13,6.74,-3.61,186.07,183.17,170.96,160.09,0.94,uptrend,0.00,0.35,false
2026-09-09,BIIB,210.73,694600,46.00,10.30,206.61,226.16,201.00,225.80,-89.70,69,DoubleTop,98.30,HOLD,6.07,201.62,228.95,201.62,213.77,4.51,5.63,-1.12,216.38,215.51,209.34,191.48,1.00,uptrend,0.00,0.35,false
2026-09-09,BKNG,173.43,12076800,29.19,7.01,181.35,225.05,170.12,217.32,-92.99,69,DoubleTop,263.00,SELL,7.15,184.15,151.99,184.15,169.86,-5.94,0.61,-6.55,203.20,197.35,194.05,185.71,2.17,downtrend,0.00,0.08,false
2026-09-09,BLDR,61.39,2387500,35.15,1.73,60.72,75.16,61.19,75.50,-98.27,69,ThreeDescendingPeaks|DescendingScallop,216.00,SELL,3.04,65.95,52.26,65.95,59.87,-3.61,-2.17,-1.45,67.94,67.09,72.03,89.77,1.21,downtrend,0.00,0.08,false
2026-09-09,BSX,44.96,17973600,38.50,1.58,44.65,53.21,44.85,52.99,-98.42,69,DescendingScallop,216.00,SELL,1.85,47.73,39.42,47.73,44.04,-1.57,-0.14,-1.42,48.93,47.79,46.93,66.23,0.91,downtrend,0.00,0.08,false
2026-09-09,CAH,240.00,1029000,54.11,57.01,226.32,247.50,227.68,249.29,-42.99,69,ThreeRisingValleys|AscendingScallop,331.59,HOLD,5.26,232.10,255.79,232.10,242.63,2.49,0.91,1.58,236.91,238.24,234.35,216.09,0.66,uptrend,0.00,0.47,false
2026-09-09,CARR,57.95,4650400,35.93,31.49,56.26,63.61,56.44,64.73,-68.51,69,DescendingScallop,167.67,HOLD,1.61,55.53,62.78,55.53,58.76,-2.31,-2.10,-0.20,59.93,60.01,64.13,61.46,0.92,downtrend,0.00,0.08,false
2026-09-09,CDNS,284.60,2300400,28.72,4.46,284.03,351.42,281.65,347.72,-95.54,69,FallingWedge,255.00,SELL,12.10,302.74,248.31,302.74,278.55,-5.63,-4.77,-0.86,317.73,315.93,338.02,326.92,0.96,downtrend,0.00,0.08,false
2026-09-09,CDW,142.37,1801800,49.17,42.96,129.44,155.84,130.56,158.05,-57.04,69,ThreeRisingValleys|AscendingScallop,261.61,HOLD,6.65,132.40,162.31,132.40,145.69,4.20,0.79,3.40,142.64,144.32,140.23,131.80,1.07,uptrend,0.00,0.30,false
2026-09-09,CEG,293.90,2244400,61.65,68.53,263.91,297.83,264.82,305.80,-31.47,69,DoubleBottom|AscendingScallop,369.69,HOLD,9.81,279.20,323.32,279.20,298.81,6.32,4.48,1.84,280.87,282.08,267.81,295.84,0.89,downtrend,0.00,0.39,false
2026-09-09,CF,138.11,3217500,65.70,84.02,113.28,141.66,113.81,141.27,-15.98,69,ThreeRisingValleys|AscendingScallop,483.34,BUY,5.20,130.32,153.70,130.32,140.71,6.67,4.17,2.50,127.47,129.38,122.41,108.64,1.23,uptrend,0.83,0.83,true
2026-09-09,CHD,95.19,2469100,33.98,12.89,95.61,103.91,94.00,103.23,-87.11,69,FallingWedge|DoubleTop|HeadAndShoulders,157.80,HOLD,2.11,92.03,101.52,92.03,96.24,-0.64,-0.44,-0.21,99.76,99.31,99.16,95.05,1.44,uptrend,0.00,0.08,false
2026-09-09,CHRW,150.45,2174800,46.43,71.40,141.14,153.00,141.24,154.14,-28.60,69,DoubleBottom|AscendingScallop,356.89,HOLD,4.70,143.40,164.56,143.40,152.80,0.46,-2.58,3.04,147.07,150.16,166.92,172.71,1.71,downtrend,0.00,0.28,false
2026-09-09,CIEN,338.00,1812600,39.35,24.65,311.41,458.49,311.60,462.69,-75.35,69,IslandReversal|DescendingScallop,169.83,HOLD,25.34,299.99,414.02,299.99,350.67,-25.78,-7.67,-18.11,384.95,371.00,399.16,378.68,0.74,downtrend,0.00,0.08,false
2026-09-09,CL,88.03,4819200,37.60,13.90,87.98,93.32,87.30,93.88,-86.10,69,DoubleTop|DescendingScallop,162.90,HOLD,1.69,85.49,93.10,85.49,88.88,-0.97,-0.71,-0.26,90.65,90.34,91.67,87.81,1.18,uptrend,0.00,0.08,false
2026-09-09,CLX,89.62,2780200,25.31,2.37,89.45,113.36,89.14,109.42,-97.63,69,FallingWedge|ThreeDescendingPeaks|DescendingScallop,216.00,SELL,2.83,93.86,81.13,93.86,88.21,-4.35,-0.58,-3.77,101.41,98.60,99.59,103.08,0.97,downtrend,0.00,0.08,false
2026-09-09,CMI,554.76,1103900,32.57,18.45,522.79,647.42,542.70,649.95,-81.55,69,BearishFlag|ThreeDescendingPeaks|DescendingScallop,187.47,HOLD,16.82,529.52,605.23,529.52,563.17,-35.35,-30.02,-5.32,585.11,581.06,627.53,600.95,1.17,downtrend,0.00,0.08,false
2026-09-09,COHR,303.48,5025100,52.09,79.78,246.95,346.66,255.25,362.32,-20.22,69,DescendingScallop,105.90,HOLD,23.03,268.93,372.57,268.93,315.00,-22.41,-12.08,-10.32,296.80,292.80,303.79,278.06,0.74,uptrend,0.00,0.08,false
2026-09-09,COO,63.48,9467900,23.67,8.35,65.39,79.97,62.24,78.11,-91.65,69,ThreeDescendingPeaks|DescendingScallop,288.00,SELL,1.88,66.29,57.85,66.29,62.54,-2.88,-0.88,-2.00,72.68,71.07,72.42,73.32,4.59,downtrend,0.00,0.08,false
2026-09-09,COP,136.53,5549700,66.24,86.42,124.82,139.11,124.12,137.87,-13.58,69,DoubleTop|AscendingScallop,312.11,HOLD,3.04,131.96,145.66,131.96,138.05,4.53,5.72,-1.20,131.97,131.30,121.40,113.21,0.86,uptrend,0.83,0.62,true
2026-09-09,COR,323.32,1215500,51.85,41.03,307.02,337.63,302.01,338.71,-58.97,69,AscendingScallop,196.32,HOLD,7.36,312.28,345.40,312.28,327.00,5.41,3.46,1.95,322.32,323.76,313.71,321.55,0.96,uptrend,0.00,0.20,false
2026-09-09,CPRT,32.03,7688500,50.95,10.03,29.80,35.17,28.68,34.63,-89.97,69,DoubleTop|AscendingScallop|MeasuredMoveDown,116.67,HOLD,1.07,30.42,35.24,30.42,32.57,1.12,1.62,-0.50,32.49,32.24,30.20,34.36,0.78,downtrend,0.00,0.08,false
2026-09-09,CRH,89.35,3418700,35.61,0.79,89.77,99.23,89.28,101.41,-99.21,69,DescendingScallop,200.00,SELL,2.74,93.46,81.12,93.46,87.98,-1.98,-1.99,0.01,94.50,94.45,98.93,111.28,0.78,downtrend,0.00,0.08,false
2026-09-09,CRL,278.35,789200,51.16,11.83,275.71,301.36,275.00,303.31,-88.17,69,DoubleBottom|DoubleTop|HeadAndShoulders,135.81,HOLD,9.23,264.50,306.05,264.50,282.97,7.23,16.26,-9.03,288.53,282.24,256.98,201.33,0.92,uptrend,0.00,0.63,true
2026-09-09,CRM,244.16,11853700,63.57,65.22,171.23,280.43,189.91,268.27,-34.78,69,ThreeRisingValleys|AscendingScallop,356.41,HOLD,10.60,228.26,275.95,228.26,249.46,24.89,18.74,6.15,225.83,230.97,195.19,200.91,0.70,uptrend,0.83,0.69,true
2026-09-09,CRWD,207.80,5862000,50.58,50.46,182.37,235.83,181.24,233.88,-49.54,69,DoubleBottom|HeadAndShoulders,103.38,HOLD,11.61,190.39,242.62,190.39,213.60,-1.54,-0.75,-0.79,209.10,208.48,201.95,143.29,0.57,uptrend,0.00,0.63,true
2026-09-09,CSCO,109.43,10834200,41.78,34.21,105.00,117.66,107.60,124.45,-65.79,69,DoubleBottom|HeadAndShoulders|InvertedCupWithHandle|DescendingScallop,147.56,HOLD,2.62,105.51,117.28,105.51,110.74,-3.50,-3.61,0.10,111.33,111.35,114.03,95.07,0.57,uptrend,0.00,0.44,false
2026-09-09,CSGP,29.58,4448700,41.03,5.81,29.86,33.75,29.33,33.82,-94.19,69,DescendingScallop,216.00,SELL,1.35,31.60,25.54,31.60,28.91,0.12,0.82,-0.70,31.80,31.26,30.30,43.36,0.67,downtrend,0.00,0.08,false
2026-09-09,CSX,48.37,9038100,36.27,12.50,48.13,52.43,47.83,52.15,-87.50,69,DoubleTop,169.58,HOLD,0.99,46.89,51.33,46.89,48.86,-0.24,0.09,-0.33,50.28,49.95,50.17,43.31,0.98,uptrend,0.00,0.48,false
2026-09-09,CTAS,200.04,2301000,47.89,26.91,196.95,207.07,196.50,207.51,-73.09,69,DoubleBottom|DoubleTop,108.35,HOLD,3.73,194.45,211.22,194.45,201.90,0.15,-0.57,0.73,202.01,201.57,198.47,187.01,1.36,uptrend,0.00,0.34,false
2026-09-09,CTSH,58.20,6273500,46.54,1.63,56.48,66.12,56.55,65.42,-98.37,69,,166.63,HOLD,2.22,54.87,64.86,54.87,59.31,2.27,3.01,-0.74,61.30,60.49,53.24,62.65,1.01,downtrend,0.00,0.08,false
2026-09-09,CTVA,84.75,4213400,53.78,49.21,73.50,91.12,74.94,90.87,-50.79,69,ThreeRisingValleys|AscendingScallop,321.86,HOLD,2.42,81.13,92.00,81.13,85.96,4.24,1.92,2.32,82.31,83.99,83.45,77.58,0.91,uptrend,0.00,0.47,false
2026-09-09,DASH,197.24,4502300,36.17,8.42,199.81,242.60,193.42,238.83,-91.58,69,DoubleTop|HeadAndShoulders,166.00,HOLD,8.26,184.86,222.02,184.86,201.37,4.94,10.10,-5.16,221.20,216.47,204.23,188.40,1.12,uptrend,0.00,0.63,true
2026-09-09,DD,127.92,1223100,30.46,1.28,127.35,146.77,127.75,146.82,-98.72,69,DescendingScallop,191.00,HOLD,3.34,122.91,137.94,122.91,129.59,-4.61,-2.78,-1.83,137.06,135.39,138.03,136.81,1.02,downtrend,0.00,0.08,false
2026-09-09,DECK,80.23,4073000,29.96,0.92,80.94,95.28,80.11,94.37,-99.08,69,ThreeDescendingPeaks|DescendingScallop,200.00,SELL,2.82,84.46,71.77,84.46,78.82,-4.23,-4.28,0.05,88.11,88.10,96.33,102.53,1.47,downtrend,0.00,0.08,false
2026-09-09,DHI,138.93,2253700,39.68,11.38,138.65,153.40,137.31,154.40,-88.62,69,DoubleTop|ThreeDescendingPeaks|DescendingScallop,216.00,SELL,3.86,144.72,127.36,144.72,137.00,-2.27,-0.67,-1.59,146.03,144.91,148.25,149.84,1.21,downtrend,0.00,0.08,false
2026-09-09,DHR,204.85,2773100,46.96,15.49,198.69,221.10,199.49,220.67,-84.51,69,DoubleBottom|DoubleTop,133.64,HOLD,6.10,195.71,223.14,195.71,207.90,3.22,5.73,-2.52,209.90,208.33,202.05,202.64,0.89,uptrend,0.00,0.22,false
2026-09-09,DOV,191.42,1347500,36.14,19.61,187.24,211.71,187.72,210.00,-80.39,69,DoubleTop|DescendingScallop,197.28,HOLD,4.11,185.26,203.74,185.26,193.47,-5.77,-3.86,-1.91,199.48,198.22,206.04,210.14,1.21,downtrend,0.00,0.08,false
2026-09-09,DVN,48.98,9445600,61.59,79.21,45.00,50.44,43.65,49.72,-20.79,69,DoubleTop|AscendingScallop,286.78,HOLD,1.20,47.18,52.58,47.18,49.58,1.28,1.74,-0.45,47.72,47.56,45.08,43.64,0.94,uptrend,0.00,0.42,false
2026-09-09,DXCM,83.88,4177200,42.02,11.03,85.42,93.48,82.80,92.59,-88.97,69,FallingWedge|DoubleTop,138.08,HOLD,2.56,80.05,91.55,80.05,85.16,0.25,2.60,-2.35,89.45,87.54,81.79,71.14,1.04,uptrend,0.00,0.49,false
2026-09-09,EBAY,103.51,8005500,44.93,37.35,100.95,107.29,99.85,109.65,-62.65,69,DoubleBottom,183.02,HOLD,3.51,98.24,114.05,98.24,105.27,-0.53,-2.19,1.66,104.12,105.28,109.12,98.89,1.78,uptrend,0.00,0.22,false
2026-09-09,ECL,272.21,1051500,38.02,0.00,271.79,290.92,272.21,295.33,-100.00,69,DoubleBottom|DoubleTop|HeadAndShoulders,191.00,HOLD,5.69,263.68,289.27,263.68,275.05,0.59,1.39,-0.80,281.35,280.52,278.57,273.03,0.73,downtrend,0.00,0.08,false
2026-09-09,EFX,168.09,1678100,36.03,4.61,170.57,200.55,166.65,197.90,-95.39,69,DoubleTop|HeadAndShoulders,226.67,SELL,7.56,179.44,145.40,179.44,164.31,1.59,4.77,-3.18,185.56,182.72,178.63,187.43,1.48,downtrend,0.00,0.08,false
2026-09-09,EL,98.77,3279100,54.80,31.16,83.23,112.57,83.85,108.38,-68.84,69,HeadAndShoulders|AscendingScallop,127.42,HOLD,3.48,93.55,109.20,93.55,100.51,7.27,7.27,0.01,97.90,98.14,89.31,92.40,0.82,uptrend,0.00,0.34,false
2026-09-09,EMR,150.34,2038100,44.85,29.62,146.35,165.54,146.35,166.35,-70.38,69,InvertedCupWithHandle|DescendingScallop,112.81,HOLD,3.76,144.70,161.63,144.70,152.22,-3.67,-1.03,-2.64,155.94,153.48,149.75,142.95,0.96,uptrend,0.00,0.34,false
2026-09-09,EOG,147.01,2501900,53.76,38.96,140.49,152.73,140.48,153.67,-61.04,69,DoubleBottom|CupWithHandle|AscendingScallop,337.70,HOLD,3.46,141.82,157.38,141.82,148.74,1.43,2.53,-1.10,146.61,145.77,142.09,129.07,0.93,uptrend,0.00,0.35,false
2026-09-09,EQIX,1043.06,546500,47.37,41.48,1016.16,1107.50,1002.24,1109.22,-58.52,69,DoubleTop|InvertedCupWithHandle,101.13,HOLD,29.69,998.52,1132.14,998.52,1057.91,-9.65,5.40,-15.04,1061.83,1050.21,1043.84,963.81,1.05,uptrend,0.00,0.28,false
2026-09-09,EW,86.18,2736800,34.88,6.23,87.22,93.59,85.73,93.75,-93.77,69,DoubleTop,166.00,HOLD,2.05,83.11,92.33,83.11,87.20,-0.67,0.48,-1.15,90.40,89.55,89.46,84.96,1.00,uptrend,0.00,0.08,false
2026-09-09,EXPD,188.31,709300,58.19,50.31,184.32,191.18,177.61,192.28,-49.69,69,DoubleTop|HeadAndShoulders|AscendingScallop,112.13,HOLD,3.72,182.73,199.46,182.73,190.17,2.72,5.17,-2.45,187.75,186.20,179.33,159.19,0.95,uptrend,0.00,0.75,true
2026-09-09,EXPE,272.60,2693100,34.10,13.86,280.56,352.96,261.43,342.00,-86.14,69,DoubleTop,155.05,HOLD,13.04,253.04,311.72,253.04,279.12,-4.74,5.84,-10.58,316.76,306.13,295.11,259.03,1.70,uptrend,0.00,0.49,false
2026-09-09,FAST,48.79,5907400,44.84,25.33,48.08,52.63,47.65,52.82,-74.67,69,InvertedCupWithHandle|ThreeDescendingPeaks|DescendingScallop,106.86,HOLD,1.08,47.17,52.03,47.17,49.33,-0.82,0.12,-0.93,50.35,49.69,48.75,45.46,1.00,uptrend,0.00,0.28,false
2026-09-09,FCX,76.23,10207400,59.50,67.97,64.69,81.92,65.57,80.24,-32.03,69,DoubleTop|HeadAndShoulders|AscendingScallop,155.11,HOLD,3.02,71.70,85.30,71.70,77.74,3.68,4.13,-0.45,73.30,73.19,67.01,61.29,0.72,uptrend,0.00,0.75,true
2026-09-09,FFIV,404.63,663500,53.64,74.87,371.94,419.36,376.21,425.61,-25.13,69,DoubleBottom|HeadAndShoulders|InvertedCupWithHandle|DescendingScallop|MeasuredMoveUp,203.60,HOLD,12.89,385.29,443.31,385.29,411.08,-4.27,-6.59,2.32,395.65,396.52,404.44,328.92,1.44,uptrend,0.67,0.70,true
2026-09-09,FICO,983.19,793800,37.45,32.32,954.02,1239.29,885.00,1188.80,-67.68,69,DoubleTop,297.05,SELL,61.20,1075.00,799.58,1075.00,952.59,2.94,12.52,-9.57,1096.66,1083.23,1158.71,1296.86,2.24,downtrend,0.00,0.08,false
2026-09-09,FIX,1615.14,265800,46.74,53.22,1468.36,1823.71,1505.73,1883.70,-46.78,69,DescendingScallop,116.79,HOLD,77.17,1499.39,1846.64,1499.39,1653.72,-75.44,-50.38,-25.06,1646.03,1631.34,1700.14,1498.92,0.72,uptrend,0.00,0.34,false
2026-09-09,FLEX,112.68,2256700,47.11,74.93,99.95,127.95,102.25,131.63,-25.07,69,DescendingScallop,105.65,HOLD,5.59,104.29,129.46,104.29,115.48,-5.91,-4.24,-1.68,113.95,113.28,121.45,95.39,0.79,uptrend,0.00,0.63,true
2026-09-09,FSLR,203.10,3463700,42.24,19.46,194.95,228.31,197.81,244.00,-80.54,69,InvertedCupWithHandle|DescendingScallop,211.88,SELL,9.79,217.78,173.73,217.78,198.21,-13.08,-9.63,-3.45,211.63,211.03,217.94,230.16,1.75,downtrend,0.00,0.08,false
2026-09-09,FTNT,157.22,2822000,48.69,34.98,146.87,170.52,148.25,173.89,-65.02,69,DoubleBottom|HeadAndShoulders,95.68,HOLD,6.65,147.25,177.16,147.25,160.54,0.02,-0.75,0.77,158.70,158.83,158.94,110.83,0.68,uptrend,0.00,0.63,true
2026-09-09,GDDY,93.60,1612000,46.18,13.89,90.95,104.03,88.73,106.00,-86.11,69,,232.06,SELL,4.38,100.17,80.47,100.17,91.41,2.59,2.68,-0.09,97.49,96.97,93.78,95.86,0.89,downtrend,0.00,0.15,false
2026-09-09,GEHC,65.17,3573800,31.01,1.32,66.74,76.93,65.03,75.65,-98.68,69,DoubleTop|ThreeDescendingPeaks|DescendingScallop,216.00,SELL,1.77,67.83,59.85,67.83,64.28,-1.03,0.92,-1.95,71.83,70.22,68.31,72.68,1.36,downtrend,0.00,0.08,false
2026-09-09,GEV,951.04,1473300,46.76,68.79,863.65,1072.28,874.00,1099.66,-31.21,69,DescendingScallop,107.96,HOLD,40.94,889.62,1073.87,889.62,971.51,-42.10,-27.95,-14.15,967.96,958.82,1010.89,889.98,0.73,uptrend,0.00,0.34,false
2026-09-09,GILD,145.65,4582500,54.67,26.36,136.73,154.31,133.30,152.55,-73.64,69,AscendingScallop,212.69,HOLD,3.68,140.12,156.70,140.12,147.49,5.51,6.43,-0.93,145.52,145.08,137.37,134.55,0.87,uptrend,0.00,0.34,false
2026-09-09,GLW,168.46,8510700,59.07,91.14,137.55,172.37,139.25,176.94,-8.86,69,DoubleBottom,355.51,HOLD,8.92,155.07,195.23,155.07,172.92,-4.29,-1.21,-3.08,154.96,154.95,162.40,144.64,0.93,uptrend,0.00,0.35,false
2026-09-09,GNRC,186.48,570300,37.87,24.42,172.17,228.02,178.19,225.34,-75.58,69,ThreeDescendingPeaks|DescendingScallop,169.52,HOLD,8.56,173.65,212.15,173.65,190.76,-12.56,-5.74,-6.82,200.09,196.29,212.83,208.94,0.60,downtrend,0.00,0.08,false
2026-09-09,GOOGL,330.65,33081300,39.36,11.60,333.26,350.73,327.90,351.60,-88.40,69,DoubleTop|InvertedCupWithHandle,186.46,HOLD,8.17,318.39,355.17,318.39,334.74,-5.42,-4.43,-0.99,342.00,341.74,348.13,336.40,1.46,downtrend,0.00,0.20,false
2026-09-09,GPC,135.24,1073300,53.57,55.67,131.56,139.47,129.40,139.89,-44.33,69,DoubleTop|HeadAndShoulders,56.00,HOLD,3.35,130.22,145.28,130.22,136.91,1.58,2.16,-0.58,135.51,134.88,130.01,119.94,1.03,uptrend,0.00,0.83,true
2026-09-09,GRMN,272.18,603500,36.95,13.71,265.40,314.78,268.01,314.08,-86.29,69,ThreeDescendingPeaks|DescendingScallop,166.00,HOLD,6.74,262.07,292.40,262.07,275.55,-12.36,-5.91,-6.45,290.09,283.60,274.14,239.21,0.73,uptrend,0.00,0.23,false
2026-09-09,GWW,1278.83,225400,41.19,10.64,1282.40,1337.15,1271.79,1337.96,-89.36,69,DoubleBottom|DoubleTop|HeadAndShoulders,148.19,HOLD,28.07,1236.73,1363.03,1236.73,1292.86,2.53,-5.10,7.63,1309.77,1309.76,1336.66,1181.18,1.06,uptrend,0.00,0.34,false
2026-09-09,HAL,37.13,9378400,62.39,81.51,32.75,38.26,32.68,38.06,-18.49,69,DoubleBottom|AscendingScallop,403.48,HOLD,1.05,35.56,40.27,35.56,37.65,1.33,1.41,-0.08,35.50,35.73,34.20,34.90,0.88,uptrend,0.00,0.20,false
2026-09-09,HD,310.45,3611700,30.92,1.88,310.52,350.69,309.84,353.87,-98.12,69,ThreeDescendingPeaks|DescendingScallop,216.00,SELL,7.13,321.14,289.07,321.14,306.89,-10.67,-6.62,-4.05,330.60,327.70,337.61,343.67,0.94,downtrend,0.00,0.08,false
2026-09-09,HSY,172.19,1459300,36.58,11.95,170.22,192.66,169.71,190.46,-88.05,69,DoubleTop|ThreeDescendingPeaks|DescendingScallop,210.47,SELL,4.02,178.23,160.12,178.23,170.18,-2.60,0.64,-3.24,181.44,178.76,178.57,192.35,1.29,downtrend,0.00,0.08,false
2026-09-09,HUBB,454.97,442863,40.72,37.61,432.34,513.19,439.89,529.39,-62.39,69,ThreeDescendingPeaks|DescendingScallop,196.59,HOLD,12.99,435.48,493.95,435.48,461.47,-21.41,-15.63,-5.78,472.77,468.75,482.84,485.96,0.98,downtrend,0.00,0.08,false
2026-09-09,IBM,239.94,6397500,54.90,87.56,228.56,239.80,227.40,241.50,-12.44,69,DoubleBottom|DoubleTop,262.89,HOLD,6.78,229.76,260.29,229.76,243.33,-0.61,1.04,-1.65,234.18,234.39,239.80,261.79,1.33,downtrend,0.00,0.35,false
2026-09-09,IDXX,515.15,556500,34.63,7.68,519.76,575.92,511.16,584.15,-92.32,69,DescendingScallop,216.00,SELL,16.34,539.67,466.12,539.67,506.98,-15.27,-12.07,-3.20,547.84,545.28,557.10,605.48,1.09,downtrend,0.00,0.08,false
2026-09-09,IEX,225.10,577300,42.42,26.31,220.10,243.15,220.98,242.73,-73.69,69,BearishFlag|DescendingScallop,140.66,HOLD,4.86,217.81,239.68,217.81,227.53,-4.48,-1.57,-2.91,231.63,228.94,228.71,206.54,1.06,uptrend,0.00,0.42,false
2026-09-09,INCY,126.01,1301200,54.10,47.88,119.88,131.32,117.56,130.80,-52.12,69,DoubleTop|AscendingScallop,169.22,HOLD,3.52,120.73,136.56,120.73,127.77,2.29,2.74,-0.45,125.60,125.16,121.25,104.95,1.07,uptrend,0.00,0.83,true
2026-09-09,IR,73.58,3069600,31.53,4.18,72.56,85.41,73.23,85.57,-95.82,69,ThreeDescendingPeaks|DescendingScallop,216.00,SELL,2.11,76.75,67.24,76.75,72.52,-4.06,-3.61,-0.46,78.98,78.35,81.39,82.04,0.98,downtrend,0.00,0.08,false
2026-09-09,ISRG,353.24,2422000,37.42,11.11,348.76,405.54,347.52,405.34,-88.89,69,DescendingScallop,216.00,SELL,11.66,370.72,318.27,370.72,347.41,-10.43,-1.45,-8.98,377.15,371.08,378.87,461.77,1.10,downtrend,0.00,0.08,false
2026-09-09,IT,169.69,1295800,41.88,9.94,170.82,206.48,166.01,203.03,-90.06,69,DoubleTop|ThreeDescendingPeaks|DescendingScallop,191.00,HOLD,8.83,156.45,196.17,156.45,174.10,2.15,8.82,-6.67,188.65,184.33,165.40,177.04,1.06,downtrend,0.00,0.15,false
2026-09-09,ITW,263.99,1385300,29.99,2.02,263.46,296.26,263.53,295.10,-97.98,69,ThreeDescendingPeaks|DescendingScallop,191.00,HOLD,5.34,255.98,280.01,255.98,266.66,-8.27,-5.82,-2.45,279.86,276.98,280.18,267.15,1.36,downtrend,0.00,0.14,false
2026-09-09,JBHT,267.80,1006700,48.26,54.26,254.06,285.22,254.11,287.93,-45.74,69,DoubleBottom|DescendingScallop,98.53,HOLD,8.36,255.26,292.87,255.26,271.98,-4.93,-3.04,-1.89,269.64,268.80,275.81,238.51,1.22,uptrend,0.00,0.48,false
2026-09-09,JBL,311.37,834900,45.39,60.57,273.82,370.47,292.29,376.97,-39.43,69,DescendingScallop,130.49,HOLD,12.11,293.21,347.70,293.21,317.42,-20.10,-11.54,-8.56,322.14,315.80,324.95,293.95,0.90,uptrend,0.00,0.15,false
2026-09-09,JCI,144.92,2846300,50.96,77.60,135.36,154.52,137.54,156.84,-22.40,69,InvertedCupWithHandle|DescendingScallop,80.55,HOLD,3.48,139.70,155.36,139.70,146.66,-4.68,-3.47,-1.21,144.94,144.16,144.81,135.03,1.03,uptrend,0.00,0.20,false
2026-09-09,JNJ,267.08,6124600,50.33,18.85,259.08,278.91,255.26,281.07,-81.15,69,DoubleTop|AscendingScallop|MeasuredMoveDown,127.15,HOLD,5.56,258.74,283.75,258.74,269.86,4.46,5.09,-0.63,268.99,268.53,262.23,236.49,0.98,uptrend,0.00,0.35,false
2026-09-09,KLAC,182.91,9100800,45.60,66.58,163.66,209.95,167.05,214.80,-33.42,69,DescendingScallop,109.54,HOLD,9.12,169.22,210.28,169.22,187.47,-9.05,-5.81,-3.23,186.80,185.42,202.66,172.23,0.99,uptrend,0.00,0.23,false
2026-09-09,KMB,98.70,6960600,29.02,5.46,102.32,114.15,97.91,112.38,-94.54,69,DoubleTop,287.00,SELL,2.64,102.66,90.78,102.66,97.38,-1.00,-0.36,-0.64,108.23,107.31,109.37,103.22,2.16,downtrend,0.00,0.08,false
2026-09-09,KVUE,17.75,24488000,30.82,4.23,18.22,19.68,17.67,19.56,-95.77,69,DoubleTop,255.00,SELL,0.39,18.34,16.58,18.34,17.55,-0.12,-0.09,-0.03,18.95,18.87,19.14,17.97,1.22,downtrend,0.00,0.08,false
2026-09-09,LH,321.10,960200,47.95,10.89,317.11,341.89,315.33,341.80,-89.11,69,DoubleBottom|DoubleTop|HeadAndShoulders,107.57,HOLD,7.41,309.98,343.34,309.98,324.81,4.96,8.39,-3.42,329.50,326.09,308.43,276.20,1.58,uptrend,0.00,0.49,false
2026-09-09,LII,375.78,374900,31.54,9.25,366.67,428.78,371.65,438.20,-90.75,69,BearishFlag|DescendingScallop,200.00,SELL,12.91,395.15,337.04,395.15,369.32,-20.35,-22.15,1.80,397.73,401.61,465.48,497.41,0.81,downtrend,0.00,0.08,false
2026-09-09,LIN,466.65,2095700,31.65,10.54,468.79,495.65,463.37,494.50,-89.46,69,DoubleTop|HeadAndShoulders|MeasuredMoveDown,173.48,HOLD,8.42,454.02,491.92,454.02,470.86,-0.55,-2.15,1.60,482.22,483.55,499.60,481.01,1.06,downtrend,0.00,0.08,false
2026-09-09,LITE,988.98,4528200,60.06,84.41,807.40,993.72,784.47,1026.76,-15.59,69,AscendingScallop,363.61,BUY,68.97,885.53,1195.88,885.53,1023.46,18.19,38.29,-20.10,900.56,891.52,822.37,692.48,0.98,uptrend,0.83,0.75,true
2026-09-09,LLY,1124.21,2045000,37.00,6.39,1105.81,1279.49,1113.55,1292.65,-93.61,69,BearishFlag|ThreeDescendingPeaks|DescendingScallop,166.00,HOLD,34.36,1072.67,1227.29,1072.67,1141.39,-19.68,7.22,-26.90,1192.65,1174.55,1187.70,1064.17,0.83,uptrend,0.00,0.22,false
2026-09-09,LOW,198.60,2444700,35.27,6.30,195.70,224.76,197.14,225.79,-93.70,69,BearishFlag|ThreeDescendingPeaks|DescendingScallop,216.00,SELL,4.90,205.95,183.91,205.95,196.15,-6.89,-3.17,-3.72,210.23,207.71,212.48,235.99,0.78,downtrend,0.00,0.08,false
2026-09-09,LRCX,315.84,5580100,51.95,85.58,284.49,342.88,278.04,345.28,-14.42,69,DescendingScallop,113.53,HOLD,15.73,292.24,363.03,292.24,323.71,-6.61,1.19,-7.79,313.69,309.59,318.81,262.62,0.75,uptrend,0.00,0.62,true
2026-09-09,LULU,99.72,9558300,32.83,8.06,102.93,129.86,97.55,124.95,-91.94,69,DoubleTop|HeadAndShoulders,216.00,SELL,5.72,108.30,82.56,108.30,96.86,-3.76,-2.20,-1.56,116.39,114.84,117.82,152.13,1.39,downtrend,0.00,0.08,false
2026-09-09,MAA,127.48,1272900,36.89,12.77,126.60,134.43,126.52,135.73,-87.23,69,DescendingScallop,189.80,HOLD,2.10,124.33,133.77,124.33,128.53,-1.67,-1.42,-0.25,130.51,130.16,133.25,132.19,1.60,downtrend,0.00,0.08,false
2026-09-09,MAS,69.38,1863800,37.40,4.27,69.80,75.83,69.15,76.69,-95.73,69,ThreeDescendingPeaks|DescendingScallop,201.67,SELL,1.97,72.34,63.46,72.34,68.39,-1.67,-1.32,-0.35,72.81,72.67,75.69,69.71,1.06,downtrend,0.00,0.20,false
2026-09-09,MCHP,73.01,5104200,42.54,36.73,70.23,80.29,70.45,83.74,-63.27,69,InvertedCupWithHandle|DescendingScallop,164.76,HOLD,2.86,68.72,81.59,68.72,74.44,-2.89,-1.78,-1.11,75.26,75.03,79.25,77.60,0.64,downtrend,0.00,0.08,false
2026-09-09,MCK,891.68,972400,53.60,58.43,837.82,929.33,837.88,929.95,-41.57,69,,202.32,HOLD,22.91,857.32,960.40,857.32,903.13,18.04,9.79,8.25,883.57,886.75,852.64,843.56,1.07,uptrend,0.00,0.28,false
2026-09-09,MDLZ,62.42,8681200,50.87,38.39,60.76,64.77,60.47,65.55,-61.61,69,DoubleBottom,170.07,HOLD,1.36,60.39,66.49,60.39,63.10,-0.27,0.24,-0.52,62.77,62.32,61.59,59.16,1.22,uptrend,0.00,0.22,false
2026-09-09,MDT,91.89,7733700,55.21,35.65,89.63,94.25,88.50,95.41,-64.35,69,DoubleBottom|DoubleTop|HeadAndShoulders,82.60,HOLD,2.27,88.49,98.69,88.49,93.02,1.05,2.03,-0.98,91.94,91.25,87.18,89.64,0.96,uptrend,0.00,0.22,false
2026-09-09,MKC,51.48,2192800,39.61,7.86,51.50,56.94,51.02,56.87,-92.14,69,DoubleBottom|ThreeDescendingPeaks|DescendingScallop,216.00,SELL,1.40,53.59,47.27,53.59,50.78,-0.02,1.06,-1.09,54.22,53.43,52.86,56.97,0.91,downtrend,0.00,0.08,false
2026-09-09,MLM,502.99,922500,36.77,1.58,500.55,552.43,502.36,554.64,-98.42,69,DescendingScallop,216.00,SELL,13.53,523.28,462.40,523.28,496.23,-12.22,-10.70,-1.52,526.49,525.04,548.93,600.14,1.40,downtrend,0.00,0.08,false
2026-09-09,MMM,164.40,3288700,27.92,2.06,164.15,187.76,164.03,184.69,-97.94,69,ThreeDescendingPeaks|DescendingScallop,166.00,HOLD,3.41,159.29,174.63,159.29,166.10,-4.77,-2.11,-2.65,175.95,173.11,171.72,160.88,1.23,uptrend,0.00,0.34,false
2026-09-09,MNST,42.84,11854100,29.82,9.22,42.68,49.65,42.19,49.24,-90.78,69,FallingWedge|DoubleTop,176.67,HOLD,1.05,41.26,46.00,41.26,43.37,-0.51,-0.04,-0.47,46.17,45.63,47.17,41.85,1.21,uptrend,0.00,0.22,false
2026-09-09,MPWR,1203.75,508400,36.19,9.62,1161.65,1428.25,1189.49,1464.99,-90.38,69,InvertedCupWithHandle|DescendingScallop,191.00,HOLD,53.20,1123.95,1363.35,1123.95,1230.35,-59.66,-37.92,-21.75,1294.95,1275.58,1324.46,1253.95,0.86,downtrend,0.00,0.08,false
2026-09-09,MRK,147.53,8546000,56.86,15.94,132.64,160.88,128.91,156.92,-84.06,69,DoubleTop|ThreeDescendingPeaks|AscendingScallop,79.55,HOLD,3.85,141.75,159.09,141.75,149.46,7.82,9.21,-1.40,146.76,145.95,135.35,118.93,0.76,uptrend,0.00,0.75,true
2026-09-09,MRVL,235.01,20435500,55.54,63.71,200.98,252.13,200.62,254.60,-36.29,69,DoubleTop,132.47,HOLD,15.45,211.83,281.36,211.83,242.74,1.02,11.02,-10.00,226.56,222.63,218.98,153.27,0.83,uptrend,0.00,0.75,true
2026-09-09,MSFT,491.65,12875900,54.62,33.43,475.45,513.54,477.15,517.78,-66.57,69,,90.35,HOLD,11.17,474.90,525.16,474.90,497.23,4.16,9.04,-4.87,494.50,490.60,449.05,431.07,0.59,uptrend,0.00,0.44,false
2026-09-09,MTD,1290.36,193700,28.52,0.96,1317.71,1461.37,1288.84,1456.77,-99.04,69,DoubleTop|ThreeDescendingPeaks|DescendingScallop,191.00,HOLD,34.95,1237.93,1395.21,1237.93,1307.84,-25.99,-11.99,-14.00,1389.54,1371.81,1362.46,1318.55,1.11,downtrend,0.00,0.22,false
2026-09-09,MU,1027.77,23726900,60.61,90.55,892.64,1023.82,887.61,1042.40,-9.45,69,DoubleTop|ThreeRisingValleys|AscendingScallop,377.15,HOLD,53.75,947.15,1189.01,947.15,1054.64,18.46,33.02,-14.56,958.23,957.14,933.29,614.35,0.87,uptrend,0.83,0.82,true
2026-09-09,NDSN,313.94,306500,48.28,17.98,300.11,339.66,302.92,339.12,-82.02,69,DoubleTop,99.92,HOLD,6.66,303.95,333.93,303.95,317.27,5.49,9.02,-3.53,319.89,317.52,305.41,280.06,0.71,uptrend,0.00,0.48,false
2026-09-09,NEM,128.71,7578600,60.69,52.11,114.23,137.52,113.28,135.29,-47.89,69,DoubleTop|ThreeDescendingPeaks|AscendingScallop,93.95,HOLD,4.40,122.11,141.92,122.11,130.91,6.91,10.86,-3.96,125.87,123.77,108.45,108.91,0.93,uptrend,0.00,0.61,true
2026-09-09,NKE,37.35,41030700,35.58,11.14,37.15,41.70,36.85,41.47,-88.86,69,ThreeDescendingPeaks|DescendingScallop,213.67,SELL,1.09,38.98,34.09,38.98,36.81,-1.24,-1.14,-0.10,39.43,39.36,41.37,51.17,1.41,downtrend,0.00,0.08,false
2026-09-09,NOW,131.11,10641300,51.52,33.30,114.85,149.41,117.59,149.60,-66.70,69,ThreeRisingValleys|AscendingScallop,227.74,HOLD,6.73,121.02,151.29,121.02,134.47,7.17,7.17,-0.00,132.13,132.30,118.36,118.28,0.62,uptrend,0.00,0.30,false
2026-09-09,NSC,323.30,1054800,34.64,2.18,321.57,358.28,322.57,355.99,-97.82,69,DoubleTop,176.67,HOLD,6.42,313.67,342.55,313.67,326.51,-0.51,3.07,-3.58,339.93,336.58,335.60,309.38,0.92,uptrend,0.00,0.34,false
2026-09-09,NTAP,184.74,2037600,48.01,65.35,176.08,208.16,161.00,209.06,-34.65,69,ThreeDescendingPeaks|DescendingScallop,57.03,HOLD,8.37,172.18,209.86,172.18,188.93,-5.56,0.12,-5.68,192.12,187.54,180.03,131.42,0.81,uptrend,0.00,0.63,true
2026-09-09,NUE,257.91,1034000,52.25,63.09,237.15,276.24,238.62,274.74,-36.91,69,InvertedCupWithHandle|ThreeRisingValleys|DescendingScallop,184.49,HOLD,8.36,245.37,282.99,245.37,262.09,-6.27,-7.37,1.10,256.70,256.39,249.48,207.10,0.74,uptrend,0.00,0.75,true
2026-09-09,NVDA,223.67,82737000,54.32,59.69,208.66,232.94,207.25,234.76,-40.31,69,DoubleBottom,250.85,HOLD,7.15,212.95,245.11,212.95,227.24,0.43,2.41,-1.98,220.80,220.27,211.80,197.09,0.64,uptrend,0.00,0.42,false
2026-09-09,NXPI,223.32,3831700,40.30,43.00,219.00,234.12,217.30,242.49,-57.00,69,DoubleBottom|DescendingScallop,135.62,HOLD,7.23,212.48,245.00,212.48,226.93,-3.90,-5.69,1.79,226.56,228.84,248.11,244.04,1.24,downtrend,0.00,0.08,false
2026-09-09,ODFL,181.96,1706800,25.69,8.62,179.22,219.62,179.34,217.92,-91.38,69,ThreeDescendingPeaks|DescendingScallop,191.00,HOLD,6.70,171.91,202.07,171.91,185.31,-10.05,-7.84,-2.21,199.42,197.44,213.23,197.10,1.04,downtrend,0.00,0.08,false
2026-09-09,ON,70.98,6499400,36.65,7.15,67.37,83.63,70.54,85.55,-92.85,69,DoubleBottom|DescendingScallop,191.00,HOLD,3.27,66.07,80.80,66.07,72.62,-3.61,-3.41,-0.20,75.50,75.37,82.78,78.60,0.87,downtrend,0.00,0.08,false
2026-09-09,ORCL,161.63,27354400,62.39,70.72,137.09,162.30,137.43,170.70,-29.28,69,DoubleBottom|AscendingScallop,366.12,HOLD,6.97,151.17,182.55,151.17,165.12,2.12,3.13,-1.01,149.69,149.96,140.40,168.18,1.17,downtrend,0.00,0.28,false
2026-09-09,ORLY,86.08,6204600,39.06,18.65,85.48,92.91,84.84,93.84,-81.35,69,ThreeDescendingPeaks|DescendingScallop,205.30,SELL,1.99,89.07,80.10,89.07,85.08,-1.88,-1.17,-0.71,89.20,88.52,88.85,92.04,1.25,downtrend,0.00,0.08,false
2026-09-09,OTIS,69.30,4210800,37.61,20.89,69.39,73.57,68.41,74.39,-79.11,69,DescendingScallop,202.16,SELL,1.33,71.30,65.30,71.30,68.63,-0.77,-0.70,-0.07,71.48,71.33,72.21,79.81,1.24,downtrend,0.00,0.08,false
2026-09-09,PANW,335.10,4409600,44.29,20.79,316.84,401.05,321.39,398.88,-79.21,69,DescendingScallop,144.20,HOLD,17.71,308.54,388.23,308.54,343.95,-12.00,-1.55,-10.44,358.95,350.64,350.02,234.42,0.72,uptrend,0.00,0.63,true
2026-09-09,PEP,136.69,7371700,40.39,3.76,136.59,144.41,136.33,145.90,-96.24,69,DoubleBottom|MeasuredMoveDown,226.67,SELL,2.36,140.23,129.60,140.23,135.51,0.22,0.91,-0.69,140.50,139.81,139.55,148.68,1.08,downtrend,0.00,0.08,false
2026-09-09,PG,142.64,9270000,41.21,8.04,142.00,147.59,142.14,148.36,-91.96,69,DoubleBottom|DoubleTop|HeadAndShoulders,200.00,SELL,2.50,146.39,135.14,146.39,141.39,0.17,-0.40,0.57,144.80,145.32,146.54,147.54,1.03,downtrend,0.00,0.08,false
2026-09-09,PHM,118.93,1962000,35.57,7.99,120.07,133.78,117.79,133.32,-92.01,69,DoubleTop|ThreeDescendingPeaks|DescendingScallop,191.00,HOLD,3.41,113.81,129.17,113.81,120.64,-2.44,-1.44,-1.01,126.92,125.85,128.06,125.28,1.56,downtrend,0.00,0.08,false
2026-09-09,PKG,227.28,532100,33.75,0.00,225.08,263.05,227.28,259.98,-100.00,69,ThreeDescendingPeaks|DescendingScallop,166.00,HOLD,6.13,218.08,245.68,218.08,230.35,-8.86,-4.82,-4.03,244.06,240.22,241.90,223.54,1.05,uptrend,0.00,0.08,false
2026-09-09,PLD,135.66,3844400,36.35,6.31,136.18,144.34,135.11,143.82,-93.69,69,DoubleTop,175.00,HOLD,2.32,132.19,142.61,132.19,136.82,-0.28,-0.39,0.11,140.26,139.84,141.98,137.46,1.29,downtrend,0.00,0.14,false
2026-09-09,PNR,57.52,2267000,27.59,1.92,57.39,67.59,57.36,68.23,-98.08,69,FallingWedge|ThreeDescendingPeaks|DescendingScallop,216.00,SELL,1.87,60.33,51.90,60.33,56.58,-3.05,-2.27,-0.78,62.49,62.02,66.32,85.28,0.60,downtrend,0.00,0.08,false
2026-09-09,PODD,137.92,2058700,37.76,4.34,138.89,152.40,137.25,155.17,-95.66,69,DoubleBottom|DescendingScallop,200.00,SELL,6.10,147.06,119.63,147.06,134.87,-0.11,-2.83,2.73,145.65,146.63,153.61,208.20,1.23,downtrend,0.00,0.08,false
2026-09-09,PPG,107.16,1636400,36.29,0.44,108.75,116.45,107.12,117.04,-99.56,69,DoubleTop|HeadAndShoulders|InvertedCupWithHandle,191.00,HOLD,2.86,102.88,115.73,102.88,108.59,-1.89,-1.35,-0.54,112.60,112.34,115.24,111.51,1.26,downtrend,0.00,0.08,false
2026-09-09,PTC,128.89,2399600,32.97,1.00,134.72,164.16,128.58,159.46,-99.00,69,HeadAndShoulders,216.00,SELL,5.51,137.16,112.36,137.16,126.13,-0.05,4.56,-4.61,149.44,145.48,137.16,148.30,1.92,downtrend,0.00,0.08,false
2026-09-09,PWR,626.98,530200,46.46,38.92,572.42,711.17,593.70,724.80,-61.08,69,DoubleBottom|DescendingScallop,122.85,HOLD,24.21,590.66,699.61,590.66,639.09,-32.55,-17.91,-14.63,641.79,634.01,649.45,589.77,0.51,uptrend,0.00,0.20,false
2026-09-09,QCOM,176.40,14802000,61.16,73.99,155.92,174.68,156.23,183.49,-26.01,69,ThreeRisingValleys|AscendingScallop,441.42,HOLD,6.69,166.36,196.48,166.36,179.75,2.63,1.84,0.79,165.30,167.36,168.76,167.92,1.43,uptrend,0.00,0.43,false
2026-09-09,RDDT,146.44,4809100,42.35,13.24,140.80,169.40,143.47,184.28,-86.76,69,DoubleBottom|HeadAndShoulders|DescendingScallop,200.00,SELL,8.75,159.56,120.19,159.56,142.07,-2.71,-2.96,0.25,155.10,155.04,169.10,174.16,0.67,downtrend,0.00,0.20,false
2026-09-09,REGN,807.65,621400,53.66,35.60,785.82,850.98,779.08,859.34,-64.40,69,DoubleBottom|DoubleTop,86.96,HOLD,20.48,776.93,869.09,776.93,817.89,10.29,25.44,-15.15,818.40,807.97,744.93,733.12,0.98,uptrend,0.00,0.49,false
2026-09-09,RL,335.61,621500,31.80,0.89,326.83,398.91,335.21,403.54,-99.11,69,ThreeDescendingPeaks|DescendingScallop,191.00,HOLD,11.17,318.86,369.11,318.86,341.19,-19.35,-13.43,-5.92,362.87,358.40,376.43,366.34,1.01,downtrend,0.00,0.08,false
2026-09-09,RMD,219.95,1146200,44.06,11.61,217.15,241.83,217.00,242.40,-88.39,69,DoubleBottom|DoubleTop|HeadAndShoulders,186.43,HOLD,6.55,210.12,239.60,210.12,223.23,4.23,6.92,-2.69,229.49,226.96,216.13,228.14,0.84,downtrend,0.00,0.08,false
2026-09-09,ROK,426.08,600900,41.97,43.88,416.54,450.03,415.64,454.69,-56.12,69,DescendingScallop,104.55,HOLD,10.22,410.75,456.74,410.75,431.19,-7.34,-10.85,3.51,433.28,433.82,451.73,421.12,0.93,uptrend,0.00,0.34,false
2026-09-09,ROL,34.54,4328700,28.58,5.62,34.94,37.31,34.35,37.73,-94.38,69,DoubleTop|MeasuredMoveDown,200.00,SELL,0.90,35.90,31.83,35.90,34.09,-0.44,-0.58,0.14,36.13,36.36,39.19,52.03,0.98,downtrend,0.00,0.08,false
2026-09-09,ROP,390.35,658300,42.46,5.17,385.47,431.63,387.82,429.60,-94.83,69,DoubleBottom,165.00,HOLD,10.99,373.86,423.33,373.86,395.85,7.60,9.13,-1.54,408.55,405.94,386.33,375.59,1.00,uptrend,0.00,0.23,false
2026-09-09,ROST,225.27,1822100,36.00,3.98,221.87,247.72,224.50,251.97,-96.02,69,DoubleBottom|DescendingScallop,150.00,HOLD,5.45,217.10,241.61,217.10,227.99,-7.18,-7.86,0.68,234.80,233.93,235.16,213.29,0.65,uptrend,0.00,0.08,false
2026-09-09,RSG,222.47,1744500,56.09,54.07,213.92,226.47,212.22,225.74,-45.93,69,DoubleTop|AscendingScallop,217.37,HOLD,3.82,216.75,233.92,216.75,224.38,4.02,4.02,-0.01,220.19,220.43,217.81,215.07,1.18,uptrend,0.00,0.48,false
2026-09-09,RVTY,123.85,1882200,52.58,42.96,113.57,134.55,113.69,133.00,-57.04,69,AscendingScallop,198.63,HOLD,3.92,117.97,135.62,117.97,125.81,5.70,5.39,0.31,124.06,124.31,116.93,102.69,1.19,uptrend,0.00,0.63,true
2026-09-09,SHW,320.64,1259200,33.30,2.87,321.19,365.99,319.61,367.45,-97.13,69,DescendingScallop,191.00,HOLD,7.76,308.99,343.93,308.99,324.52,-11.20,-6.31,-4.89,343.59,339.19,342.17,334.13,0.82,downtrend,0.00,0.08,false
2026-09-09,SLB,57.05,18218900,60.11,59.79,50.79,59.62,51.60,60.46,-40.21,69,DoubleBottom,301.91,HOLD,1.88,54.22,62.70,54.22,57.99,2.10,1.98,0.11,55.21,55.38,51.20,49.27,1.49,uptrend,0.00,0.43,false
2026-09-09,SMCI,38.93,31152700,59.10,65.05,35.35,40.33,33.94,42.31,-34.95,69,DoubleTop|AscendingScallop,204.69,HOLD,2.27,35.53,45.74,35.53,40.06,1.60,2.81,-1.21,37.84,36.90,32.11,31.42,0.61,uptrend,0.00,0.35,false
2026-09-09,SNDK,1764.17,9542000,62.24,88.94,1361.52,1797.39,1308.53,1827.99,-11.06,69,DoubleTop|ThreeRisingValleys|AscendingScallop,375.59,HOLD,122.55,1580.35,2131.81,1580.35,1825.44,61.43,110.33,-48.89,1579.45,1574.21,1537.47,1019.02,0.72,uptrend,0.83,0.75,true
2026-09-09,SNPS,393.22,1380600,42.57,15.23,376.01,448.67,380.33,464.98,-84.77,69,HeadAndShoulders,201.19,SELL,16.42,417.85,343.95,417.85,385.01,4.16,7.38,-3.21,412.34,410.16,410.28,447.27,0.76,downtrend,0.00,0.08,false
2026-09-09,STE,215.09,499100,30.25,6.65,219.40,244.01,213.29,240.34,-93.35,69,DoubleTop|DescendingScallop,216.00,SELL,5.70,223.65,197.98,223.65,212.24,-2.92,0.16,-3.09,231.70,228.60,225.42,232.49,0.85,downtrend,0.00,0.08,false
2026-09-09,STLD,240.69,808400,48.45,66.95,217.51,264.12,218.02,264.88,-33.05,69,ThreeRisingValleys|DescendingScallop|MeasuredMoveUp,224.72,HOLD,8.67,227.69,266.69,227.69,245.02,-8.78,-11.61,2.84,240.82,241.49,241.99,211.17,0.68,uptrend,0.50,0.61,true
2026-09-09,STX,885.92,3517800,54.53,75.59,755.03,968.54,763.52,1013.99,-24.41,69,DoubleBottom|MeasuredMoveUp,336.87,BUY,55.35,802.90,1051.96,802.90,913.59,-18.12,-2.46,-15.66,861.78,850.32,851.96,599.81,0.95,uptrend,0.67,0.75,true
2026-09-09,SWKS,76.54,4745600,71.87,99.12,63.08,75.29,63.06,76.66,-0.88,69,ThreeRisingValleys|AscendingScallop,480.50,BUY,3.03,72.00,85.62,72.00,78.05,0.73,0.74,-0.01,69.18,69.65,65.20,64.02,0.85,uptrend,0.83,0.70,true
2026-09-09,SYK,275.39,5500600,24.46,6.35,284.69,359.80,270.85,347.46,-93.65,69,FallingWedge|ThreeDescendingPeaks|DescendingScallop,288.00,SELL,10.92,291.77,242.63,291.77,269.93,-13.37,-7.78,-5.60,322.24,315.44,326.68,337.59,2.07,downtrend,0.00,0.08,false
2026-09-09,TECH,72.25,1987200,59.75,25.00,72.15,72.51,72.06,72.62,-75.00,69,DoubleBottom|DoubleTop,94.67,HOLD,0.28,71.83,73.09,71.83,72.39,0.07,0.12,-0.05,72.33,72.19,71.90,61.15,0.87,uptrend,0.00,0.70,true
2026-09-09,TEL,204.68,1734900,47.52,41.41,196.56,216.72,199.28,220.95,-58.59,69,DoubleBottom|DescendingScallop,173.73,HOLD,5.86,195.89,222.27,195.89,207.61,-4.12,-4.00,-0.12,206.64,206.37,205.85,215.95,0.87,downtrend,0.00,0.08,false
2026-09-09,TER,383.69,2285200,54.53,96.26,320.58,431.19,326.00,444.17,-3.74,69,DescendingScallop,134.76,HOLD,22.20,350.38,450.30,350.38,394.79,-19.36,-6.07,-13.29,375.89,366.92,369.04,318.41,0.96,uptrend,0.00,0.49,false
2026-09-09,TGT,157.52,3393400,50.43,18.58,150.71,170.62,146.21,170.75,-81.42,69,AscendingScallop,147.24,HOLD,4.42,150.88,170.79,150.88,159.73,5.51,6.75,-1.24,160.67,159.48,147.95,123.23,0.72,uptrend,0.00,0.63,true
2026-09-09,TJX,126.12,8368000,17.04,1.86,122.69,156.32,125.81,155.31,-98.14,69,ThreeDescendingPeaks|DescendingScallop,216.00,SELL,2.94,130.54,117.29,130.54,124.65,-10.38,-9.52,-0.86,139.51,138.27,149.02,154.53,1.04,downtrend,0.00,0.08,false
2026-09-09,TMO,605.69,1962400,52.86,19.28,582.22,642.05,580.00,647.00,-80.72,69,BearishFlag|DoubleTop|ThreeDescendingPeaks,75.82,HOLD,15.84,581.92,653.22,581.92,613.61,11.24,16.93,-5.69,612.13,606.83,574.52,536.37,1.18,uptrend,0.00,0.63,true
2026-09-09,TPL,374.06,310200,50.16,41.89,348.02,386.68,335.10,396.78,-58.11,69,DoubleTop|AscendingScallop,98.02,HOLD,15.37,351.00,420.18,351.00,381.75,3.74,-1.46,5.20,367.35,371.86,386.72,392.33,0.88,downtrend,0.00,0.20,false
2026-09-09,TPR,113.71,5460500,25.09,0.72,111.94,143.07,113.57,160.93,-99.28,69,ThreeDescendingPeaks|DescendingScallop,175.00,HOLD,4.43,107.06,127.00,107.06,115.93,-11.36,-12.47,1.11,127.50,128.07,139.54,138.47,1.36,downtrend,0.00,0.08,false
2026-09-09,TRMB,57.40,2204000,45.94,3.36,55.90,62.04,54.71,62.00,-96.64,69,DoubleTop|HeadAndShoulders,192.27,HOLD,1.89,54.56,63.07,54.56,58.35,0.74,0.91,-0.17,58.97,58.81,56.35,64.63,0.54,downtrend,0.00,0.08,false
2026-09-09,TSCO,34.00,15350700,47.45,24.37,33.96,36.28,33.32,36.89,-75.63,69,DescendingScallop,165.37,HOLD,1.11,32.33,37.33,32.33,34.56,0.02,0.72,-0.70,35.12,34.58,32.89,41.69,1.66,downtrend,0.00,0.08,false
2026-09-09,TSLA,367.81,32494900,55.57,64.00,328.10,376.01,323.64,384.04,-36.00,69,ThreeRisingValleys|AscendingScallop,326.55,HOLD,14.90,345.47,412.50,345.47,375.26,11.78,14.31,-2.53,352.05,354.76,356.84,399.21,0.82,downtrend,0.00,0.20,false
2026-09-09,TT,444.17,900200,40.20,32.22,430.40,481.28,434.00,493.71,-67.78,69,BearishFlag|InvertedCupWithHandle|DescendingScallop,171.08,HOLD,10.16,428.93,474.66,428.93,449.25,-12.85,-9.45,-3.41,455.84,453.53,467.06,444.77,0.99,downtrend,0.00,0.14,false
2026-09-09,TTD,13.88,16383700,42.35,39.74,12.68,14.83,12.97,15.26,-60.26,69,DoubleBottom,130.22,HOLD,0.76,12.74,16.16,12.74,14.26,-0.47,-1.33,0.87,13.75,14.34,16.40,24.77,0.86,downtrend,0.00,0.20,false
2026-09-09,TXN,261.59,4253000,44.68,60.17,247.88,281.11,248.13,289.62,-39.83,69,ThreeDescendingPeaks|DescendingScallop,110.85,HOLD,8.41,248.97,286.83,248.97,265.80,-9.38,-7.86,-1.52,264.50,264.20,279.02,240.41,0.78,uptrend,0.00,0.30,false
2026-09-09,TYL,342.68,705300,48.14,10.81,313.87,389.86,311.07,393.53,-89.19,69,AscendingScallop,110.19,HOLD,14.29,321.24,385.56,321.24,349.83,20.65,20.38,0.27,351.87,351.66,327.37,356.37,0.72,downtrend,0.00,0.08,false
2026-09-09,UBER,71.08,21794900,38.91,0.70,72.10,80.84,71.00,82.36,-99.30,69,HeadAndShoulders,216.00,SELL,2.55,74.90,63.44,74.90,69.81,0.60,2.14,-1.55,76.47,75.43,73.94,76.14,1.40,downtrend,0.00,0.08,false
2026-09-09,ULTA,541.86,489500,53.85,59.35,498.23,567.40,493.11,568.44,-40.65,69,DoubleBottom,229.49,HOLD,18.32,514.39,596.81,514.39,551.02,7.72,2.72,5.01,532.82,536.83,508.54,556.73,0.68,downtrend,0.00,0.20,false
2026-09-09,UNP,284.74,1908700,34.92,1.61,282.41,315.17,284.26,314.15,-98.39,69,DoubleTop,176.67,HOLD,5.95,275.81,302.60,275.81,287.72,0.44,3.94,-3.51,298.79,295.61,294.22,260.93,0.82,uptrend,0.00,0.48,false
2026-09-09,UPS,99.22,3453800,33.75,1.50,99.84,106.69,99.10,107.11,-98.50,69,DoubleTop|HeadAndShoulders,175.00,HOLD,2.08,96.10,105.46,96.10,100.26,-0.48,-0.93,0.45,103.26,103.49,107.40,104.96,0.85,downtrend,0.00,0.14,false
2026-09-09,URI,1028.77,502200,43.12,40.33,955.73,1175.62,967.58,1176.44,-59.67,69,ThreeDescendingPeaks|DescendingScallop,116.19,HOLD,31.29,981.84,1122.63,981.84,1044.41,-59.38,-36.28,-23.09,1065.67,1049.66,1083.66,929.63,1.18,uptrend,0.00,0.55,true
2026-09-09,VLTO,94.72,1587700,41.43,9.38,94.96,100.45,94.07,101.00,-90.62,69,DoubleBottom|DoubleTop|DescendingScallop,166.00,HOLD,1.98,91.75,100.65,91.75,95.71,-0.07,0.73,-0.80,97.70,97.02,95.40,93.40,1.07,sideways,0.00,0.34,false
2026-09-09,VMC,249.89,1028600,30.63,1.17,253.81,287.10,249.52,288.40,-98.83,69,ThreeDescendingPeaks|DescendingScallop,216.00,SELL,7.36,260.93,227.81,260.93,246.21,-7.50,-5.13,-2.36,270.45,268.62,280.29,288.10,1.14,downtrend,0.00,0.08,false
2026-09-09,VRSN,286.94,743900,50.74,54.14,272.49,299.61,271.10,300.36,-45.86,69,DoubleTop|HeadAndShoulders,39.86,HOLD,8.13,274.74,311.34,274.74,291.01,2.69,-0.64,3.33,286.05,287.25,280.24,262.11,1.10,uptrend,0.00,0.43,false
2026-09-09,VRT,262.89,9770400,46.31,30.35,242.98,296.74,248.75,300.30,-69.65,69,DoubleBottom|DoubleTop|DescendingScallop,191.37,HOLD,15.30,239.93,308.80,239.93,270.54,-6.33,-3.11,-3.22,269.86,269.67,281.55,258.49,2.22,uptrend,0.00,0.08,false
2026-09-09,VRTX,521.12,958300,46.34,2.59,509.02,568.18,502.29,560.25,-97.41,69,DoubleTop,89.77,HOLD,13.59,500.73,561.90,500.73,527.92,15.41,23.14,-7.73,538.60,534.06,509.94,467.12,0.93,uptrend,0.00,0.35,false
2026-09-09,WAB,280.47,721800,40.61,20.09,276.65,306.23,274.83,304.36,-79.91,69,DoubleTop,140.22,HOLD,6.43,270.83,299.75,270.83,283.68,-4.21,-1.81,-2.40,291.44,288.07,283.97,255.08,0.88,uptrend,0.00,0.48,false
2026-09-09,WAT,404.81,755200,50.15,29.15,401.05,421.02,396.00,426.22,-70.85,69,DoubleBottom|DoubleTop|HeadAndShoulders,91.44,HOLD,12.13,386.62,441.20,386.62,410.87,1.93,6.95,-5.02,411.03,407.37,392.99,361.05,1.17,uptrend,0.00,0.63,true
2026-09-09,WDAY,186.05,2325200,49.62,8.87,180.89,210.34,173.17,227.49,-91.13,69,AscendingScallop,146.16,HOLD,9.83,171.31,215.53,171.31,190.96,5.06,11.25,-6.19,195.62,190.78,168.28,159.79,0.48,uptrend,0.00,0.57,true
2026-09-09,WELL,235.90,1873500,47.87,25.00,231.99,242.95,224.97,243.04,-75.00,69,DoubleTop|HeadAndShoulders|AscendingScallop,65.00,HOLD,4.88,228.58,250.53,228.58,238.34,2.22,1.66,0.56,237.47,237.63,237.47,211.30,0.71,uptrend,0.00,0.48,false
2026-09-09,WM,216.44,1802200,36.18,10.37,215.78,227.89,215.13,228.72,-89.63,69,DescendingScallop,175.00,HOLD,3.75,210.81,227.70,210.81,218.32,-2.94,-2.95,0.01,221.83,221.67,228.04,225.25,0.87,downtrend,0.00,0.08,false
2026-09-09,WSM,227.52,1264300,43.07,30.27,219.87,248.89,218.60,251.39,-69.73,69,DoubleTop|DescendingScallop,119.75,HOLD,7.57,216.16,250.24,216.16,231.31,-7.79,-4.41,-3.38,234.38,231.86,232.30,204.87,1.09,uptrend,0.00,0.49,false
2026-09-09,WST,336.94,473200,40.04,11.05,334.46,357.12,334.04,360.29,-88.95,69,ThreeDescendingPeaks|DescendingScallop,163.03,HOLD,7.24,326.08,358.66,326.08,340.56,-4.07,-0.39,-3.68,345.79,343.94,349.50,294.51,1.05,uptrend,0.00,0.63,true
2026-09-09,WY,22.59,5261700,30.76,3.25,22.45,25.25,22.51,25.00,-96.75,69,BearishFlag|DoubleTop|ThreeDescendingPeaks|DescendingScallop,216.00,SELL,0.52,23.37,21.03,23.37,22.33,-0.77,-0.53,-0.24,23.85,23.66,24.04,24.28,1.11,downtrend,0.00,0.08,false
2026-09-09,XOM,164.23,13124000,58.95,66.89,155.85,167.53,155.32,168.64,-33.11,69,DoubleBottom|DoubleTop|MeasuredMoveUp,294.01,HOLD,3.54,158.91,174.86,158.91,166.00,0.76,2.39,-1.63,161.69,160.54,154.01,145.18,0.96,uptrend,0.00,0.35,false
2026-09-09,XYL,107.64,6867000,37.35,20.15,103.53,121.93,105.48,124.00,-79.85,69,ThreeDescendingPeaks|DescendingScallop,283.29,SELL,2.87,111.95,99.02,111.95,106.20,-4.94,-4.12,-0.82,112.73,111.78,117.19,123.93,3.30,downtrend,0.00,0.08,false
2026-09-09,ZBRA,344.83,419800,49.24,9.76,341.46,380.80,341.97,386.23,-90.24,69,DescendingScallop,141.00,HOLD,11.83,327.08,380.33,327.08,350.75,-8.33,6.68,-15.01,361.13,351.74,318.64,258.42,0.72,uptrend,0.00,0.63,true
2026-09-10,A,143.12,1520258,40.64,8.31,143.23,159.84,141.25,163.75,-91.69,69,DoubleTop,141.00,HOLD,4.36,136.57,156.21,136.57,145.30,0.77,4.22,-3.45,151.53,149.01,142.99,131.60,0.65,uptrend,0.00,0.49,false
2026-09-10,AAPL,326.57,69820744,58.94,82.18,301.49,329.06,302.05,330.81,-17.82,69,CupWithHandle|AscendingScallop,499.52,HOLD,7.90,314.72,350.26,314.72,330.52,5.48,2.11,3.37,315.28,317.64,317.22,284.65,1.66,uptrend,0.83,0.79,true
2026-09-10,ABBV,255.00,4393091,49.53,40.86,246.83,269.03,246.77,266.97,-59.14,69,DoubleBottom|DoubleTop|MeasuredMoveDown,82.40,HOLD,5.75,246.38,272.24,246.38,257.87,2.21,4.80,-2.59,257.93,256.11,254.39,228.63,1.01,uptrend,0.00,0.35,false
2026-09-10,ABT,103.36,7750954,36.19,1.27,103.85,118.43,103.18,117.34,-98.73,69,FallingWedge|ThreeDescendingPeaks|DescendingScallop,216.00,SELL,2.73,107.46,95.17,107.46,101.99,-0.91,1.82,-2.73,111.14,108.84,105.10,105.98,0.99,downtrend,0.00,0.08,false
2026-09-10,ACN,177.91,3881883,49.46,12.21,170.79,195.01,169.75,195.32,-87.79,69,,136.75,HOLD,6.71,167.84,198.04,167.84,181.27,3.98,6.15,-2.17,182.90,180.87,164.80,201.95,0.76,downtrend,0.00,0.08,false
2026-09-10,ADBE,248.83,9883241,40.15,3.44,247.36,297.42,247.20,294.53,-96.56,69,DoubleBottom,292.00,SELL,10.62,264.76,216.97,264.76,243.52,4.68,8.84,-4.16,272.39,267.93,251.78,266.96,2.13,downtrend,0.00,0.08,false
2026-09-10,ADI,361.25,2963682,42.49,43.24,349.53,389.23,348.00,396.95,-56.76,69,BearishFlag|InvertedCupWithHandle|ThreeDescendingPeaks|DescendingScallop,119.98,HOLD,10.57,345.39,392.97,345.39,366.54,-9.01,-5.35,-3.66,369.38,367.30,375.64,350.31,0.82,uptrend,0.00,0.15,false
2026-09-10,ADM,86.91,3665719,65.39,85.73,77.12,87.22,75.86,88.75,-14.27,69,ThreeRisingValleys|AscendingScallop,478.01,BUY,2.62,82.98,94.78,82.98,88.22,1.80,0.94,0.86,82.17,82.93,81.53,72.53,1.03,uptrend,0.83,0.69,true
2026-09-10,ADSK,211.61,2241011,34.92,8.07,208.95,279.02,206.33,271.72,-91.93,69,HeadAndShoulders,216.00,SELL,10.28,227.03,180.76,227.03,206.47,-5.69,2.33,-8.02,243.98,235.96,231.56,245.80,1.04,downtrend,0.00,0.08,false
2026-09-10,AKAM,107.13,2914163,43.99,53.04,98.11,123.42,100.77,127.04,-46.96,69,DescendingScallop,150.74,HOLD,5.01,99.61,122.16,99.61,109.64,-5.13,-4.72,-0.41,110.77,109.96,115.53,109.89,1.00,downtrend,0.00,0.08,false
2026-09-10,ALB,122.11,2003556,38.90,0.27,123.79,143.38,122.05,144.06,-99.73,69,DoubleTop|ThreeDescendingPeaks|DescendingScallop,216.00,SELL,5.83,130.85,104.63,130.85,119.20,-0.06,4.64,-4.70,133.58,130.91,127.56,156.65,0.90,downtrend,0.00,0.08,false
2026-09-10,ALGN,150.72,835480,34.17,14.98,146.42,176.13,148.57,182.20,-85.02,69,DescendingScallop,216.00,SELL,5.55,159.04,134.08,159.04,147.95,-7.02,-6.74,-0.28,161.27,160.27,170.12,170.84,0.98,downtrend,0.00,0.08,false
2026-09-10,ALLE,151.27,811691,39.33,3.78,150.15,167.28,150.69,167.44,-96.22,69,BearishFlag|InvertedCupWithHandle|ThreeDescendingPeaks|DescendingScallop,166.00,HOLD,3.79,145.58,162.65,145.58,153.17,-4.82,-2.99,-1.82,158.71,156.80,153.50,150.98,0.59,sideways,0.00,0.34,false
2026-09-10,AMAT,454.01,4834009,40.80,36.03,422.77,536.13,426.13,563.76,-63.97,69,ThreeDescendingPeaks|DescendingScallop,136.94,HOLD,22.14,420.81,520.42,420.81,465.08,-31.03,-24.55,-6.47,479.45,476.66,520.74,410.64,0.68,uptrend,0.00,0.23,false
2026-09-10,AMD,503.60,15908424,55.09,73.13,441.66,519.10,440.50,526.79,-26.87,69,DoubleTop,226.29,BUY,22.86,469.31,572.18,469.31,515.03,-0.86,-5.29,4.44,480.38,484.02,497.04,345.35,0.88,uptrend,1.00,0.75,true
2026-09-10,ANET,188.99,2808298,48.84,31.05,182.00,204.72,181.27,210.11,-68.95,69,DoubleBottom|BearishFlag|DoubleTop|HeadAndShoulders|DescendingScallop,95.49,HOLD,7.75,177.37,212.23,177.37,192.86,-0.49,1.05,-1.53,193.36,191.60,184.64,152.99,0.54,uptrend,0.00,0.63,true
2026-09-10,AOS,56.71,1246029,34.73,2.77,57.07,64.65,56.50,64.09,-97.23,69,DoubleTop|ThreeDescendingPeaks|DescendingScallop,216.00,SELL,1.56,59.05,52.04,59.05,55.93,-1.53,-0.68,-0.85,60.86,60.22,61.07,65.11,1.00,downtrend,0.00,0.08,false
2026-09-10,APD,293.65,818081,39.84,5.45,295.04,312.34,292.48,313.93,-94.55,69,DoubleBottom|FallingWedge|DoubleTop|HeadAndShoulders,166.00,HOLD,6.08,284.54,311.88,284.54,296.69,-0.24,1.99,-2.23,303.69,301.90,301.06,283.16,0.86,uptrend,0.00,0.22,false
2026-09-10,AVGO,360.83,21364163,41.40,54.00,340.41,400.16,342.33,424.92,-46.00,69,HeadAndShoulders|DescendingScallop,139.87,HOLD,12.49,342.09,398.31,342.09,367.08,-17.74,-19.78,2.04,370.29,371.16,383.23,370.09,0.85,downtrend,0.00,0.08,false
2026-09-10,AVY,168.77,861351,40.18,10.15,168.01,186.37,166.85,185.77,-89.85,69,ThreeDescendingPeaks|DescendingScallop,215.58,SELL,4.79,175.95,154.41,175.95,166.38,-2.52,1.04,-3.56,177.19,174.47,170.44,173.12,0.80,downtrend,0.00,0.08,false
2026-09-10,AZO,2881.47,256253,38.21,3.07,2883.85,3083.32,2876.25,3160.00,-96.93,69,DoubleBottom|DescendingScallop,216.00,SELL,69.04,2985.03,2674.36,2985.03,2846.95,-44.54,-34.97,-9.57,2983.59,2974.34,3021.65,3367.74,0.87,downtrend,0.00,0.08,false
2026-09-10,BBY,88.09,2706831,55.35,80.67,81.29,91.16,76.70,90.82,-19.33,69,DoubleTop|CupWithHandle,286.78,HOLD,3.32,83.11,98.05,83.11,89.75,0.60,0.36,0.24,86.23,86.23,84.71,71.68,0.65,uptrend,0.83,0.75,true
2026-09-10,BDX,176.42,1679979,42.19,4.31,177.15,194.28,175.67,193.07,-95.69,69,FallingWedge|DoubleTop,141.00,HOLD,4.35,169.89,189.48,169.89,178.60,1.69,5.86,-4.16,185.71,182.53,171.46,160.22,1.03,uptrend,0.00,0.35,false
2026-09-10,BIIB,215.43,928007,51.36,38.54,207.54,225.88,207.62,225.80,-61.46,69,DoubleBottom|DoubleTop,102.48,HOLD,6.19,206.14,234.01,206.14,218.53,4.01,5.46,-1.44,216.71,215.50,209.33,191.72,1.32,uptrend,0.00,0.35,false
2026-09-10,BKNG,174.33,6283772,30.27,8.92,176.53,226.06,170.12,217.32,-91.08,69,ThreeDescendingPeaks|DescendingScallop,191.00,HOLD,7.05,163.75,195.48,163.75,177.86,-8.43,-1.08,-7.34,201.30,195.16,193.97,185.67,1.11,downtrend,0.00,0.08,false
2026-09-10,BLDR,58.97,3422047,31.81,5.76,59.36,75.17,58.13,75.20,-94.24,69,ThreeDescendingPeaks|DescendingScallop,216.00,SELL,3.06,63.56,49.79,63.56,57.44,-3.92,-2.51,-1.41,67.27,66.32,71.42,89.59,1.67,downtrend,0.00,0.08,false
2026-09-10,BSX,43.10,22620969,33.58,3.94,43.70,53.33,42.78,52.99,-96.06,69,DescendingScallop,216.00,SELL,1.87,45.91,37.49,45.91,42.16,-1.83,-0.51,-1.31,48.51,47.35,46.94,65.96,1.14,downtrend,0.00,0.08,false
2026-09-10,CAH,236.02,1208178,48.89,38.59,226.48,247.52,227.68,249.29,-61.41,69,AscendingScallop,169.05,HOLD,5.32,228.04,251.97,228.04,238.68,2.70,1.15,1.55,237.00,238.03,234.32,216.23,0.79,uptrend,0.00,0.28,false
2026-09-10,CARR,56.64,7104658,31.85,12.71,55.96,63.26,55.97,63.96,-87.29,69,DescendingScallop,191.00,HOLD,1.64,54.18,61.55,54.18,57.46,-2.24,-2.14,-0.10,59.61,59.69,63.80,61.49,1.38,downtrend,0.00,0.08,false
2026-09-10,CDNS,284.95,1906119,29.01,4.99,279.35,352.29,281.65,347.72,-95.01,69,,215.00,SELL,11.72,302.53,249.78,302.53,279.09,-6.07,-4.76,-1.31,315.82,312.98,336.21,326.84,0.80,downtrend,0.00,0.08,false
2026-09-10,CDW,142.60,1129055,49.42,43.80,130.03,155.85,130.56,158.05,-56.20,69,,111.74,HOLD,6.48,132.88,162.04,132.88,145.84,5.47,1.58,3.90,142.94,144.16,140.27,131.83,0.67,uptrend,0.00,0.30,false
2026-09-10,CEG,285.97,2221797,54.69,47.54,264.17,298.30,264.82,305.80,-52.46,69,DoubleBottom|AscendingScallop,255.52,HOLD,9.75,271.35,315.22,271.35,290.84,6.65,4.70,1.95,281.24,282.45,268.56,295.54,0.89,downtrend,0.00,0.39,false
2026-09-10,CF,135.11,2836311,60.31,66.34,114.09,142.36,116.09,141.66,-33.66,69,AscendingScallop,337.22,BUY,5.33,127.11,151.10,127.11,137.78,6.51,4.79,1.72,128.22,129.93,122.95,108.93,1.09,uptrend,0.83,0.69,true
2026-09-10,CHD,93.94,2017528,31.04,3.43,94.59,104.19,93.61,103.23,-96.57,69,FallingWedge|DoubleTop,191.00,HOLD,2.08,90.82,100.17,90.82,94.98,-1.01,-0.55,-0.46,99.39,98.80,99.10,95.10,1.16,downtrend,0.00,0.08,false
2026-09-10,CHRW,152.42,1651937,49.65,86.67,140.99,153.72,141.24,154.14,-13.33,69,DoubleBottom|DoubleTop|AscendingScallop,308.03,HOLD,4.55,145.59,166.08,145.59,154.70,1.34,-1.56,2.91,147.36,150.37,166.20,172.73,1.27,downtrend,0.00,0.35,false
2026-09-10,CIEN,334.56,2539392,38.67,21.43,306.75,453.41,311.60,462.69,-78.57,69,DescendingScallop,176.28,HOLD,24.96,297.12,409.45,297.12,347.04,-25.95,-11.90,-14.05,380.08,367.53,396.04,379.47,1.07,downtrend,0.00,0.08,false
2026-09-10,CL,87.90,3586041,37.14,11.43,87.62,93.24,87.30,93.88,-88.57,69,DescendingScallop,166.00,HOLD,1.64,85.43,92.83,85.43,88.72,-1.18,-0.80,-0.37,90.43,90.10,91.59,87.86,0.88,uptrend,0.00,0.08,false
2026-09-10,CLX,88.77,2689218,24.25,1.57,87.59,113.52,88.44,109.42,-98.43,69,FallingWedge|ThreeDescendingPeaks|DescendingScallop,216.00,SELL,2.72,92.84,80.62,92.84,87.41,-5.27,-1.45,-3.82,100.56,97.66,99.45,103.03,0.93,downtrend,0.00,0.08,false
2026-09-10,CMI,550.03,1103579,31.17,12.35,521.59,639.84,542.70,644.81,-87.65,69,ThreeDescendingPeaks|DescendingScallop,191.00,HOLD,16.53,525.24,599.61,525.24,558.29,-33.84,-31.47,-2.37,580.72,578.11,624.27,601.37,1.15,downtrend,0.00,0.08,false
2026-09-10,COHR,293.17,5615621,49.06,62.73,251.77,335.59,255.25,362.32,-37.27,69,DescendingScallop,105.79,HOLD,22.80,258.98,361.56,258.98,304.57,-19.76,-14.92,-4.84,293.68,292.84,301.76,278.84,0.87,uptrend,0.00,0.08,false
2026-09-10,COO,54.17,18649062,14.68,12.35,60.91,82.20,51.01,78.11,-87.65,69,ThreeDescendingPeaks|DescendingScallop,283.30,SELL,2.63,58.12,46.27,58.12,52.85,-3.89,-1.42,-2.47,71.55,69.46,72.07,73.23,6.54,downtrend,0.00,0.08,false
2026-09-10,COP,137.04,5580916,67.01,84.01,125.32,139.58,124.12,138.76,-15.99,69,AscendingScallop,380.50,HOLD,3.12,132.37,146.39,132.37,138.60,4.10,5.50,-1.40,132.45,131.85,122.06,113.45,0.87,uptrend,0.83,0.62,true
2026-09-10,COR,320.95,1161539,49.68,30.57,307.80,337.52,302.01,338.71,-69.43,69,AscendingScallop,119.21,HOLD,7.33,309.95,342.95,309.95,324.62,4.61,3.85,0.76,322.66,323.49,314.47,321.35,0.98,sideways,0.00,0.08,false
2026-09-10,CPRT,30.75,15045152,43.35,5.17,30.26,34.89,28.85,34.63,-94.83,69,DoubleTop|AscendingScallop,139.12,HOLD,1.12,29.07,34.10,29.07,31.31,0.86,1.54,-0.68,32.58,32.10,30.25,34.31,1.48,downtrend,0.00,0.08,false
2026-09-10,CRH,87.66,4694988,32.99,7.22,88.67,99.29,86.84,99.67,-92.78,69,DescendingScallop,280.00,SELL,2.73,91.75,79.48,91.75,86.30,-2.23,-2.02,-0.21,93.98,93.80,98.55,111.18,1.08,downtrend,0.00,0.08,false
2026-09-10,CRL,273.00,750744,46.99,3.01,273.55,302.38,272.06,303.31,-96.99,69,DoubleBottom|DoubleTop|HeadAndShoulders,141.00,HOLD,9.02,259.47,300.07,259.47,277.51,3.60,14.03,-10.43,287.97,281.36,257.91,201.88,0.89,uptrend,0.00,0.63,true
2026-09-10,CRM,243.00,9128851,62.64,63.55,175.37,281.27,189.91,268.27,-36.45,69,ThreeRisingValleys|AscendingScallop,345.19,HOLD,10.32,227.52,273.97,227.52,248.16,25.72,20.28,5.44,228.32,232.11,196.92,200.99,0.55,uptrend,0.83,0.75,true
2026-09-10,CRWD,208.86,7341563,51.10,52.47,182.36,234.55,181.24,233.88,-47.53,69,ThreeRisingValleys,293.88,HOLD,11.52,191.58,243.42,191.58,214.62,0.06,-1.19,1.25,208.45,208.52,202.31,143.70,0.71,uptrend,0.33,0.63,true
2026-09-10,CSCO,107.44,11462555,37.15,0.90,107.53,113.49,107.39,115.95,-99.10,69,DoubleBottom|DescendingScallop,150.00,HOLD,2.61,103.53,115.26,103.53,108.74,-3.19,-3.67,0.48,110.51,110.98,113.83,95.23,0.65,uptrend,0.00,0.37,false
2026-09-10,CSGP,29.49,7234679,40.63,15.59,29.63,33.88,28.79,33.82,-84.41,69,DescendingScallop,204.91,SELL,1.35,31.51,25.45,31.51,28.82,-0.15,0.65,-0.80,31.75,31.09,30.32,43.18,1.07,downtrend,0.00,0.08,false
2026-09-10,CSX,49.04,10276749,42.73,28.01,48.01,52.44,47.83,52.15,-71.99,69,DoubleTop,122.38,HOLD,1.01,47.52,52.08,47.52,49.55,-0.36,0.05,-0.42,50.23,49.86,50.20,43.38,1.12,uptrend,0.00,0.55,true
2026-09-10,CTAS,198.44,2055511,44.71,11.25,196.52,206.99,196.50,207.51,-88.75,69,DoubleBottom|DoubleTop,128.41,HOLD,3.70,192.88,209.55,192.88,200.29,-0.39,-0.42,0.03,201.76,201.27,199.04,187.09,1.18,uptrend,0.00,0.20,false
2026-09-10,CTSH,58.32,3865205,46.94,5.46,56.50,66.11,56.55,65.42,-94.54,69,,162.79,HOLD,2.14,55.11,64.74,55.11,59.39,1.86,2.80,-0.94,61.31,60.28,53.64,62.58,0.66,downtrend,0.00,0.08,false
2026-09-10,CTVA,84.49,3544433,52.97,44.13,74.48,91.04,74.96,90.87,-55.87,69,ThreeRisingValleys|AscendingScallop,307.29,HOLD,2.38,80.92,91.63,80.92,85.68,4.14,2.55,1.59,82.76,84.04,83.44,77.68,0.78,uptrend,0.00,0.47,false
2026-09-10,DASH,201.03,3361991,39.87,19.72,197.77,243.49,191.74,238.83,-80.28,69,DoubleTop|HeadAndShoulders,138.46,HOLD,8.44,188.37,226.35,188.37,205.25,2.66,8.91,-6.25,220.63,215.00,204.56,188.47,0.84,uptrend,0.00,0.63,true
2026-09-10,DD,127.32,1077267,29.63,6.04,126.22,146.19,126.44,146.82,-93.96,69,DescendingScallop,191.00,HOLD,3.24,122.47,137.03,122.47,128.94,-4.79,-3.27,-1.52,136.20,134.62,137.87,136.89,0.91,downtrend,0.00,0.08,false
2026-09-10,DECK,79.88,2801576,29.53,3.93,79.69,95.41,79.34,94.33,-96.07,69,ThreeDescendingPeaks|DescendingScallop|MeasuredMoveDown,280.00,SELL,2.70,83.93,71.78,83.93,78.53,-4.48,-4.30,-0.18,87.55,87.32,95.94,102.52,1.02,downtrend,0.00,0.08,false
2026-09-10,DHI,135.57,3735829,36.02,9.57,136.84,154.19,133.88,154.40,-90.43,69,ThreeDescendingPeaks|DescendingScallop,216.00,SELL,3.94,141.48,123.74,141.48,133.60,-2.81,-1.03,-1.78,145.51,144.02,147.71,149.83,1.94,downtrend,0.00,0.08,false
2026-09-10,DHR,200.53,3010103,41.84,0.85,197.83,221.44,199.49,220.67,-99.15,69,DoubleBottom|DoubleTop,220.00,SELL,5.98,209.50,182.59,209.50,197.54,1.78,5.24,-3.46,209.64,207.58,202.25,202.53,0.97,downtrend,0.00,0.22,false
2026-09-10,DOV,187.37,1161999,32.02,5.13,185.80,211.09,186.33,208.77,-94.87,69,DoubleTop|DescendingScallop,216.00,SELL,4.18,193.64,174.84,193.64,185.28,-6.26,-4.44,-1.81,198.44,197.19,205.30,210.18,1.03,downtrend,0.00,0.08,false
2026-09-10,DVN,50.02,15771457,65.95,99.36,45.41,50.54,43.65,50.04,-0.64,69,DoubleTop|AscendingScallop,376.24,HOLD,1.23,48.18,53.70,48.18,50.63,1.20,1.69,-0.48,47.98,47.80,45.25,43.72,1.51,uptrend,0.00,0.50,false
2026-09-10,DXCM,84.51,3488741,44.09,21.55,84.62,93.65,82.29,92.59,-78.45,69,DoubleTop,108.27,HOLD,2.55,80.68,92.17,80.68,85.79,-0.20,2.00,-2.20,89.14,87.25,82.13,71.27,0.89,uptrend,0.00,0.63,true
2026-09-10,EBAY,105.03,3545889,48.29,52.86,101.18,107.34,99.85,109.65,-47.14,69,DoubleBottom,212.19,HOLD,3.48,99.81,115.47,99.81,106.77,-0.53,-1.80,1.28,104.26,105.25,108.98,99.01,0.79,uptrend,0.00,0.34,false
2026-09-10,ECL,271.60,1174867,37.33,11.49,270.60,291.42,268.52,295.33,-88.51,69,DoubleBottom|DoubleTop|ThreeDescendingPeaks,186.78,HOLD,5.54,263.29,288.23,263.29,274.37,-0.25,1.19,-1.43,281.01,279.67,278.43,273.08,0.81,downtrend,0.00,0.08,false
2026-09-10,EFX,168.04,1182613,35.99,5.45,168.22,201.65,166.32,197.90,-94.55,69,DoubleTop|HeadAndShoulders,220.00,SELL,7.41,179.16,145.80,179.16,164.33,-0.27,4.16,-4.44,184.94,181.32,178.82,187.24,1.04,downtrend,0.00,0.08,false
2026-09-10,EL,96.47,2264500,50.30,4.57,84.42,112.27,83.85,108.38,-95.43,69,HeadAndShoulders|AscendingScallop,145.00,HOLD,3.41,91.36,106.69,91.36,98.17,6.27,7.33,-1.06,98.34,97.98,89.66,92.45,0.57,uptrend,0.00,0.22,false
2026-09-10,EMR,148.37,2528721,41.92,15.00,145.75,164.59,146.35,164.80,-85.00,69,BearishFlag|InvertedCupWithHandle|DescendingScallop,163.31,HOLD,3.77,142.72,159.67,142.72,150.25,-4.04,-1.80,-2.24,155.17,153.00,149.86,143.07,1.19,uptrend,0.00,0.34,false
2026-09-10,EOG,147.46,3189732,54.58,44.01,140.91,152.74,140.48,153.67,-55.99,69,DoubleBottom|CupWithHandle|AscendingScallop,362.88,HOLD,3.54,142.15,158.09,142.15,149.23,1.04,2.37,-1.32,146.83,145.93,142.44,129.27,1.17,uptrend,0.00,0.35,false
2026-09-10,EQIX,1023.81,466924,42.16,21.92,1011.15,1107.97,1002.24,1109.22,-78.08,69,BearishFlag|DoubleTop|InvertedCupWithHandle,137.21,HOLD,29.48,979.59,1112.24,979.59,1038.55,-11.20,1.98,-13.17,1059.56,1047.69,1043.47,965.16,0.92,uptrend,0.00,0.20,false
2026-09-10,EW,86.77,2308768,38.17,22.26,86.77,93.41,85.00,93.75,-77.74,69,DoubleTop|HeadAndShoulders,137.02,HOLD,2.06,83.68,92.95,83.68,87.80,-0.87,0.16,-1.04,90.09,89.29,89.38,84.98,0.84,uptrend,0.00,0.08,false
2026-09-10,EXPD,189.32,920987,60.01,62.95,184.85,191.14,184.29,192.28,-37.05,69,DoubleBottom|DoubleTop|HeadAndShoulders,151.86,HOLD,3.66,183.83,200.31,183.83,191.15,2.54,4.68,-2.14,187.99,186.49,179.86,159.45,1.23,uptrend,0.00,0.90,true
2026-09-10,EXPE,276.88,1789168,36.75,19.18,274.46,354.19,261.43,342.00,-80.82,69,ThreeDescendingPeaks|DescendingScallop,140.00,HOLD,13.24,257.02,316.61,257.02,283.50,-8.57,3.11,-11.68,314.33,303.34,295.53,259.24,1.12,uptrend,0.00,0.63,true
2026-09-10,FAST,49.01,7212341,46.37,30.22,48.02,52.37,47.65,52.59,-69.78,69,BearishFlag|InvertedCupWithHandle|ThreeDescendingPeaks|DescendingScallop,94.20,HOLD,1.08,47.39,52.25,47.39,49.55,-0.98,-0.12,-0.86,50.19,49.63,48.77,45.51,1.21,uptrend,0.00,0.28,false
2026-09-10,FCX,71.21,22159407,48.45,20.72,64.93,81.87,65.57,80.24,-79.28,69,DoubleTop|AscendingScallop,99.64,HOLD,3.33,66.21,81.21,66.21,72.88,2.98,4.03,-1.05,73.40,73.00,67.18,61.45,1.50,uptrend,0.00,0.49,false
2026-09-10,FFIV,398.48,489136,50.54,58.30,374.21,414.65,376.21,423.60,-41.70,69,BearishFlag|HeadAndShoulders|InvertedCupWithHandle|DescendingScallop,45.11,HOLD,13.05,378.90,437.64,378.90,405.01,-2.13,-6.41,4.29,394.43,396.71,404.09,329.78,1.07,uptrend,0.00,0.70,true
2026-09-10,FICO,960.67,365379,35.69,24.91,939.43,1245.52,885.00,1188.80,-75.09,69,IslandReversal|DoubleTop,197.76,HOLD,59.35,871.65,1138.71,871.65,990.34,-10.88,12.74,-23.62,1092.48,1071.55,1154.02,1293.06,1.05,downtrend,0.00,0.08,false
2026-09-10,FIX,1590.81,212552,44.65,41.39,1464.74,1812.53,1505.73,1883.70,-58.61,69,DescendingScallop,130.56,HOLD,75.33,1477.82,1816.79,1477.82,1628.47,-69.90,-57.06,-12.84,1638.63,1627.48,1692.32,1502.49,0.58,uptrend,0.00,0.28,false
2026-09-10,FLEX,108.01,3755795,42.29,41.38,99.79,126.46,102.25,131.63,-58.62,69,HeadAndShoulders|DescendingScallop,138.79,HOLD,5.53,99.71,124.61,99.71,110.78,-5.08,-4.71,-0.37,113.12,112.77,120.37,95.66,1.31,uptrend,0.00,0.63,true
2026-09-10,FSLR,207.17,2188430,45.57,41.44,195.40,225.90,197.10,230.96,-58.56,69,InvertedCupWithHandle|DescendingScallop,165.44,HOLD,9.92,192.29,236.93,192.29,212.13,-11.78,-10.55,-1.23,210.65,210.66,217.37,229.97,1.13,downtrend,0.00,0.08,false
2026-09-10,FTNT,158.85,3262573,50.36,41.34,146.81,170.38,148.25,173.89,-58.66,69,HeadAndShoulders|InvertedCupWithHandle,54.72,HOLD,6.74,148.74,179.08,148.74,162.22,0.95,-0.61,1.57,158.60,158.83,159.04,111.23,0.79,uptrend,0.00,0.63,true
2026-09-10,GDDY,96.37,1813265,50.21,33.13,91.68,103.75,91.27,106.00,-66.87,69,DoubleBottom,140.45,HOLD,4.37,89.81,109.49,89.81,98.56,1.96,2.67,-0.71,97.72,96.91,94.01,95.72,1.00,uptrend,0.00,0.30,false
2026-09-10,GEHC,64.24,3090594,28.93,5.25,65.36,77.49,63.63,75.65,-94.75,69,FallingWedge|ThreeDescendingPeaks|DescendingScallop,216.00,SELL,1.76,66.88,58.97,66.88,63.36,-1.63,0.42,-2.05,71.43,69.65,68.32,72.63,1.17,downtrend,0.00,0.08,false
2026-09-10,GEV,923.91,1458709,42.38,45.65,861.66,1062.66,874.00,1099.66,-54.35,69,DescendingScallop,131.67,HOLD,40.36,863.37,1045.00,863.37,944.09,-39.98,-32.45,-7.53,962.16,955.49,1005.87,891.81,0.72,uptrend,0.00,0.34,false
2026-09-10,GILD,144.81,5707501,52.84,17.40,138.36,153.58,135.91,152.55,-82.60,69,DoubleTop|HeadAndShoulders|AscendingScallop,66.67,HOLD,3.58,139.44,155.55,139.44,146.60,4.98,6.29,-1.32,145.97,145.05,137.74,134.65,1.08,uptrend,0.00,0.22,false
2026-09-10,GLW,163.12,5350718,54.78,74.48,137.86,171.63,139.25,176.94,-25.52,69,DoubleBottom,305.90,HOLD,8.69,150.09,189.18,150.09,167.46,-2.95,-2.04,-0.91,154.75,155.73,160.55,145.07,0.60,uptrend,0.00,0.35,false
2026-09-10,GNRC,181.67,655980,34.95,10.25,170.95,225.22,178.19,225.34,-89.75,69,BearishFlag|ThreeDescendingPeaks|DescendingScallop,191.00,HOLD,8.34,169.17,206.68,169.17,185.84,-12.97,-7.49,-5.48,198.08,194.90,210.60,209.15,0.70,downtrend,0.00,0.08,false
2026-09-10,GOOGL,332.60,22782704,41.29,20.35,331.85,351.05,327.75,351.60,-79.65,69,DoubleTop,161.68,HOLD,7.98,320.63,356.55,320.63,336.59,-4.98,-4.85,-0.13,341.45,340.87,347.63,336.62,1.01,downtrend,0.00,0.20,false
2026-09-10,GPC,134.16,943222,51.14,24.11,131.57,139.46,129.40,139.89,-75.89,69,DoubleTop,63.86,HOLD,3.27,129.25,143.98,129.25,135.80,1.39,1.98,-0.59,135.52,134.81,130.33,119.98,0.91,uptrend,0.00,0.63,true
2026-09-10,GRMN,272.20,494812,36.98,13.78,264.12,312.29,268.01,314.08,-86.22,69,BearishFlag|ThreeDescendingPeaks|DescendingScallop,166.00,HOLD,6.53,262.40,291.79,262.40,275.47,-12.60,-8.00,-4.60,288.20,282.51,274.83,239.64,0.60,uptrend,0.00,0.30,false
2026-09-10,GWW,1271.49,226517,39.72,10.65,1276.06,1340.14,1263.57,1337.96,-89.35,69,DoubleTop,148.17,HOLD,27.48,1230.28,1353.92,1230.28,1285.23,-0.55,-3.66,3.11,1308.10,1306.12,1334.88,1182.91,1.05,uptrend,0.00,0.34,false
2026-09-10,HAL,36.07,8621253,54.10,60.44,33.07,38.21,32.68,38.06,-39.56,69,ThreeRisingValleys|AscendingScallop,296.06,HOLD,1.10,34.42,39.37,34.42,36.62,1.30,1.42,-0.12,35.64,35.77,34.25,34.96,0.80,uptrend,0.00,0.20,false
2026-09-10,HD,305.69,4307096,28.30,3.67,306.80,350.64,304.30,350.40,-96.33,69,ThreeDescendingPeaks|DescendingScallop,216.00,SELL,7.06,316.28,284.52,316.28,302.16,-11.68,-7.64,-4.04,328.72,325.61,336.67,343.54,1.12,downtrend,0.00,0.08,false
2026-09-10,HSY,174.34,1334977,41.36,22.54,169.40,192.49,169.71,190.46,-77.46,69,BearishFlag|ThreeDescendingPeaks|DescendingScallop,181.11,HOLD,4.02,168.31,186.41,168.31,176.35,-3.72,-0.13,-3.58,180.94,178.34,178.55,192.30,1.16,downtrend,0.00,0.08,false
2026-09-10,HUBB,452.41,569880,39.65,31.22,432.89,506.59,439.89,513.04,-68.78,69,BearishFlag|DescendingScallop,195.84,HOLD,12.75,433.28,490.67,433.28,458.79,-20.69,-17.40,-3.29,469.74,467.19,481.42,486.19,1.24,downtrend,0.00,0.08,false
2026-09-10,IBM,234.02,5352692,49.10,37.90,228.52,239.64,227.40,242.31,-62.10,69,DoubleBottom|DoubleTop,140.52,HOLD,7.05,223.45,255.16,223.45,237.54,-0.32,0.58,-0.90,234.08,234.35,238.85,261.51,1.11,downtrend,0.00,0.08,false
2026-09-10,IDXX,506.53,416428,32.11,2.83,513.24,576.03,504.91,577.09,-97.17,69,FallingWedge|DescendingScallop,216.00,SELL,15.91,530.39,458.80,530.39,498.58,-16.54,-12.94,-3.60,544.64,541.59,556.71,604.57,0.82,downtrend,0.00,0.08,false
2026-09-10,IEX,221.46,721037,37.42,10.56,219.09,242.26,219.74,242.73,-89.44,69,BearishFlag|DescendingScallop,166.00,HOLD,4.89,214.12,236.14,214.12,223.91,-4.86,-2.39,-2.47,230.67,228.23,228.60,206.83,1.32,uptrend,0.00,0.42,false
2026-09-10,INCY,123.28,1456362,48.27,18.17,120.34,131.12,117.56,130.80,-81.83,69,DoubleTop|AscendingScallop,87.86,HOLD,3.53,117.98,133.88,117.98,125.05,1.80,2.67,-0.87,125.73,124.98,121.45,105.05,1.18,uptrend,0.00,0.63,true
2026-09-10,IR,73.09,3852789,30.53,14.46,72.06,84.74,71.65,85.57,-85.54,69,ThreeDescendingPeaks|DescendingScallop,215.01,SELL,2.10,76.24,66.79,76.24,72.04,-4.01,-3.75,-0.26,78.40,77.85,81.22,82.03,1.21,downtrend,0.00,0.08,false
2026-09-10,ISRG,360.46,3347921,42.57,39.19,348.11,402.10,345.25,405.34,-60.81,69,DescendingScallop,172.97,HOLD,12.05,342.38,396.62,342.38,366.49,-11.22,-3.84,-7.38,375.11,370.07,378.12,460.81,1.52,downtrend,0.00,0.08,false
2026-09-10,IT,170.62,1011431,42.62,12.45,169.10,207.32,166.01,203.03,-87.55,69,DoubleTop|ThreeDescendingPeaks|DescendingScallop,184.05,HOLD,8.44,157.97,195.93,157.97,174.84,0.05,7.40,-7.35,188.21,183.02,166.22,176.77,0.83,downtrend,0.00,0.15,false
2026-09-10,ITW,265.20,1597688,32.31,15.45,261.99,295.00,261.35,295.10,-84.55,69,DescendingScallop,187.01,HOLD,5.25,257.32,280.95,257.32,267.83,-8.68,-6.52,-2.17,278.49,275.86,280.07,267.27,1.51,downtrend,0.00,0.20,false
2026-09-10,JBHT,267.83,629038,48.29,54.38,253.91,284.56,254.11,287.93,-45.62,69,DoubleBottom|DescendingScallop,97.03,HOLD,8.11,255.66,292.17,255.66,271.89,-4.01,-3.39,-0.63,269.23,268.71,275.38,239.05,0.78,uptrend,0.00,0.55,true
2026-09-10,JBL,302.80,754386,41.08,36.01,274.46,363.50,292.29,376.97,-63.99,69,InvertedCupWithHandle|DescendingScallop,159.17,HOLD,11.89,284.96,338.47,284.96,308.75,-18.85,-14.18,-4.67,318.98,314.57,323.29,294.50,0.84,uptrend,0.00,0.15,false
2026-09-10,JCI,142.81,2426462,46.83,55.42,135.53,153.34,137.54,155.79,-44.58,69,DescendingScallop,116.91,HOLD,3.41,137.70,153.03,137.70,144.51,-4.28,-3.91,-0.37,144.44,144.03,144.75,135.18,0.88,uptrend,0.00,0.20,false
2026-09-10,JNJ,266.35,4844617,49.48,14.62,259.99,278.55,258.01,281.07,-85.38,69,DoubleTop|HeadAndShoulders,103.52,HOLD,5.56,258.01,283.02,258.01,269.13,3.46,5.02,-1.55,269.27,268.32,262.48,236.81,0.77,uptrend,0.00,0.35,false
2026-09-10,KLAC,177.18,10488193,41.84,42.53,163.97,206.53,167.05,214.80,-57.47,69,DescendingScallop,134.23,HOLD,9.10,163.54,204.47,163.54,181.73,-8.71,-6.72,-1.99,185.25,184.63,200.17,172.57,1.15,uptrend,0.00,0.15,false
2026-09-10,KMB,98.48,9856387,28.72,3.94,100.44,114.98,97.91,112.38,-96.06,69,DoubleTop,273.67,SELL,2.54,102.29,90.85,102.29,97.21,-1.57,-0.52,-1.06,107.71,106.47,109.15,103.19,2.74,downtrend,0.00,0.08,false
2026-09-10,KVUE,17.79,64356966,31.72,6.35,18.01,19.78,17.67,19.56,-93.65,69,DoubleTop,287.00,SELL,0.38,18.35,16.66,18.35,17.60,-0.19,-0.10,-0.09,18.89,18.77,19.11,17.98,2.82,downtrend,0.00,0.08,false
2026-09-10,LH,306.96,1257808,35.50,4.15,313.01,344.33,305.45,341.80,-95.85,69,DoubleTop|HeadAndShoulders,166.00,HOLD,8.00,294.96,330.96,294.96,310.96,2.47,7.51,-5.04,328.67,324.27,308.97,276.43,1.93,uptrend,0.00,0.35,false
2026-09-10,LII,372.62,462923,30.59,15.43,364.34,426.29,365.70,427.01,-84.57,69,DescendingScallop,196.35,HOLD,12.71,353.55,410.75,353.55,378.98,-19.70,-20.97,1.27,395.31,398.85,461.48,497.05,0.99,downtrend,0.00,0.08,false
2026-09-10,LIN,461.62,2147456,28.93,4.14,465.19,497.47,460.20,494.50,-95.86,69,DoubleTop|MeasuredMoveDown,255.00,SELL,8.32,474.09,436.67,474.09,457.46,-2.03,-1.55,-0.48,481.33,481.46,498.45,481.28,1.10,downtrend,0.00,0.08,false
2026-09-10,LITE,935.70,3945457,54.71,62.42,807.33,994.11,784.47,1026.76,-37.58,69,AscendingScallop,264.28,BUY,68.38,833.14,1140.83,833.14,969.89,23.66,33.34,-9.68,900.72,895.72,823.92,695.99,0.93,uptrend,0.67,0.69,true
2026-09-10,LLY,1123.00,1991604,36.78,5.99,1096.88,1278.70,1113.55,1292.65,-94.01,69,InvertedCupWithHandle|ThreeDescendingPeaks|DescendingScallop,166.00,HOLD,32.81,1073.78,1221.44,1073.78,1139.41,-30.29,1.55,-31.84,1187.79,1169.64,1186.18,1064.57,0.81,uptrend,0.00,0.22,false
2026-09-10,LOW,196.59,2486653,33.40,6.18,193.83,224.69,195.06,225.79,-93.82,69,ThreeDescendingPeaks|DescendingScallop,216.00,SELL,4.80,203.79,182.19,203.79,194.19,-7.76,-4.08,-3.68,209.26,206.65,212.00,235.83,0.79,downtrend,0.00,0.08,false
2026-09-10,LRCX,298.01,9841410,45.07,45.21,282.91,341.65,278.04,345.28,-54.79,69,DescendingScallop,115.51,HOLD,15.95,274.08,345.86,274.08,305.99,-6.86,-0.92,-5.94,312.28,308.49,316.10,263.41,1.30,uptrend,0.00,0.37,false
2026-09-10,LULU,96.88,7806429,30.97,4.20,99.45,130.93,95.67,124.47,-95.80,69,DoubleTop|HeadAndShoulders,216.00,SELL,5.60,105.28,80.07,105.28,94.08,-4.92,-2.59,-2.32,115.19,113.13,117.48,151.80,1.10,downtrend,0.00,0.08,false
2026-09-10,MAA,124.48,1244095,29.80,2.94,125.50,134.74,124.19,135.73,-97.06,69,ThreeDescendingPeaks|DescendingScallop,191.00,HOLD,2.22,121.15,131.14,121.15,125.59,-2.06,-1.53,-0.53,130.12,129.62,132.96,132.16,1.51,downtrend,0.00,0.08,false
2026-09-10,MAS,67.64,3016994,33.54,6.12,68.82,76.11,67.19,76.51,-93.88,69,DescendingScallop,195.00,HOLD,1.99,64.66,73.61,64.66,68.63,-1.77,-1.37,-0.41,72.46,72.19,75.41,69.74,1.66,downtrend,0.00,0.20,false
2026-09-10,MCHP,71.58,7592384,39.73,17.25,69.98,79.75,70.45,81.41,-82.75,69,BearishFlag|InvertedCupWithHandle|DescendingScallop,190.12,HOLD,2.80,67.38,79.99,67.38,72.98,-2.76,-2.03,-0.74,74.87,74.70,78.86,77.72,0.96,downtrend,0.00,0.08,false
2026-09-10,MCK,880.86,809565,50.43,46.68,837.96,929.40,837.88,929.95,-53.32,69,DoubleTop|AscendingScallop,109.81,HOLD,23.09,846.22,950.14,846.22,892.41,16.69,11.13,5.56,883.68,886.19,855.15,843.72,0.90,uptrend,0.00,0.08,false
2026-09-10,MDLZ,62.47,7016500,51.17,39.37,60.79,64.77,60.47,65.55,-60.63,69,,88.50,HOLD,1.32,60.50,66.42,60.50,63.13,-0.47,0.11,-0.59,62.78,62.34,61.68,59.20,0.99,uptrend,0.00,0.22,false
2026-09-10,MDT,91.62,5078152,54.16,30.71,89.73,94.23,89.94,95.41,-69.29,69,DoubleBottom|DoubleTop|HeadAndShoulders,113.79,HOLD,2.24,88.25,98.35,88.25,92.74,0.73,1.78,-1.05,91.98,91.28,87.45,89.60,0.63,uptrend,0.00,0.22,false
2026-09-10,MKC,51.10,2931790,37.99,4.99,51.13,57.13,50.82,56.87,-95.01,69,ThreeDescendingPeaks|DescendingScallop,216.00,SELL,1.38,53.17,46.97,53.17,50.41,-0.41,0.83,-1.24,54.13,53.21,52.87,56.89,1.18,downtrend,0.00,0.08,false
2026-09-10,MLM,502.47,829809,36.58,21.46,497.76,551.07,491.62,551.65,-78.54,69,ThreeDescendingPeaks|DescendingScallop,193.12,HOLD,13.39,482.38,542.65,482.38,509.17,-12.72,-11.04,-1.67,524.42,522.89,547.44,599.67,1.23,downtrend,0.00,0.08,false
2026-09-10,MMM,162.86,2851046,25.96,7.93,162.37,187.44,161.29,184.69,-92.07,69,ThreeDescendingPeaks|DescendingScallop,166.00,HOLD,3.39,157.78,173.02,157.78,164.55,-5.40,-2.81,-2.59,174.91,172.13,171.74,160.87,1.06,uptrend,0.00,0.28,false
2026-09-10,MNST,43.09,9438171,32.02,12.77,42.29,49.76,42.19,49.24,-87.23,69,ThreeDescendingPeaks|DescendingScallop,162.16,HOLD,1.04,41.52,46.22,41.52,43.61,-0.84,-0.14,-0.70,46.02,45.39,47.07,41.89,0.96,uptrend,0.00,0.22,false
2026-09-10,MPWR,1186.08,625129,34.29,6.26,1155.78,1410.23,1175.95,1448.76,-93.74,69,DescendingScallop,191.00,HOLD,51.49,1108.85,1340.55,1108.85,1211.82,-62.18,-44.13,-18.05,1283.00,1267.05,1320.53,1255.60,1.06,downtrend,0.00,0.08,false
2026-09-10,MRK,144.71,7443211,51.75,4.76,134.68,160.02,133.06,156.92,-95.24,69,AscendingScallop,149.00,HOLD,3.85,138.93,156.27,138.93,146.64,6.68,9.05,-2.37,147.35,145.83,135.67,119.18,0.67,uptrend,0.00,0.63,true
2026-09-10,MRVL,226.96,16092013,51.92,48.80,201.85,252.25,200.62,254.60,-51.20,69,DoubleTop,58.05,HOLD,14.98,204.49,271.90,204.49,234.45,0.50,9.01,-8.51,227.05,223.04,217.56,154.02,0.66,uptrend,0.00,0.63,true
2026-09-10,MSFT,492.44,15852734,55.02,35.44,475.45,513.54,477.15,517.78,-64.56,69,DoubleBottom,163.27,HOLD,10.98,475.97,525.38,475.97,497.93,4.60,7.30,-2.70,494.50,490.78,451.44,431.14,0.75,uptrend,0.00,0.50,false
2026-09-10,MTD,1280.58,173781,27.11,8.08,1299.15,1464.13,1266.55,1456.77,-91.92,69,DoubleTop|DescendingScallop,191.00,HOLD,34.60,1228.67,1384.39,1228.67,1297.88,-29.83,-15.99,-13.85,1381.64,1363.12,1362.53,1317.95,0.99,downtrend,0.00,0.22,false
2026-09-10,MU,977.41,25554875,53.29,58.01,899.15,1023.92,887.61,1042.40,-41.99,69,DoubleTop|ThreeRisingValleys|AscendingScallop,241.90,BUY,53.78,896.73,1138.76,896.73,1004.30,20.78,30.61,-9.83,961.54,959.07,929.75,618.23,0.95,uptrend,0.50,0.75,true
2026-09-10,NDSN,307.45,297445,41.96,1.65,299.52,339.87,302.92,339.12,-98.35,69,DoubleBottom|DoubleTop,137.88,HOLD,6.69,297.42,327.51,297.42,310.79,3.37,8.29,-4.92,319.70,316.56,305.52,280.46,0.69,uptrend,0.00,0.48,false
2026-09-10,NEM,126.14,6251205,56.67,33.41,115.24,137.33,113.28,135.29,-66.59,69,DoubleTop|ThreeDescendingPeaks|AscendingScallop,81.00,HOLD,4.44,119.48,139.46,119.48,128.36,5.34,9.97,-4.63,126.29,124.00,109.11,109.13,0.77,uptrend,0.00,0.63,true
2026-09-10,NKE,36.62,29559153,32.77,1.46,36.71,41.76,36.55,41.47,-98.54,69,ThreeDescendingPeaks|DescendingScallop,216.00,SELL,1.07,38.22,33.42,38.22,36.09,-1.40,-1.18,-0.22,39.23,39.09,41.28,51.05,1.02,downtrend,0.00,0.08,false
2026-09-10,NOW,131.17,13685244,51.57,33.51,115.47,149.41,117.59,149.60,-66.49,69,AscendingScallop,155.02,HOLD,6.53,121.37,150.77,121.37,134.44,6.93,7.17,-0.24,132.44,132.19,119.00,118.13,0.79,uptrend,0.00,0.37,false
2026-09-10,NSC,323.30,842607,34.64,4.28,319.66,358.99,321.84,355.99,-95.72,69,DoubleTop|ThreeDescendingPeaks|DescendingScallop,170.00,HOLD,6.24,313.94,342.02,313.94,326.42,-2.29,2.50,-4.79,339.32,335.32,335.77,309.59,0.74,uptrend,0.00,0.34,false
2026-09-10,NTAP,183.60,1871466,46.76,65.99,175.43,206.97,161.00,209.06,-34.01,69,BearishFlag|ThreeDescendingPeaks|DescendingScallop,61.06,HOLD,8.06,171.51,207.77,171.51,187.63,-5.57,-1.42,-4.16,191.20,187.17,180.60,131.83,0.74,uptrend,0.00,0.63,true
2026-09-10,NUE,255.46,911579,49.77,52.33,237.61,274.16,238.62,274.74,-47.67,69,CupWithHandle|ThreeRisingValleys|DescendingScallop,230.75,HOLD,8.18,243.18,280.01,243.18,259.55,-4.65,-7.54,2.89,255.88,256.30,250.14,207.64,0.65,uptrend,0.33,0.75,true
2026-09-10,NVDA,218.36,100845811,49.81,40.39,208.43,232.60,207.25,234.76,-59.61,69,,86.28,HOLD,7.10,207.71,239.65,207.71,221.91,1.01,1.86,-0.85,220.51,220.09,212.17,197.28,0.79,uptrend,0.00,0.23,false
2026-09-10,NXPI,226.46,3077853,43.98,65.46,219.33,233.09,217.30,238.18,-34.54,69,DoubleBottom|DescendingScallop,138.25,HOLD,7.32,215.49,248.41,215.49,230.12,-3.13,-5.03,1.90,226.21,228.62,247.02,244.25,1.00,downtrend,0.00,0.28,false
2026-09-10,ODFL,180.55,1134220,24.80,3.98,176.98,218.66,179.34,217.92,-96.02,69,ThreeDescendingPeaks|DescendingScallop,191.00,HOLD,6.41,170.93,199.79,170.93,183.76,-10.30,-8.24,-2.06,197.82,195.83,212.51,197.38,0.71,downtrend,0.00,0.08,false
2026-09-10,ON,70.17,7782226,35.42,19.94,67.24,82.45,68.80,85.55,-80.06,69,DescendingScallop,175.00,HOLD,3.20,65.38,79.76,65.38,71.77,-3.35,-3.49,0.13,74.85,74.87,82.30,78.73,1.06,downtrend,0.00,0.08,false
2026-09-10,ORCL,152.94,50925752,53.46,42.67,137.09,162.26,137.43,170.70,-57.33,69,DoubleBottom,307.12,HOLD,7.12,142.26,174.30,142.26,156.50,2.72,2.59,0.12,149.68,150.25,140.52,167.89,2.15,downtrend,0.00,0.28,false
2026-09-10,ORLY,85.51,4742056,37.34,10.08,85.07,92.67,84.84,93.84,-89.92,69,ThreeDescendingPeaks|DescendingScallop,216.00,SELL,1.95,88.44,79.65,88.44,84.53,-2.07,-1.38,-0.69,88.87,88.24,88.72,91.98,0.94,downtrend,0.00,0.08,false
2026-09-10,OTIS,67.89,3443858,32.57,4.78,68.86,73.49,67.65,74.39,-95.22,69,DescendingScallop,216.00,SELL,1.36,69.93,63.82,69.93,67.21,-0.91,-0.75,-0.16,71.18,71.00,72.14,79.71,1.01,downtrend,0.00,0.08,false
2026-09-10,PANW,338.49,4540753,45.68,25.93,315.58,397.45,321.39,398.88,-74.07,69,InvertedCupWithHandle|DescendingScallop,131.81,HOLD,17.48,312.27,390.93,312.27,347.23,-11.96,-4.18,-7.78,356.52,349.48,349.97,235.19,0.75,uptrend,0.00,0.63,true
2026-09-10,PEP,136.65,7403554,40.29,3.34,136.21,144.58,136.33,145.90,-96.66,69,DoubleBottom|DescendingScallop,220.00,SELL,2.29,140.08,129.79,140.08,135.51,-0.35,0.75,-1.10,140.40,139.51,139.57,148.63,1.06,downtrend,0.00,0.08,false
2026-09-10,PG,142.97,10893968,42.38,17.08,141.85,147.64,141.86,148.36,-82.92,69,DoubleBottom|DoubleTop|HeadAndShoulders,179.95,HOLD,2.44,139.31,150.28,139.31,144.19,0.06,-0.26,0.33,144.74,145.10,146.46,147.52,1.19,downtrend,0.00,0.08,false
2026-09-10,PHM,116.41,2181236,32.43,9.44,118.13,134.44,114.78,133.32,-90.56,69,ThreeDescendingPeaks|DescendingScallop,191.00,HOLD,3.46,111.21,126.80,111.21,118.14,-2.96,-1.69,-1.27,126.29,124.95,127.64,125.29,1.69,downtrend,0.00,0.08,false
2026-09-10,PKG,232.41,983005,40.82,23.40,224.11,261.63,225.32,259.98,-76.60,69,ThreeDescendingPeaks|DescendingScallop,136.41,HOLD,6.27,223.00,251.23,223.00,235.55,-9.34,-5.84,-3.51,242.87,239.47,241.78,223.74,1.84,uptrend,0.00,0.22,false
2026-09-10,PLD,134.41,2845851,33.90,0.95,135.15,144.75,134.32,143.82,-99.05,69,BearishFlag|DoubleTop,255.00,SELL,2.30,137.87,127.50,137.87,133.26,-0.85,-0.38,-0.46,139.95,139.32,141.96,137.52,0.96,downtrend,0.00,0.14,false
2026-09-10,PNR,56.73,2559621,25.92,5.09,56.59,67.48,56.25,68.23,-94.91,69,FallingWedge|ThreeDescendingPeaks|DescendingScallop,216.00,SELL,1.83,59.48,51.24,59.48,55.81,-3.15,-2.49,-0.66,62.03,61.52,65.92,85.05,0.67,downtrend,0.00,0.08,false
2026-09-10,PODD,134.68,1866028,34.95,3.23,136.85,153.41,134.11,155.17,-96.77,69,DescendingScallop,200.00,SELL,5.99,143.66,116.72,143.66,131.69,0.24,-2.13,2.37,145.13,145.49,153.26,207.31,1.10,downtrend,0.00,0.08,false
2026-09-10,PPG,105.05,2284186,32.99,7.22,107.17,117.08,104.18,116.23,-92.78,69,DoubleTop|HeadAndShoulders,191.00,HOLD,2.86,100.75,113.64,100.75,106.48,-2.08,-1.46,-0.62,112.12,111.65,114.92,111.56,1.69,downtrend,0.00,0.08,false
2026-09-10,PTC,128.71,1670034,32.84,5.89,131.20,165.75,126.79,159.46,-94.11,69,HeadAndShoulders,216.00,SELL,5.41,136.83,112.48,136.83,126.01,-1.68,3.45,-5.13,148.48,143.89,137.46,148.10,1.30,downtrend,0.00,0.08,false
2026-09-10,PWR,618.73,553183,44.27,34.14,570.84,706.81,593.70,724.80,-65.86,69,DoubleBottom|DescendingScallop,140.24,HOLD,23.56,583.39,689.41,583.39,630.51,-29.53,-21.65,-7.88,638.83,632.55,647.42,590.71,0.54,uptrend,0.00,0.20,false
2026-09-10,QCOM,176.88,15541314,61.63,75.75,155.42,176.57,156.23,183.49,-24.25,69,ThreeRisingValleys|AscendingScallop|MeasuredMoveUp,516.58,HOLD,7.03,166.34,197.97,166.34,180.39,3.61,2.16,1.46,165.99,168.27,168.60,168.01,1.45,uptrend,0.00,0.50,false
2026-09-10,RDDT,155.34,5781958,48.85,52.90,140.91,169.47,143.47,184.28,-47.10,69,DoubleBottom,146.08,HOLD,8.99,141.85,182.32,141.85,159.84,-2.31,-2.87,0.56,155.19,155.07,168.74,174.02,0.80,downtrend,0.00,0.27,false
2026-09-10,REGN,793.26,524395,49.11,17.67,784.93,851.39,779.08,859.34,-82.33,69,DoubleBottom|DoubleTop,119.28,HOLD,20.14,763.06,853.67,763.06,803.33,6.09,21.29,-15.20,818.16,806.57,748.32,733.40,0.83,uptrend,0.00,0.42,false
2026-09-10,RL,336.67,968320,32.75,10.94,325.59,394.18,331.35,397.85,-89.06,69,ThreeDescendingPeaks|DescendingScallop,191.00,HOLD,11.00,320.17,369.66,320.17,342.17,-20.61,-15.17,-5.44,359.89,356.33,375.14,366.39,1.52,downtrend,0.00,0.08,false
2026-09-10,RMD,219.58,826089,43.68,14.21,216.17,242.17,215.80,242.40,-85.79,69,DoubleBottom|DoubleTop|HeadAndShoulders,179.07,HOLD,6.47,209.87,239.00,209.87,222.82,3.29,6.30,-3.01,229.17,226.26,216.62,228.02,0.61,downtrend,0.00,0.08,false
2026-09-10,ROK,421.37,722939,39.28,28.08,416.48,447.09,414.78,454.69,-71.92,69,DescendingScallop,156.55,HOLD,10.30,405.92,452.26,405.92,426.52,-7.11,-10.42,3.30,431.78,432.64,450.25,421.38,1.12,downtrend,0.00,0.34,false
2026-09-10,ROL,34.56,5216653,28.83,6.21,34.68,37.38,34.35,37.73,-93.79,69,DescendingScallop|MeasuredMoveDown,280.00,SELL,0.90,35.91,31.85,35.91,34.11,-0.54,-0.53,-0.00,36.03,36.19,39.05,51.91,1.19,downtrend,0.00,0.08,false
2026-09-10,ROP,388.58,472995,41.52,2.36,384.20,432.22,387.59,429.60,-97.64,69,DoubleBottom,151.67,HOLD,10.67,372.58,420.58,372.58,393.91,5.51,8.80,-3.29,408.21,404.29,387.33,375.33,0.72,uptrend,0.00,0.23,false
2026-09-10,ROST,225.48,1349029,36.39,13.01,221.70,245.61,222.73,249.17,-86.99,69,DescendingScallop,148.86,HOLD,5.46,217.29,241.87,217.29,228.21,-7.53,-8.03,0.50,233.66,233.12,235.42,213.61,0.49,uptrend,0.00,0.08,false
2026-09-10,RSG,221.08,1665225,53.01,34.55,214.88,226.20,213.00,225.74,-65.45,69,DoubleTop|AscendingScallop,156.81,HOLD,3.78,215.42,232.41,215.42,222.97,3.34,4.08,-0.74,220.54,220.49,217.97,215.09,1.11,uptrend,0.00,0.34,false
2026-09-10,RVTY,120.94,1343060,47.26,0.37,114.00,134.42,113.69,133.00,-99.63,69,AscendingScallop,143.01,HOLD,3.85,115.16,132.50,115.16,122.87,5.16,5.49,-0.32,124.21,123.99,117.12,102.83,0.84,uptrend,0.00,0.63,true
2026-09-10,SHW,317.44,1671554,31.59,5.04,317.68,365.23,315.42,363.95,-94.96,69,ThreeDescendingPeaks|DescendingScallop,191.00,HOLD,7.58,306.07,340.19,306.07,321.23,-11.95,-7.78,-4.17,341.45,337.12,341.64,334.07,1.10,downtrend,0.00,0.08,false
2026-09-10,SLB,56.01,11666733,55.35,47.52,51.12,59.64,51.60,60.46,-52.48,69,ThreeRisingValleys|AscendingScallop,295.19,HOLD,1.90,53.16,61.71,53.16,56.96,2.06,2.03,0.03,55.38,55.44,51.39,49.37,0.94,uptrend,0.00,0.29,false
2026-09-10,SMCI,37.38,26247165,53.79,44.22,35.33,40.33,34.09,42.31,-55.78,69,DoubleTop|DescendingScallop,72.96,HOLD,2.24,34.02,44.11,34.02,38.50,1.57,2.51,-0.94,37.83,36.95,32.28,31.45,0.60,uptrend,0.00,0.50,false
2026-09-10,SNDK,1692.59,8643364,57.34,70.63,1402.49,1791.24,1331.58,1827.99,-29.37,69,DoubleTop|ThreeRisingValleys|AscendingScallop,313.08,BUY,120.23,1512.24,2053.29,1512.24,1752.71,67.86,101.71,-33.85,1596.87,1585.48,1525.85,1026.51,0.66,uptrend,0.83,0.75,true
2026-09-10,SNPS,397.17,1666621,44.40,19.89,374.65,448.51,380.33,464.98,-80.11,69,HeadAndShoulders,187.97,HOLD,16.03,373.12,445.26,373.12,405.19,4.64,6.76,-2.12,411.58,408.92,409.31,447.33,0.90,downtrend,0.00,0.08,false
2026-09-10,STE,212.45,664035,28.07,3.79,215.84,245.16,211.35,240.34,-96.21,69,DoubleTop|ThreeDescendingPeaks|DescendingScallop,216.00,SELL,5.56,220.80,195.76,220.80,209.67,-4.26,-0.65,-3.60,230.50,227.06,225.45,232.27,1.13,downtrend,0.00,0.08,false
2026-09-10,STLD,237.08,671518,45.40,47.83,218.55,260.47,218.02,264.85,-52.17,69,InvertedCupWithHandle|ThreeRisingValleys|DescendingScallop,80.81,HOLD,8.37,224.53,262.18,224.53,241.26,-7.05,-11.46,4.41,239.51,241.07,242.14,211.59,0.57,uptrend,0.00,0.35,false
2026-09-10,STX,862.33,3057129,51.34,61.02,754.50,967.48,763.52,1013.99,-38.98,69,DoubleBottom|DescendingScallop,156.80,HOLD,54.08,781.20,1024.58,781.20,889.37,-13.14,-6.76,-6.38,860.99,851.46,849.91,602.92,0.85,uptrend,0.00,0.63,true
2026-09-10,SWKS,84.03,11321612,80.29,91.85,61.00,78.80,63.06,85.89,-8.15,69,ThreeRisingValleys|AscendingScallop,593.15,BUY,3.60,78.63,94.84,78.63,85.83,1.50,0.71,0.79,69.90,71.02,65.53,64.14,1.90,uptrend,1.00,0.83,true
2026-09-10,SYK,270.01,3246154,23.01,0.57,276.29,360.48,269.64,346.64,-99.43,69,FallingWedge|ThreeDescendingPeaks|DescendingScallop,216.00,SELL,10.74,286.12,237.80,286.12,264.64,-15.65,-9.18,-6.47,318.39,311.11,325.78,337.14,1.19,downtrend,0.00,0.08,false
2026-09-10,TECH,72.08,3767539,55.07,0.00,72.12,72.53,72.06,72.62,-100.00,69,DoubleBottom|DescendingTriangle|DoubleTop,141.00,HOLD,0.28,71.67,72.91,71.67,72.22,0.04,0.10,-0.06,72.32,72.18,71.93,61.21,1.60,uptrend,0.00,0.78,true
2026-09-10,TEL,204.63,1661870,47.46,41.03,196.68,215.65,199.28,218.92,-58.97,69,DoubleBottom|InvertedCupWithHandle|DescendingScallop,153.69,HOLD,5.77,195.97,221.95,195.97,207.52,-3.46,-4.19,0.72,206.16,206.20,205.91,215.90,0.83,downtrend,0.00,0.08,false
2026-09-10,TER,370.19,2309243,50.41,74.18,320.31,428.21,326.00,444.17,-25.82,69,DescendingScallop,85.70,HOLD,21.89,337.35,435.87,337.35,381.14,-17.64,-9.60,-8.04,374.26,367.24,366.77,319.48,0.99,uptrend,0.00,0.30,false
2026-09-10,TGT,155.73,3197581,47.69,6.59,151.00,170.50,146.21,170.75,-93.41,69,,79.05,HOLD,4.38,149.16,168.87,149.16,157.92,4.04,6.37,-2.33,160.75,159.12,148.46,123.59,0.69,uptrend,0.00,0.63,true
2026-09-10,TJX,126.42,6159555,18.12,5.08,121.59,154.80,125.56,154.04,-94.92,69,ThreeDescendingPeaks|DescendingScallop,216.00,SELL,2.84,130.68,117.89,130.68,125.00,-10.37,-9.86,-0.51,138.20,137.14,148.52,154.43,0.76,downtrend,0.00,0.08,false
2026-09-10,TMO,603.18,1539451,51.47,16.02,582.24,642.04,580.00,647.00,-83.98,69,DoubleTop|ThreeDescendingPeaks,82.19,HOLD,15.56,579.84,649.85,579.84,610.96,7.63,15.73,-8.10,612.14,606.48,576.56,536.52,0.93,uptrend,0.00,0.63,true
2026-09-10,TPL,366.10,305893,46.42,23.12,352.78,384.26,335.10,396.78,-76.88,69,DoubleTop|AscendingScallop,115.00,HOLD,15.17,343.34,411.62,343.34,373.69,4.26,0.28,3.98,368.52,371.31,385.29,392.68,0.89,downtrend,0.00,0.08,false
2026-09-10,TPR,115.87,3041960,29.50,18.02,114.78,136.44,112.11,135.78,-81.98,69,ThreeDescendingPeaks|DescendingScallop,158.33,HOLD,4.48,109.15,129.32,109.15,118.11,-11.17,-12.37,1.20,125.61,126.91,138.93,138.54,0.77,downtrend,0.00,0.08,false
2026-09-10,TRMB,56.84,1793322,43.95,4.09,56.01,61.99,54.71,62.00,-95.91,69,DoubleTop|HeadAndShoulders,165.33,HOLD,1.82,54.11,62.31,54.11,57.75,0.53,0.88,-0.34,59.00,58.62,56.47,64.54,0.45,downtrend,0.00,0.08,false
2026-09-10,TSCO,33.52,8608478,44.00,9.36,33.78,36.17,33.25,36.89,-90.64,69,DescendingScallop,191.00,HOLD,1.09,31.89,36.78,31.89,34.06,-0.19,0.52,-0.72,34.97,34.48,32.93,41.60,0.98,downtrend,0.00,0.08,false
2026-09-10,TSLA,363.56,29554006,53.74,50.66,332.25,375.47,325.24,384.04,-49.34,69,ThreeRisingValleys|AscendingScallop,274.68,HOLD,14.65,341.58,407.52,341.58,370.89,11.61,13.96,-2.35,353.86,355.60,355.70,399.05,0.74,downtrend,0.00,0.20,false
2026-09-10,TT,439.83,633812,37.61,18.47,429.82,478.00,434.00,483.62,-81.53,69,InvertedCupWithHandle|DescendingScallop,186.04,HOLD,10.02,424.81,469.88,424.81,444.84,-12.70,-10.40,-2.30,453.91,452.22,466.03,444.97,0.70,downtrend,0.00,0.14,false
2026-09-10,TTD,13.97,10280213,43.29,43.67,12.70,14.85,12.97,15.26,-56.33,69,DoubleBottom,136.06,HOLD,0.73,12.87,16.17,12.87,14.34,-0.20,-1.13,0.93,13.78,14.31,16.31,24.65,0.56,downtrend,0.00,0.20,false
2026-09-10,TXN,258.82,5831596,42.46,49.35,247.79,279.42,248.13,286.21,-50.65,69,ThreeDescendingPeaks|DescendingScallop,118.28,HOLD,8.23,246.47,283.52,246.47,262.94,-8.44,-8.22,-0.22,263.61,263.69,278.24,240.94,1.07,uptrend,0.00,0.30,false
2026-09-10,TYL,335.48,771182,44.86,0.55,317.26,388.25,311.07,393.53,-99.45,69,,204.68,SELL,14.05,356.55,293.34,356.55,328.46,18.11,20.69,-2.58,352.76,350.12,328.23,355.71,0.78,downtrend,0.00,0.08,false
2026-09-10,UBER,72.56,35283827,43.39,25.30,71.66,81.00,69.24,82.36,-74.70,69,DescendingScallop,245.00,SELL,2.67,76.56,64.56,76.56,71.23,0.02,1.79,-1.78,76.33,75.15,73.95,76.09,2.16,downtrend,0.00,0.08,false
2026-09-10,ULTA,535.63,620382,51.43,49.82,498.40,567.61,493.11,568.44,-50.18,69,DoubleBottom|AscendingScallop,248.92,HOLD,17.87,508.83,589.23,508.83,544.56,7.78,3.34,4.44,533.00,536.72,510.23,556.92,0.85,downtrend,0.00,0.20,false
2026-09-10,UNP,285.78,2290137,36.77,6.26,281.18,315.61,283.89,314.15,-93.74,69,DoubleTop|ThreeDescendingPeaks|DescendingScallop,170.00,HOLD,5.87,276.98,303.39,276.98,288.71,-1.16,3.36,-4.53,298.39,294.68,294.50,261.26,0.97,uptrend,0.00,0.48,false
2026-09-10,UPS,99.97,2607071,36.88,13.98,99.37,106.76,98.81,107.11,-86.02,69,DoubleTop,163.73,HOLD,2.05,96.89,106.13,96.89,101.00,-0.36,-0.75,0.40,103.07,103.15,107.24,105.01,0.66,downtrend,0.00,0.14,false
2026-09-10,URI,989.08,448432,36.49,15.37,947.96,1169.37,967.58,1176.44,-84.63,69,DescendingScallop,165.17,HOLD,32.60,940.18,1086.88,940.18,1005.38,-61.06,-41.76,-19.29,1058.66,1043.89,1080.79,930.72,1.04,uptrend,0.00,0.48,false
2026-09-10,VLTO,93.45,1099462,37.32,7.10,94.25,100.84,92.92,101.00,-92.90,69,DoubleTop|DescendingScallop,166.00,HOLD,1.96,90.50,99.34,90.50,94.43,-0.45,0.55,-1.00,97.54,96.68,95.49,93.38,0.74,sideways,0.00,0.34,false
2026-09-10,VMC,250.60,1002618,31.51,12.58,250.87,287.06,246.20,283.21,-87.42,69,DoubleTop|InvertedCupWithHandle|ThreeDescendingPeaks|DescendingScallop,210.65,SELL,7.18,261.37,229.06,261.37,247.01,-8.28,-5.69,-2.59,268.97,266.91,279.40,287.92,1.09,downtrend,0.00,0.08,false
2026-09-10,VRSN,288.85,579007,52.48,52.87,272.81,299.88,271.10,300.36,-47.13,69,DoubleTop|HeadAndShoulders|MeasuredMoveDown,15.00,HOLD,7.89,277.02,312.51,277.02,292.79,2.93,-0.10,3.03,286.34,287.41,280.98,262.32,0.87,uptrend,0.00,0.35,false
2026-09-10,VRT,248.13,10015696,41.21,6.64,240.78,294.91,244.77,300.30,-93.36,69,DoubleTop|DescendingScallop,263.00,SELL,15.50,271.39,201.62,271.39,240.38,-6.06,-4.02,-2.04,267.85,267.62,279.82,258.94,2.13,downtrend,0.00,0.08,false
2026-09-10,VRTX,514.56,810087,43.50,0.52,507.12,568.97,502.29,560.25,-99.48,69,DoubleTop,109.35,HOLD,13.21,494.74,554.20,494.74,521.17,11.28,21.54,-10.25,538.04,532.21,510.30,467.58,0.79,uptrend,0.00,0.35,false
2026-09-10,WAB,280.27,717597,40.41,19.38,275.25,306.10,274.83,304.36,-80.62,69,BearishFlag|DoubleTop|ThreeDescendingPeaks|DescendingScallop,142.14,HOLD,6.39,270.68,299.44,270.68,283.47,-4.93,-2.37,-2.56,290.68,287.33,284.18,255.50,0.87,uptrend,0.00,0.48,false
2026-09-10,WAT,401.64,572371,47.76,26.12,399.82,420.79,392.95,426.22,-73.88,69,DoubleBottom|DoubleTop|HeadAndShoulders,96.60,HOLD,12.11,383.47,437.97,383.47,407.70,0.96,5.72,-4.76,410.31,406.82,393.53,361.16,0.90,uptrend,0.00,0.63,true
2026-09-10,WDAY,185.09,2410711,48.97,5.48,183.64,208.57,174.60,227.49,-94.52,69,DescendingScallop,113.14,HOLD,9.43,170.94,213.39,170.94,189.81,3.35,9.72,-6.36,196.11,190.24,169.53,159.64,0.51,uptrend,0.00,0.63,true
2026-09-10,WELL,235.71,2255358,47.56,23.00,233.27,242.22,231.21,243.04,-77.00,69,DoubleBottom|DoubleTop|MeasuredMoveDown,165.33,HOLD,4.89,228.38,250.38,228.38,238.15,1.70,1.92,-0.22,237.74,237.45,237.64,211.49,0.87,uptrend,0.00,0.48,false
2026-09-10,WM,214.77,2149492,33.72,4.17,214.83,227.68,214.21,228.72,-95.83,69,DescendingScallop,255.00,SELL,3.83,220.51,203.29,220.51,212.86,-3.52,-2.93,-0.59,221.26,221.01,227.88,225.24,1.02,downtrend,0.00,0.08,false
2026-09-10,WSM,223.74,961030,38.88,17.44,218.98,247.64,218.60,249.77,-82.56,69,DoubleBottom|DoubleTop,147.61,HOLD,7.49,212.51,246.20,212.51,227.48,-7.99,-5.32,-2.67,233.31,231.09,232.11,205.13,0.83,uptrend,0.00,0.49,false
2026-09-10,WST,344.25,643923,49.59,45.09,334.44,356.33,331.99,360.29,-54.91,69,ThreeDescendingPeaks,92.35,HOLD,7.65,332.78,367.19,332.78,348.07,-4.65,-1.23,-3.42,345.39,343.97,349.21,294.94,1.40,uptrend,0.00,0.63,true
2026-09-10,WY,21.99,5389405,25.88,5.40,22.16,25.27,21.83,25.00,-94.60,69,InvertedCupWithHandle|ThreeDescendingPeaks|DescendingScallop,216.00,SELL,0.54,22.80,20.38,22.80,21.72,-0.82,-0.59,-0.23,23.71,23.50,24.00,24.28,1.13,downtrend,0.00,0.08,false
2026-09-10,XOM,165.23,16203525,60.43,78.15,156.00,167.93,155.32,168.64,-21.85,69,DoubleBottom|DoubleTop,284.17,HOLD,3.59,159.84,176.00,159.84,167.03,0.42,2.07,-1.65,161.96,160.98,154.58,145.42,1.17,uptrend,0.00,0.42,false
2026-09-10,XYL,106.55,3390678,35.50,10.49,103.42,120.50,105.48,122.92,-89.51,69,ThreeDescendingPeaks|DescendingScallop,216.00,SELL,2.81,110.76,98.13,110.76,105.15,-4.98,-4.39,-0.58,111.96,111.29,116.96,123.77,1.56,downtrend,0.00,0.08,false
2026-09-10,ZBRA,344.01,496098,48.77,21.82,340.07,378.76,336.40,384.20,-78.18,69,DescendingScallop,124.22,HOLD,11.73,326.42,379.20,326.42,349.87,-8.99,2.81,-11.80,359.41,351.01,320.26,259.00,0.87,uptrend,0.00,0.63,true
2026-09-11,A,146.93,1775664,48.13,25.24,142.92,159.91,141.25,163.75,-74.76,56,ThreeDescendingPeaks,83.08,HOLD,4.33,140.44,159.92,140.44,149.09,-0.11,3.53,-3.64,151.42,148.82,143.26,131.58,0.75,uptrend,0.00,0.63,true
2026-09-11,AAPL,332.27,50423955,62.79,85.90,301.78,331.47,302.94,336.22,-14.10,56,AscendingScallop,404.90,BUY,8.05,320.20,356.41,320.20,336.29,6.53,3.27,3.26,316.63,319.03,317.97,284.95,1.19,uptrend,0.83,0.72,true
2026-09-11,ABBV,257.12,4307736,51.96,51.39,247.62,268.87,246.77,266.97,-48.61,56,DoubleBottom|DoubleTop,108.15,HOLD,5.74,248.51,274.35,248.51,259.99,1.06,4.47,-3.41,258.25,256.21,254.51,228.74,0.99,uptrend,0.00,0.35,false
2026-09-11,ABT,101.95,8351421,33.57,2.84,102.36,118.99,101.50,117.34,-97.16,56,FallingWedge|ThreeDescendingPeaks|DescendingScallop,201.00,SELL,2.73,106.04,93.77,106.04,100.59,-1.95,1.21,-3.16,110.67,108.18,105.30,105.84,1.05,downtrend,0.00,0.08,false
2026-09-11,ACN,183.90,2877078,55.18,42.41,171.23,195.11,169.75,195.32,-57.59,56,HeadAndShoulders|AscendingScallop,82.88,HOLD,6.67,173.89,203.92,173.89,187.24,3.23,5.73,-2.50,183.17,181.16,165.85,201.62,0.60,downtrend,0.00,0.20,false
2026-09-11,ADBE,252.23,10749034,42.47,20.20,244.95,298.01,241.52,294.53,-79.80,56,DoubleTop,244.10,SELL,10.85,268.50,219.69,268.50,246.81,3.15,8.08,-4.93,271.48,266.44,252.61,266.60,2.17,downtrend,0.00,0.08,false
2026-09-11,ADI,378.78,2885826,56.10,95.12,349.67,388.85,348.00,396.95,-4.88,56,InvertedCupWithHandle|DescendingScallop,110.31,HOLD,11.18,362.00,412.33,362.00,384.37,-8.63,-6.40,-2.23,369.26,368.39,375.43,351.04,0.80,uptrend,0.00,0.27,false
2026-09-11,ADM,86.72,3543175,64.55,84.25,77.16,87.82,75.86,88.75,-15.75,56,ThreeRisingValleys|AscendingScallop,460.33,HOLD,2.57,82.87,94.42,82.87,88.00,2.08,1.16,0.92,82.49,83.29,81.73,72.67,0.98,uptrend,0.00,0.47,false
2026-09-11,ADSK,212.40,1611691,35.54,9.28,204.73,278.68,206.33,271.72,-90.72,56,DoubleTop|ThreeDescendingPeaks|DescendingScallop,201.00,SELL,9.89,227.23,182.73,227.23,207.46,-7.86,0.58,-8.44,241.70,233.72,231.82,245.41,0.76,downtrend,0.00,0.08,false
2026-09-11,AKAM,106.79,3688088,43.57,50.21,98.99,120.69,100.77,126.73,-49.79,56,DescendingScallop,122.63,HOLD,4.96,99.35,121.67,99.35,109.27,-4.45,-5.05,0.60,109.84,109.66,115.41,109.98,1.25,downtrend,0.00,0.08,false
2026-09-11,ALB,117.52,2389506,34.95,1.04,120.94,144.93,117.24,144.06,-98.96,56,DoubleTop|ThreeDescendingPeaks|DescendingScallop,201.00,SELL,5.76,126.16,100.24,126.16,114.64,-1.31,3.63,-4.95,132.94,129.63,127.19,156.65,1.07,downtrend,0.00,0.08,false
2026-09-11,ALGN,150.82,619808,34.35,16.09,146.17,173.84,148.50,182.20,-83.91,56,HeadAndShoulders|DescendingScallop,185.00,HOLD,5.47,142.62,167.22,142.62,153.55,-6.83,-7.01,0.18,160.00,159.37,169.51,170.88,0.73,downtrend,0.00,0.08,false
2026-09-11,ALLE,153.35,1060998,44.02,17.35,149.96,166.16,150.69,166.63,-82.65,56,InvertedCupWithHandle|ThreeDescendingPeaks|DescendingScallop,132.05,HOLD,3.71,147.79,164.47,147.79,155.20,-4.81,-3.46,-1.35,158.06,156.47,153.77,150.93,0.80,sideways,0.00,0.34,false
2026-09-11,AMAT,456.49,4310804,41.65,45.88,424.07,527.03,426.13,539.81,-54.12,56,DescendingScallop,105.60,HOLD,21.40,424.39,520.70,424.39,467.19,-30.00,-26.70,-3.30,475.55,474.74,516.85,411.80,0.64,uptrend,0.00,0.23,false
2026-09-11,AMD,516.13,18790168,57.96,87.65,440.29,523.78,440.50,526.79,-12.35,56,DoubleTop,271.45,HOLD,22.64,482.17,584.06,482.17,527.45,0.91,-5.05,5.97,482.04,487.08,496.55,346.91,1.04,uptrend,1.00,0.83,true
2026-09-11,ANET,199.59,4636420,57.06,73.69,182.41,203.91,181.27,206.13,-26.31,56,DoubleBottom,331.10,HOLD,8.00,187.60,223.58,187.60,203.59,0.15,0.44,-0.29,193.16,192.36,185.30,153.40,0.92,uptrend,0.83,0.75,true
2026-09-11,AOS,57.39,1513410,38.13,11.73,56.61,64.60,56.50,64.09,-88.27,56,DoubleTop|ThreeDescendingPeaks|DescendingScallop,196.11,HOLD,1.54,55.08,62.01,55.08,58.16,-1.71,-0.87,-0.84,60.60,59.95,60.97,65.08,1.20,downtrend,0.00,0.08,false
2026-09-11,APD,291.43,895709,37.71,9.89,292.88,313.10,288.96,313.93,-90.11,56,FallingWedge|DoubleTop|HeadAndShoulders,151.00,HOLD,6.11,282.26,309.76,282.26,294.49,-1.14,1.49,-2.63,302.99,300.90,300.76,283.33,0.94,uptrend,0.00,0.08,false
2026-09-11,AVGO,361.99,20495281,42.24,57.38,346.93,388.06,342.33,412.50,-42.62,56,HeadAndShoulders|DescendingScallop,112.37,HOLD,12.03,343.95,398.07,343.95,368.00,-15.14,-19.81,4.67,367.49,370.29,383.09,370.20,0.80,downtrend,0.00,0.08,false
2026-09-11,AVY,169.38,796258,41.50,13.37,166.98,186.34,166.85,185.77,-86.63,56,BearishFlag|InvertedCupWithHandle|ThreeDescendingPeaks|DescendingScallop,191.45,HOLD,4.66,162.39,183.35,162.39,171.71,-3.16,0.22,-3.38,176.66,173.99,170.56,173.11,0.75,downtrend,0.00,0.08,false
2026-09-11,AZO,2876.75,354409,37.81,6.41,2869.02,3081.79,2865.13,3160.00,-93.59,56,DoubleBottom|DescendingScallop,201.00,SELL,68.83,2979.99,2670.27,2979.99,2842.34,-49.81,-37.71,-12.10,2975.41,2965.05,3014.82,3362.63,1.19,downtrend,0.00,0.08,false
2026-09-11,BBY,90.80,2999585,60.19,96.11,81.20,91.80,76.70,91.37,-3.89,56,DoubleTop|CupWithHandle|ThreeRisingValleys|AscendingScallop,476.77,BUY,3.32,85.82,100.75,85.82,92.46,0.82,0.41,0.41,86.50,86.66,84.98,71.75,0.72,uptrend,0.83,0.82,true
2026-09-11,BDX,177.85,1571050,45.09,14.83,176.41,194.60,175.20,193.07,-85.17,56,FallingWedge|DoubleTop,112.32,HOLD,4.26,171.45,190.64,171.45,179.98,0.42,4.93,-4.51,185.51,182.08,171.96,160.36,0.98,uptrend,0.00,0.42,false
2026-09-11,BIIB,217.15,1075503,53.18,48.73,208.30,225.77,207.62,225.80,-51.27,56,DoubleBottom|DoubleTop|HeadAndShoulders,110.55,HOLD,6.11,207.98,235.48,207.98,220.21,3.31,5.19,-1.88,217.03,215.66,209.47,191.92,1.50,uptrend,0.00,0.55,true
2026-09-11,BKNG,173.92,5107975,30.04,8.05,172.52,226.14,170.12,217.32,-91.95,56,ThreeDescendingPeaks|DescendingScallop,176.00,HOLD,6.91,163.55,194.66,163.55,177.38,-10.48,-2.80,-7.67,199.33,193.14,193.79,185.58,0.89,downtrend,0.00,0.08,false
2026-09-11,BLDR,60.37,2029265,35.62,15.35,58.71,74.50,58.13,74.74,-84.65,56,ThreeDescendingPeaks|DescendingScallop,191.12,HOLD,3.02,55.83,69.44,55.83,61.88,-4.07,-2.83,-1.24,66.61,65.75,70.93,89.38,0.97,downtrend,0.00,0.08,false
2026-09-11,BSX,42.98,26968614,33.28,2.63,42.93,53.23,42.78,52.99,-97.37,56,ThreeDescendingPeaks|DescendingScallop,201.00,SELL,1.79,45.67,37.61,45.67,42.08,-2.22,-0.87,-1.35,48.08,46.93,46.94,65.69,1.32,downtrend,0.00,0.08,false
2026-09-11,CAH,234.57,1111542,47.10,31.88,226.91,247.42,227.68,249.29,-68.12,56,,93.80,HOLD,5.45,226.39,250.93,226.39,237.30,2.60,1.42,1.19,237.17,237.70,234.26,216.35,0.77,uptrend,0.00,0.22,false
2026-09-11,CARR,57.46,6060838,36.70,29.42,55.99,62.65,55.97,63.96,-70.58,56,DescendingScallop,135.48,HOLD,1.64,55.00,62.37,55.00,58.28,-2.02,-2.15,0.13,59.32,59.48,63.51,61.51,1.15,downtrend,0.00,0.08,false
2026-09-11,CDNS,289.37,2539982,32.75,11.68,276.08,352.12,281.65,347.72,-88.32,56,DoubleTop,181.89,HOLD,11.49,272.14,323.83,272.14,295.11,-7.78,-5.06,-2.71,314.10,310.73,334.44,326.78,1.06,downtrend,0.00,0.08,false
2026-09-11,CDW,153.79,1774427,59.80,84.50,129.79,157.26,130.56,158.05,-15.50,56,AscendingScallop,392.89,BUY,6.89,143.45,174.46,143.45,157.24,5.92,2.38,3.54,143.52,145.08,140.58,131.90,1.05,uptrend,0.83,0.77,true
2026-09-11,CEG,284.75,1717887,53.69,44.31,264.45,298.63,264.82,305.80,-55.69,56,DoubleBottom,173.49,HOLD,9.57,270.40,313.45,270.40,289.53,6.42,4.92,1.50,281.54,282.67,269.53,295.28,0.70,downtrend,0.00,0.39,false
2026-09-11,CF,133.07,2292445,56.90,55.88,115.73,142.32,116.74,141.66,-44.12,56,ThreeRisingValleys|AscendingScallop,344.66,HOLD,5.30,125.12,148.96,125.12,135.72,6.36,5.33,1.03,129.03,130.23,123.45,109.20,0.87,uptrend,0.00,0.34,false
2026-09-11,CHD,94.15,1931716,32.11,10.94,93.81,104.26,93.04,103.23,-89.06,56,DoubleTop,173.35,HOLD,2.04,91.09,100.26,91.09,95.17,-1.35,-0.67,-0.67,99.04,98.36,99.04,95.15,1.09,downtrend,0.00,0.08,false
2026-09-11,CHRW,152.78,856536,50.24,83.53,140.79,154.27,141.24,154.99,-16.47,56,DoubleBottom|DoubleTop|AscendingScallop,290.66,HOLD,4.46,146.09,166.15,146.09,155.01,2.13,-0.73,2.86,147.53,150.60,165.43,172.74,0.68,downtrend,0.00,0.27,false
2026-09-11,CIEN,349.54,1979147,43.31,35.42,306.93,443.90,311.60,458.00,-64.58,56,ThreeDescendingPeaks|DescendingScallop,131.94,HOLD,24.65,312.56,423.50,312.56,361.87,-26.85,-15.86,-10.99,375.42,365.82,393.78,380.33,0.85,downtrend,0.00,0.08,false
2026-09-11,CL,86.80,5767120,33.39,6.66,87.14,93.10,86.39,93.28,-93.34,56,DoubleTop|DescendingScallop,176.00,HOLD,1.82,84.06,92.27,84.06,87.71,-1.30,-0.89,-0.41,90.12,89.79,91.47,87.89,1.36,downtrend,0.00,0.08,false
2026-09-11,CLX,87.76,6203100,23.02,8.61,85.83,113.41,85.72,109.42,-91.39,56,ThreeDescendingPeaks|DescendingScallop,273.00,SELL,2.81,91.97,79.34,91.97,86.36,-6.00,-2.34,-3.67,99.62,96.72,99.28,102.95,2.06,downtrend,0.00,0.08,false
2026-09-11,CMI,556.75,703523,35.42,31.22,521.87,632.08,542.70,644.81,-68.78,56,ThreeDescendingPeaks|DescendingScallop,149.35,HOLD,16.22,532.41,605.42,532.41,564.86,-31.57,-32.42,0.85,576.97,576.07,621.76,601.79,0.73,downtrend,0.00,0.08,false
2026-09-11,COHR,305.37,7299267,52.57,82.91,253.17,332.01,255.25,362.32,-17.09,56,DescendingScallop,155.11,HOLD,22.61,271.46,373.19,271.46,316.67,-17.44,-16.93,-0.51,292.59,294.03,300.50,279.67,1.18,uptrend,0.00,0.35,false
2026-09-11,COO,53.91,6438834,14.52,11.34,57.56,83.28,51.01,78.11,-88.66,56,ThreeDescendingPeaks|DescendingScallop,271.01,SELL,2.62,57.84,46.04,57.84,52.60,-4.68,-2.00,-2.68,70.42,67.98,71.71,73.12,2.07,downtrend,0.00,0.08,false
2026-09-11,COP,137.35,5427168,67.49,85.86,126.66,139.53,125.14,138.89,-14.14,56,ThreeRisingValleys|AscendingScallop,455.52,HOLD,3.05,132.77,146.51,132.77,138.88,3.70,5.25,-1.55,133.09,132.37,122.74,113.70,0.86,uptrend,0.83,0.62,true
2026-09-11,COR,321.57,835480,50.26,18.61,309.54,336.94,302.01,338.71,-81.39,56,HeadAndShoulders|AscendingScallop,130.00,HOLD,7.32,310.59,343.54,310.59,325.23,3.90,4.15,-0.25,323.24,323.31,315.13,321.13,0.72,uptrend,0.00,0.08,false
2026-09-11,CPRT,29.95,21847280,39.39,7.61,30.44,34.77,29.58,34.63,-92.39,56,DoubleBottom|DoubleTop,273.00,SELL,1.21,31.77,26.31,31.77,29.34,0.54,1.41,-0.87,32.60,31.90,30.28,34.25,2.01,downtrend,0.00,0.08,false
2026-09-11,CRH,88.55,4312287,35.68,15.07,88.00,99.05,86.84,98.19,-84.93,56,DoubleTop|ThreeDescendingPeaks|DescendingScallop,210.65,SELL,2.67,92.55,80.55,92.55,87.22,-2.43,-2.06,-0.37,93.52,93.30,98.21,111.07,0.99,downtrend,0.00,0.08,false
2026-09-11,CRL,278.26,767554,51.20,19.84,273.06,302.57,272.06,303.31,-80.16,56,DoubleBottom|ThreeDescendingPeaks,98.12,HOLD,8.91,264.90,304.98,264.90,282.71,1.31,11.75,-10.44,287.82,281.06,258.89,202.43,0.93,uptrend,0.00,0.63,true
2026-09-11,CRM,247.72,9664041,64.89,70.35,178.55,282.71,189.91,268.27,-29.65,56,AscendingScallop,306.28,HOLD,10.12,232.53,278.09,232.53,252.78,27.11,21.81,5.31,230.63,233.60,198.61,201.10,0.59,uptrend,0.83,0.75,true
2026-09-11,CRWD,206.74,6625990,49.96,48.44,182.62,232.40,181.24,233.88,-51.56,56,ThreeRisingValleys,214.48,HOLD,11.32,189.76,240.71,189.76,212.40,1.96,-1.23,3.19,207.51,208.35,202.58,144.12,0.64,uptrend,0.17,0.63,true
2026-09-11,CSCO,112.13,14150129,50.94,85.33,107.68,113.21,107.36,113.85,-14.67,56,DoubleBottom|DoubleTop,263.95,HOLD,2.76,107.98,120.42,107.98,113.51,-2.74,-3.57,0.83,110.44,111.09,113.73,95.41,0.92,uptrend,0.83,0.70,true
2026-09-11,CSGP,30.46,6194327,46.77,37.19,29.51,33.73,28.79,33.82,-62.81,56,ThreeDescendingPeaks|DescendingScallop,119.56,HOLD,1.33,28.47,34.44,28.47,31.12,-0.36,0.46,-0.82,31.62,31.03,30.35,43.00,0.93,downtrend,0.00,0.08,false
2026-09-11,CSX,48.95,6579524,42.11,25.93,47.89,52.45,47.83,52.15,-74.07,56,BearishFlag|DoubleTop,106.93,HOLD,1.01,47.44,51.97,47.44,49.45,-0.49,-0.02,-0.48,50.17,49.77,50.22,43.46,0.74,uptrend,0.00,0.55,true
2026-09-11,CTAS,201.50,1550355,51.37,41.19,196.58,207.01,196.50,207.51,-58.81,56,DoubleBottom|DoubleTop,112.80,HOLD,3.76,195.85,212.79,195.85,203.38,-0.67,-0.30,-0.37,201.80,201.29,199.58,187.16,0.89,uptrend,0.00,0.28,false
2026-09-11,CTSH,60.00,3102251,52.31,28.02,56.58,66.10,56.55,65.42,-71.98,56,DoubleTop|HeadAndShoulders|AscendingScallop,109.88,HOLD,2.13,56.80,66.39,56.80,61.07,1.45,2.59,-1.14,61.34,60.26,54.01,62.50,0.55,downtrend,0.00,0.08,false
2026-09-11,CTVA,83.90,5274720,51.07,27.40,75.52,90.81,75.46,90.87,-72.60,56,AscendingScallop,225.48,HOLD,2.35,80.37,90.96,80.37,85.08,4.01,3.07,0.94,83.17,84.03,83.45,77.77,1.12,uptrend,0.00,0.42,false
2026-09-11,DASH,201.95,2176249,40.77,21.67,195.70,244.13,191.74,238.83,-78.33,56,DoubleTop,117.92,HOLD,8.12,189.77,226.31,189.77,206.01,0.23,7.52,-7.29,219.92,213.75,204.82,188.53,0.55,uptrend,0.00,0.63,true
2026-09-11,DD,126.99,850869,29.16,5.15,125.29,145.41,126.23,146.82,-94.85,56,DescendingScallop,176.00,HOLD,3.24,122.13,136.71,122.13,128.61,-4.76,-3.68,-1.08,135.35,133.89,137.64,136.95,0.72,downtrend,0.00,0.08,false
2026-09-11,DECK,81.27,3020626,33.59,14.04,79.10,94.79,79.34,94.33,-85.96,56,ThreeDescendingPeaks|DescendingScallop,216.85,SELL,2.66,85.26,73.30,85.26,79.94,-4.41,-4.31,-0.10,86.95,86.74,95.56,102.50,1.09,downtrend,0.00,0.08,false
2026-09-11,DHI,137.89,2404210,40.12,22.71,135.88,153.95,133.88,154.40,-77.29,56,ThreeDescendingPeaks|DescendingScallop,173.96,HOLD,3.89,132.05,149.57,132.05,139.84,-3.37,-1.44,-1.92,144.91,143.44,147.33,149.79,1.23,downtrend,0.00,0.08,false
2026-09-11,DHR,200.14,3628482,41.40,5.05,197.17,221.73,199.16,220.67,-94.95,56,DoubleBottom|FallingWedge|DoubleTop|ThreeDescendingPeaks,201.00,SELL,5.80,208.85,182.73,208.85,197.24,0.44,4.60,-4.15,209.45,206.88,202.38,202.39,1.14,downtrend,0.00,0.22,false
2026-09-11,DOV,189.05,1043773,35.32,13.43,184.87,210.25,186.33,208.19,-86.57,56,BearishFlag|ThreeDescendingPeaks|DescendingScallop,194.08,HOLD,4.10,182.91,201.34,182.91,191.10,-6.52,-4.96,-1.56,197.56,196.41,204.74,210.21,0.92,downtrend,0.00,0.08,false
2026-09-11,DVN,50.23,10196542,66.77,99.75,46.11,50.43,44.70,50.24,-0.25,56,DoubleTop|ThreeRisingValleys|AscendingScallop,405.23,HOLD,1.21,48.41,53.86,48.41,50.84,1.17,1.62,-0.45,48.27,48.03,45.45,43.79,0.97,uptrend,0.00,0.41,false
2026-09-11,DXCM,83.03,2467917,40.44,7.18,83.61,93.82,82.29,92.59,-92.82,56,DoubleTop,126.00,HOLD,2.58,79.15,90.78,79.15,84.32,-0.73,1.42,-2.15,88.71,86.85,82.41,71.39,0.65,uptrend,0.00,0.55,true
2026-09-11,EBAY,107.75,3114887,53.74,80.61,100.98,107.85,99.85,109.65,-19.39,56,DoubleBottom|HeadAndShoulders,271.69,HOLD,3.43,102.60,118.05,102.60,109.47,-0.25,-1.43,1.18,104.41,105.49,108.91,99.15,0.70,uptrend,0.00,0.55,false
2026-09-11,ECL,276.18,1289082,45.29,28.57,270.59,291.42,268.52,295.33,-71.43,56,DoubleBottom|BearishFlag|DoubleTop|ThreeDescendingPeaks,102.43,HOLD,5.57,267.82,292.90,267.82,278.97,-1.00,0.92,-1.93,281.01,279.34,278.38,273.12,0.88,sideways,0.00,0.08,false
2026-09-11,EFX,169.00,1054284,37.28,8.49,166.01,202.20,166.32,197.90,-91.51,56,DoubleTop,201.00,SELL,7.10,179.66,147.69,179.66,165.45,-1.86,3.36,-5.22,184.11,180.15,178.95,187.02,0.92,downtrend,0.00,0.14,false
2026-09-11,EL,97.12,2573633,51.52,9.63,85.83,111.83,83.85,108.38,-90.37,56,DoubleTop|AscendingScallop,90.00,HOLD,3.31,92.16,107.04,92.16,98.77,5.23,7.23,-2.00,98.83,97.90,89.95,92.48,0.65,uptrend,0.00,0.35,false
2026-09-11,EMR,152.19,1901857,48.89,43.36,146.04,163.10,146.35,164.80,-56.64,56,InvertedCupWithHandle|DescendingScallop,72.19,HOLD,3.78,146.52,163.52,146.52,154.08,-3.87,-2.43,-1.45,154.57,152.92,150.11,143.19,0.91,uptrend,0.00,0.42,false
2026-09-11,EOG,147.36,3060011,54.35,43.31,141.76,152.49,141.31,153.67,-56.69,56,DoubleBottom|CupWithHandle|AscendingScallop,353.97,HOLD,3.47,142.16,157.77,142.16,149.09,0.58,2.14,-1.56,147.13,146.07,142.82,129.47,1.10,uptrend,0.00,0.35,false
2026-09-11,EQIX,1037.72,558715,46.72,36.05,1008.91,1106.60,1002.24,1109.22,-63.95,56,DoubleTop|InvertedCupWithHandle|ThreeDescendingPeaks|DescendingScallop,94.62,HOLD,29.05,994.15,1124.87,994.15,1052.24,-13.46,-1.42,-12.04,1057.76,1046.74,1043.95,966.58,1.07,uptrend,0.00,0.20,false
2026-09-11,EW,84.37,3795186,31.25,6.13,85.72,93.64,83.81,93.25,-93.87,56,DoubleTop|HeadAndShoulders,176.00,HOLD,2.20,81.07,90.97,81.07,85.47,-1.24,-0.14,-1.10,89.68,88.82,89.23,84.97,1.36,downtrend,0.00,0.08,false
2026-09-11,EXPD,192.60,863063,65.31,93.79,184.57,191.96,184.29,193.15,-6.21,56,DoubleBottom|DoubleTop,338.57,BUY,3.70,187.06,203.69,187.06,194.45,2.41,4.19,-1.78,188.27,187.07,180.37,159.70,1.15,uptrend,0.83,0.90,true
2026-09-11,EXPE,280.83,1365308,39.18,24.08,270.09,353.81,261.43,342.00,-75.92,56,ThreeDescendingPeaks|DescendingScallop,111.11,HOLD,12.82,261.59,319.30,261.59,287.24,-11.84,0.28,-12.12,311.95,301.20,295.85,259.41,0.84,uptrend,0.00,0.63,true
2026-09-11,FAST,49.32,6279323,48.54,37.11,47.95,52.23,47.65,52.15,-62.89,56,DoubleTop|ThreeDescendingPeaks|DescendingScallop,62.91,HOLD,1.07,47.72,52.52,47.72,49.85,-1.04,-0.33,-0.71,50.09,49.60,48.80,45.56,1.07,uptrend,0.00,0.34,false
2026-09-11,FCX,71.07,10759201,48.18,19.49,65.61,81.62,65.57,80.24,-80.51,56,DoubleTop|AscendingScallop,74.24,HOLD,3.22,66.24,80.74,66.24,72.68,2.18,3.83,-1.65,73.62,72.82,67.39,61.61,0.72,uptrend,0.00,0.35,false
2026-09-11,FFIV,411.71,455014,56.38,89.73,374.84,413.58,376.21,420.05,-10.27,56,DoubleTop|AscendingScallop,316.33,HOLD,13.34,391.70,451.73,391.70,418.38,0.27,-5.67,5.94,394.21,398.14,403.84,330.67,1.01,uptrend,0.83,0.84,true
2026-09-11,FICO,985.39,400083,39.07,33.87,926.55,1245.88,885.00,1188.80,-66.13,56,DoubleTop,155.49,HOLD,58.03,898.35,1159.47,898.35,1014.40,-19.44,10.78,-30.23,1086.21,1063.35,1149.60,1289.04,1.14,downtrend,0.00,0.08,false
2026-09-11,FIX,1690.82,320710,53.82,97.50,1465.96,1807.63,1505.73,1883.70,-2.50,56,DescendingScallop,222.78,HOLD,77.43,1574.68,1923.10,1574.68,1729.53,-57.38,-61.64,4.26,1636.79,1633.51,1688.83,1506.48,0.88,uptrend,0.00,0.46,false
2026-09-11,FLEX,115.78,3020316,51.23,87.69,100.30,125.09,102.25,131.63,-12.31,56,DescendingScallop,204.24,HOLD,5.83,107.04,133.27,107.04,118.69,-4.30,-5.04,0.74,112.70,113.06,119.61,95.96,1.04,uptrend,0.67,0.83,true
2026-09-11,FSLR,209.03,2068021,47.06,49.96,195.88,223.95,197.10,230.96,-50.04,56,InvertedCupWithHandle|DescendingScallop,125.10,HOLD,9.72,194.45,238.19,194.45,213.89,-10.52,-11.12,0.59,209.92,210.50,216.91,229.76,1.07,downtrend,0.00,0.08,false
2026-09-11,FTNT,156.07,2590593,47.52,26.94,146.73,169.53,148.25,173.89,-73.06,56,DoubleTop|DiamondBottom,83.15,HOLD,6.55,146.24,175.73,146.24,159.35,1.46,-0.40,1.87,158.13,158.57,158.98,111.62,0.64,uptrend,0.00,0.63,true
2026-09-11,GDDY,98.07,1446872,52.56,44.93,91.69,103.50,91.60,106.00,-55.07,56,DoubleBottom|HeadAndShoulders,103.07,HOLD,4.23,91.72,110.76,91.72,100.19,1.58,2.61,-1.03,97.59,97.02,94.24,95.58,0.83,uptrend,0.00,0.62,true
2026-09-11,GEHC,63.93,3191073,28.25,5.91,64.16,77.71,63.22,75.65,-94.09,56,ThreeDescendingPeaks|DescendingScallop,201.00,SELL,1.78,66.60,58.59,66.60,63.04,-2.22,-0.09,-2.12,70.94,69.11,68.30,72.56,1.19,downtrend,0.00,0.08,false
2026-09-11,GEV,957.27,1175204,48.73,76.16,865.37,1049.74,874.00,1099.66,-23.84,56,DescendingScallop,145.34,HOLD,40.23,896.93,1077.95,896.93,977.38,-35.10,-35.74,0.64,957.56,955.66,1002.33,893.82,0.59,uptrend,0.00,0.54,false
2026-09-11,GILD,143.72,4188711,50.49,5.76,139.44,153.05,135.91,152.55,-94.24,56,DoubleTop|HeadAndShoulders|AscendingScallop,50.21,HOLD,3.50,138.46,154.23,138.46,145.47,4.10,6.03,-1.94,146.25,144.93,138.09,134.73,0.80,uptrend,0.00,0.14,false
2026-09-11,GLW,166.40,4801549,56.85,84.71,137.57,172.71,139.25,176.94,-15.29,56,DoubleBottom,419.56,HOLD,8.47,153.69,191.82,153.69,170.64,-1.72,-2.59,0.87,155.14,156.74,159.47,145.50,0.55,uptrend,0.00,0.35,false
2026-09-11,GNRC,186.99,567513,40.42,27.83,170.46,222.73,178.19,223.04,-72.17,56,ThreeDescendingPeaks|DescendingScallop,173.74,HOLD,8.29,174.55,211.87,174.55,191.14,-13.03,-9.00,-4.03,196.60,194.14,208.94,209.35,0.62,downtrend,0.00,0.08,false
2026-09-11,GOOGL,338.50,24283830,46.79,45.10,331.65,350.46,327.74,351.60,-54.90,56,DoubleTop,83.04,HOLD,8.15,326.27,362.96,326.27,342.58,-4.76,-5.16,0.39,341.06,340.64,347.18,336.81,1.06,uptrend,0.00,0.27,false
2026-09-11,GPC,133.68,730868,50.05,17.75,131.41,139.46,129.40,139.89,-82.25,56,DoubleTop,56.64,HOLD,3.25,128.81,143.43,128.81,135.30,0.95,1.79,-0.84,135.43,134.70,130.66,120.01,0.71,uptrend,0.00,0.63,true
2026-09-11,GRMN,282.67,613224,50.51,48.21,265.17,308.31,268.01,313.48,-51.79,56,ThreeDescendingPeaks|DescendingScallop,71.19,HOLD,6.82,272.44,303.14,272.44,286.08,-12.32,-9.63,-2.69,286.74,282.53,275.73,240.09,0.74,uptrend,0.00,0.37,false
2026-09-11,GWW,1280.00,251478,42.30,22.09,1272.39,1339.68,1263.57,1337.96,-77.91,56,DoubleTop,100.76,HOLD,27.31,1239.03,1361.94,1239.03,1293.66,-2.17,-2.68,0.51,1306.03,1303.63,1333.72,1184.55,1.16,uptrend,0.00,0.34,false
2026-09-11,HAL,35.84,9915818,52.47,55.86,33.57,38.02,33.03,38.06,-44.14,56,AscendingScallop,195.08,HOLD,1.10,34.19,39.13,34.19,36.39,1.32,1.42,-0.11,35.79,35.77,34.30,35.01,0.91,uptrend,0.00,0.20,false
2026-09-11,HD,308.74,3214823,32.27,11.71,304.36,349.78,304.30,350.40,-88.29,56,ThreeDescendingPeaks|DescendingScallop,201.00,SELL,6.95,319.16,287.90,319.16,305.27,-12.40,-8.59,-3.81,327.07,324.00,335.83,343.36,0.83,downtrend,0.00,0.08,false
2026-09-11,HSY,173.32,1018644,39.83,17.58,168.56,192.05,169.71,190.46,-82.42,56,InvertedCupWithHandle|ThreeDescendingPeaks|DescendingScallop,180.04,HOLD,3.92,167.44,185.07,167.44,175.28,-4.63,-0.93,-3.70,180.31,177.86,178.44,192.24,0.89,downtrend,0.00,0.08,false
2026-09-11,HUBB,460.40,418102,44.53,52.51,434.63,500.19,439.89,513.04,-47.49,56,InvertedCupWithHandle|ThreeDescendingPeaks|DescendingScallop,153.33,HOLD,12.87,441.09,499.02,441.09,466.84,-18.96,-18.60,-0.36,467.41,466.54,480.83,486.38,0.90,downtrend,0.00,0.14,false
2026-09-11,IBM,243.29,4908830,56.80,98.22,227.63,241.14,227.40,243.55,-1.78,56,DoubleBottom|DoubleTop,281.50,HOLD,7.22,232.45,264.96,232.45,246.90,0.15,0.31,-0.15,234.39,235.20,238.00,261.24,1.02,downtrend,0.00,0.35,false
2026-09-11,IDXX,504.70,401623,31.58,6.64,507.37,575.68,500.61,575.56,-93.36,56,FallingWedge|DescendingScallop,201.00,SELL,15.52,527.98,458.15,527.98,496.94,-17.24,-13.68,-3.56,541.52,538.08,556.05,603.46,0.80,downtrend,0.00,0.08,false
2026-09-11,IEX,224.21,333710,42.89,27.48,218.71,241.15,219.75,242.73,-72.52,56,DescendingScallop,124.34,HOLD,4.81,216.99,238.64,216.99,226.62,-4.88,-3.08,-1.79,229.93,227.85,228.58,207.10,0.62,uptrend,0.00,0.48,false
2026-09-11,INCY,121.47,1424591,44.83,0.53,120.56,131.00,117.56,130.80,-99.47,56,DoubleTop,104.80,HOLD,3.49,116.24,131.94,116.24,123.21,1.05,2.52,-1.47,125.78,124.65,121.60,105.15,1.13,uptrend,0.00,0.63,true
2026-09-11,IR,72.93,5645189,30.20,12.85,71.67,84.00,71.65,84.43,-87.15,56,ThreeDescendingPeaks|DescendingScallop,184.97,HOLD,2.10,69.77,79.24,69.77,73.98,-3.82,-3.84,0.02,77.83,77.38,81.06,82.00,1.69,downtrend,0.00,0.08,false
2026-09-11,ISRG,369.15,3348733,48.11,61.58,349.24,397.77,345.25,405.34,-38.42,56,DescendingScallop,133.38,HOLD,12.19,350.86,405.73,350.86,375.25,-11.21,-5.79,-5.42,373.50,369.98,377.46,459.85,1.48,downtrend,0.00,0.08,false
2026-09-11,IT,179.59,900510,49.25,36.68,168.66,207.39,166.01,203.03,-63.32,56,DoubleTop|ThreeDescendingPeaks,88.64,HOLD,8.47,166.88,205.01,166.88,183.83,-1.04,5.96,-7.00,188.02,182.69,167.13,176.50,0.76,uptrend,0.00,0.23,false
2026-09-11,ITW,268.16,1008852,37.75,27.33,261.31,293.40,261.35,291.02,-72.67,56,BearishFlag|DescendingScallop,114.30,HOLD,5.20,260.36,283.76,260.36,270.76,-8.69,-7.08,-1.60,277.35,275.13,280.06,267.37,0.94,uptrend,0.00,0.20,false
2026-09-11,JBHT,270.45,845782,50.62,72.85,254.52,282.76,254.11,287.93,-27.15,56,DoubleBottom|DescendingScallop,256.55,BUY,7.87,258.64,294.07,258.64,274.39,-3.24,-3.63,0.39,268.64,268.87,274.99,239.57,1.07,uptrend,0.67,0.75,true
2026-09-11,JBL,318.08,858515,50.16,93.50,278.59,354.14,292.29,372.23,-6.50,56,InvertedCupWithHandle|DescendingScallop,135.89,HOLD,12.26,299.69,354.86,299.69,324.21,-17.27,-16.13,-1.14,316.36,314.90,322.15,295.11,0.96,uptrend,0.00,0.27,false
2026-09-11,JCI,146.01,5782158,53.04,89.06,135.82,152.51,137.54,155.79,-10.94,56,DescendingScallop,261.76,HOLD,3.47,140.81,156.41,140.81,147.74,-3.63,-4.17,0.54,144.17,144.22,144.77,135.34,1.96,uptrend,0.00,0.54,false
2026-09-11,JNJ,265.58,4389477,48.54,10.15,260.59,278.30,258.01,281.07,-89.85,56,DoubleTop|HeadAndShoulders|AscendingScallop,80.86,HOLD,5.53,257.29,282.16,257.29,268.34,2.53,4.81,-2.28,269.44,268.06,262.71,237.12,0.70,uptrend,0.00,0.28,false
2026-09-11,KLAC,180.64,7487682,44.80,57.05,165.58,202.04,167.05,209.10,-42.95,56,DescendingScallop,96.06,HOLD,8.83,167.39,207.14,167.39,185.06,-8.47,-7.47,-0.99,183.81,184.25,198.46,172.92,0.83,uptrend,0.00,0.15,false
2026-09-11,KMB,98.15,8136406,28.26,5.64,98.85,115.31,97.30,112.38,-94.36,56,DoubleTop,252.00,SELL,2.52,101.93,90.60,101.93,96.89,-2.10,-0.72,-1.38,107.08,105.67,108.88,103.16,2.08,downtrend,0.00,0.08,false
2026-09-11,KVUE,17.78,46746588,31.61,9.18,17.82,19.82,17.60,19.56,-90.82,56,DoubleTop,186.67,HOLD,0.38,17.22,18.91,17.22,17.97,-0.24,-0.11,-0.13,18.82,18.67,19.08,17.99,1.93,downtrend,0.00,0.08,false
2026-09-11,LH,311.54,809926,40.86,16.75,310.94,345.31,305.45,341.80,-83.25,56,DoubleTop|ThreeDescendingPeaks|DescendingScallop,106.86,HOLD,7.89,299.71,335.21,299.71,315.48,0.39,6.48,-6.09,328.12,323.06,309.52,276.66,1.20,uptrend,0.00,0.49,false
2026-09-11,LII,366.04,585242,28.64,0.82,361.11,424.29,365.70,425.56,-99.18,56,DescendingScallop,185.00,HOLD,12.71,346.97,404.17,346.97,372.40,-18.51,-20.02,1.51,392.70,395.73,457.38,496.55,1.25,downtrend,0.00,0.08,false
2026-09-11,LIN,466.22,1627915,34.47,17.55,463.33,498.13,460.20,494.50,-82.45,56,DoubleTop,178.61,HOLD,8.22,453.89,490.87,453.89,470.33,-2.83,-1.21,-1.61,480.73,480.01,497.11,481.54,0.84,downtrend,0.00,0.08,false
2026-09-11,LITE,927.03,3394697,53.87,58.84,809.48,996.62,784.47,1026.76,-41.16,56,ThreeRisingValleys,250.46,HOLD,67.68,825.50,1130.08,825.50,960.87,23.24,28.96,-5.72,903.05,898.71,826.44,699.35,0.82,uptrend,0.50,0.69,true
2026-09-11,LLY,1115.70,1835110,35.43,1.59,1087.59,1278.66,1113.29,1292.65,-98.41,56,BearishFlag|InvertedCupWithHandle|ThreeDescendingPeaks|DescendingScallop,151.00,HOLD,31.80,1067.99,1211.11,1067.99,1131.60,-38.03,-4.61,-33.43,1183.12,1164.50,1184.65,1064.85,0.74,uptrend,0.00,0.22,false
2026-09-11,LOW,196.82,3286523,33.84,7.11,192.43,223.95,195.06,225.79,-92.89,56,BearishFlag|InvertedCupWithHandle|ThreeDescendingPeaks|DescendingScallop,201.00,SELL,4.68,203.84,182.78,203.84,194.48,-8.36,-4.96,-3.39,208.19,205.71,211.50,235.64,1.04,downtrend,0.00,0.08,false
2026-09-11,LRCX,298.22,8832423,45.16,45.69,282.69,337.99,278.04,345.28,-54.31,56,DescendingScallop,99.98,HOLD,15.45,275.04,344.57,275.04,305.95,-7.88,-2.99,-4.89,310.34,307.51,314.24,264.19,1.16,uptrend,0.00,0.37,false
2026-09-11,LULU,98.97,5541725,33.94,11.46,97.07,131.26,95.67,124.47,-88.54,56,DoubleTop,196.87,HOLD,5.36,90.93,115.05,90.93,101.65,-5.58,-3.01,-2.57,114.16,111.78,117.13,151.45,0.77,downtrend,0.00,0.08,false
2026-09-11,MAA,124.79,995709,31.27,6.09,124.88,134.42,124.19,135.39,-93.91,56,DescendingScallop,176.00,HOLD,2.21,121.48,131.42,121.48,125.89,-2.28,-1.66,-0.63,129.65,129.16,132.65,132.11,1.21,downtrend,0.00,0.08,false
2026-09-11,MAS,68.52,2651820,37.07,18.10,68.27,76.05,67.19,76.43,-81.90,56,DescendingScallop,163.55,HOLD,1.93,65.62,74.32,65.62,69.49,-1.80,-1.42,-0.38,72.16,71.84,75.15,69.77,1.44,downtrend,0.00,0.20,false
2026-09-11,MCHP,74.20,8666206,46.68,73.10,69.97,79.41,70.45,81.41,-26.90,56,InvertedCupWithHandle|DescendingScallop,117.83,HOLD,2.86,69.91,82.78,69.91,75.63,-2.57,-2.22,-0.35,74.69,74.65,78.57,77.83,1.09,downtrend,0.00,0.08,false
2026-09-11,MCK,881.51,838423,50.62,31.00,840.88,928.96,837.88,929.95,-69.00,56,DoubleTop|HeadAndShoulders,29.44,HOLD,22.85,847.23,950.06,847.23,892.94,14.56,12.39,2.17,884.92,885.75,857.41,843.80,0.94,uptrend,0.00,0.08,false
2026-09-11,MDLZ,62.44,5503678,50.97,38.78,60.76,64.69,60.47,65.55,-61.22,56,,88.34,HOLD,1.27,60.53,66.25,60.53,63.08,-0.51,-0.01,-0.51,62.73,62.35,61.74,59.22,0.77,uptrend,0.00,0.22,false
2026-09-11,MDT,90.96,5405667,51.57,18.65,89.79,94.21,89.94,95.41,-81.35,56,DoubleBottom|DoubleTop|HeadAndShoulders,126.50,HOLD,2.28,87.54,97.80,87.54,92.10,0.52,1.54,-1.02,92.00,91.25,87.69,89.55,0.68,uptrend,0.00,0.22,false
2026-09-11,MKC,51.32,3128539,39.53,10.80,50.74,57.20,50.70,56.87,-89.20,56,ThreeDescendingPeaks|DescendingScallop,201.00,SELL,1.35,53.35,47.27,53.35,50.64,-0.63,0.56,-1.19,53.97,53.03,52.84,56.81,1.23,downtrend,0.00,0.08,false
2026-09-11,MLM,509.96,711443,41.14,36.27,497.04,548.32,491.62,551.22,-63.73,56,BearishFlag|ThreeDescendingPeaks|DescendingScallop,148.69,HOLD,13.14,490.25,549.38,490.25,516.53,-12.86,-11.36,-1.51,522.68,521.66,546.06,599.20,1.03,downtrend,0.00,0.08,false
2026-09-11,MMM,164.97,3146389,32.93,18.82,161.31,186.74,161.30,184.25,-81.18,56,DescendingScallop,134.02,HOLD,3.35,159.95,175.02,159.95,166.64,-5.94,-3.46,-2.48,174.03,171.45,171.84,160.86,1.16,uptrend,0.00,0.34,false
2026-09-11,MNST,43.40,7022450,34.75,17.16,41.97,49.75,42.19,49.24,-82.84,56,ThreeDescendingPeaks|DescendingScallop,130.70,HOLD,1.02,41.87,46.46,41.87,43.91,-1.14,-0.28,-0.86,45.86,45.20,46.97,41.92,0.73,uptrend,0.00,0.08,false
2026-09-11,MPWR,1234.46,554991,43.08,37.49,1153.20,1400.00,1175.95,1448.76,-62.51,56,ThreeDescendingPeaks|DescendingScallop,143.57,HOLD,51.74,1156.85,1389.67,1156.85,1260.33,-63.72,-49.55,-14.17,1276.60,1263.95,1318.59,1257.41,0.94,downtrend,0.00,0.08,false
2026-09-11,MRK,143.93,8623091,50.40,1.81,136.18,159.36,133.40,156.92,-98.19,56,AscendingScallop,147.20,HOLD,3.74,138.32,155.15,138.32,145.80,5.03,8.64,-3.60,147.77,145.65,136.04,119.41,0.78,uptrend,0.00,0.63,true
2026-09-11,MRVL,236.10,17134464,55.47,65.73,202.35,253.14,200.62,254.60,-34.27,56,,210.04,HOLD,14.86,213.82,280.67,213.82,243.53,-0.82,6.89,-7.71,227.75,224.29,216.85,154.82,0.71,uptrend,0.83,0.75,true
2026-09-11,MSFT,495.63,14279577,56.68,38.34,475.42,513.45,477.15,517.78,-61.66,56,DoubleBottom|HeadAndShoulders,128.05,HOLD,10.66,479.64,527.62,479.64,500.96,4.62,5.94,-1.32,494.43,491.24,453.67,431.26,0.69,uptrend,0.00,0.62,true
2026-09-11,MTD,1293.52,93918,31.90,15.53,1287.11,1462.45,1266.55,1456.77,-84.47,56,ThreeDescendingPeaks|DescendingScallop,164.16,HOLD,33.72,1242.93,1394.69,1242.93,1310.38,-33.97,-19.79,-14.18,1374.78,1356.49,1362.39,1317.16,0.53,downtrend,0.00,0.35,false
2026-09-11,MU,975.26,21642629,52.99,56.63,900.39,1025.22,887.61,1042.40,-43.37,56,DoubleTop|ThreeRisingValleys,169.20,HOLD,51.84,897.50,1130.79,897.50,1001.18,21.15,27.79,-6.64,962.81,960.61,928.61,622.07,0.83,uptrend,0.00,0.75,true
2026-09-11,NDSN,314.47,267048,49.64,23.45,300.09,339.75,302.92,339.12,-76.55,56,DoubleBottom|BearishFlag|DoubleTop|ThreeDescendingPeaks,71.76,HOLD,6.78,304.30,334.80,304.30,317.86,1.63,7.38,-5.75,319.92,316.36,305.90,280.86,0.62,uptrend,0.00,0.48,false
2026-09-11,NEM,126.81,5553240,57.46,38.28,117.37,136.47,115.32,135.29,-61.72,56,DoubleTop|ThreeDescendingPeaks|AscendingScallop,41.00,HOLD,4.36,120.26,139.90,120.26,128.99,3.78,8.96,-5.18,126.92,124.27,109.78,109.35,0.69,uptrend,0.00,0.49,false
2026-09-11,NKE,36.80,19909319,34.15,5.22,36.45,41.57,36.55,41.34,-94.78,56,ThreeDescendingPeaks|DescendingScallop,201.00,SELL,1.02,38.33,33.74,38.33,36.29,-1.41,-1.21,-0.19,39.01,38.88,41.16,50.92,0.69,downtrend,0.00,0.08,false
2026-09-11,NOW,132.53,10474270,52.78,38.42,115.90,149.51,117.59,149.60,-61.58,56,AscendingScallop,162.25,HOLD,6.36,122.99,151.61,122.99,135.71,6.80,7.20,-0.40,132.70,132.23,119.53,117.98,0.63,uptrend,0.00,0.44,false
2026-09-11,NSC,320.27,846223,32.22,0.00,317.10,359.79,320.27,355.99,-100.00,56,DoubleTop|ThreeDescendingPeaks|DescendingScallop,151.00,HOLD,6.24,310.92,338.98,310.92,323.39,-4.05,1.61,-5.66,338.44,333.89,335.80,309.76,0.76,uptrend,0.00,0.28,false
2026-09-11,NTAP,199.28,2603748,61.60,99.12,175.97,205.86,161.00,208.09,-0.88,56,DescendingScallop,236.12,HOLD,8.63,186.34,225.16,186.34,203.59,-5.07,-2.66,-2.41,190.91,188.32,181.46,132.29,1.05,uptrend,0.83,0.83,true
2026-09-11,NUE,259.43,844697,53.61,64.37,238.47,272.00,238.62,274.74,-35.63,56,HeadAndShoulders|CupWithHandle|ThreeRisingValleys|DescendingScallop,222.13,BUY,8.12,247.25,283.78,247.25,263.49,-3.07,-7.30,4.23,255.24,256.60,250.94,208.18,0.60,uptrend,0.67,0.75,true
2026-09-11,NVDA,218.29,86818741,49.75,40.13,208.25,232.08,207.25,234.76,-59.87,56,DoubleTop,97.07,HOLD,6.87,207.99,238.89,207.99,221.72,1.48,1.46,0.02,220.16,219.92,212.58,197.47,0.68,uptrend,0.00,0.23,false
2026-09-11,NXPI,236.62,3124210,53.86,90.70,218.56,234.34,217.30,238.60,-9.30,56,DoubleBottom|DoubleTop,280.51,HOLD,7.66,225.13,259.60,225.13,240.45,-2.36,-4.43,2.07,226.45,229.38,246.17,244.48,1.02,downtrend,0.00,0.35,false
2026-09-11,ODFL,179.79,1288202,24.31,6.99,175.47,216.58,177.54,215.75,-93.01,56,ThreeDescendingPeaks|DescendingScallop,176.00,HOLD,6.37,170.23,198.90,170.23,182.98,-10.47,-8.67,-1.80,196.02,194.30,211.75,197.60,0.80,downtrend,0.00,0.08,false
2026-09-11,ON,76.14,11279601,48.97,99.32,67.58,81.57,68.79,85.55,-0.68,56,DescendingScallop,134.98,HOLD,3.40,71.04,86.33,71.04,77.84,-3.02,-3.50,0.48,74.58,74.99,81.93,78.87,1.47,downtrend,0.00,0.28,false
2026-09-11,ORCL,150.28,78527486,51.05,34.09,137.15,161.61,137.43,170.70,-65.91,56,DoubleBottom,249.25,HOLD,7.77,138.63,173.59,138.63,154.16,2.95,2.24,0.71,149.38,150.25,140.68,167.64,2.95,downtrend,0.00,0.08,false
2026-09-11,ORLY,85.82,5167264,38.92,14.74,84.91,92.15,84.84,92.77,-85.26,56,ThreeDescendingPeaks|DescendingScallop,194.32,HOLD,1.89,82.98,91.49,82.98,86.77,-2.15,-1.56,-0.59,88.53,88.01,88.58,91.90,1.02,downtrend,0.00,0.08,false
2026-09-11,OTIS,69.10,3469384,40.00,29.38,68.66,73.29,67.64,73.00,-70.62,56,DoubleTop|DescendingScallop,154.74,HOLD,1.38,67.03,73.24,67.03,69.79,-0.95,-0.78,-0.17,70.98,70.82,72.11,79.62,1.02,downtrend,0.00,0.08,false
2026-09-11,PANW,330.65,4676819,43.01,14.04,315.11,391.40,321.39,397.31,-85.96,56,InvertedCupWithHandle|DescendingScallop,144.78,HOLD,17.24,304.80,382.36,304.80,339.27,-11.50,-6.42,-5.08,353.25,347.69,349.54,235.93,0.77,uptrend,0.00,0.63,true
2026-09-11,PEP,136.32,7914718,39.46,2.84,135.64,144.73,136.04,145.90,-97.16,56,DoubleBottom|ThreeDescendingPeaks|DescendingScallop,201.00,SELL,2.23,139.66,129.64,139.66,135.21,-0.75,0.54,-1.29,140.18,139.21,139.48,148.58,1.12,downtrend,0.00,0.08,false
2026-09-11,PG,145.27,11508718,49.89,52.46,141.90,147.69,141.86,148.36,-47.54,56,DoubleBottom|DoubleTop|HeadAndShoulders,75.00,HOLD,2.44,141.61,152.60,141.61,146.49,0.11,-0.13,0.24,144.79,145.11,146.42,147.49,1.23,downtrend,0.00,0.28,false
2026-09-11,PHM,118.26,1265199,36.83,20.15,117.06,134.29,114.78,133.32,-79.85,56,ThreeDescendingPeaks|DescendingScallop,151.15,HOLD,3.38,113.19,128.39,113.19,119.95,-3.44,-1.97,-1.47,125.67,124.31,127.35,125.28,0.98,downtrend,0.00,0.08,false
2026-09-11,PKG,234.40,876482,43.35,29.96,223.82,259.65,225.33,256.70,-70.04,56,BearishFlag|ThreeDescendingPeaks|DescendingScallop,101.85,HOLD,6.09,225.26,252.68,225.26,237.45,-9.52,-6.69,-2.83,241.73,238.99,241.71,223.93,1.57,uptrend,0.00,0.22,false
2026-09-11,PLD,135.75,2375446,38.68,15.05,134.58,144.77,134.32,143.82,-84.95,56,DoubleTop,185.68,HOLD,2.27,132.34,142.57,132.34,136.89,-1.29,-0.44,-0.84,139.67,138.98,141.94,137.57,0.81,downtrend,0.00,0.14,false
2026-09-11,PNR,56.58,1991661,25.61,3.90,56.06,66.99,56.25,67.07,-96.10,56,ThreeDescendingPeaks|DescendingScallop,201.00,SELL,1.80,59.28,51.18,59.28,55.68,-3.16,-2.67,-0.49,61.52,61.05,65.52,84.81,0.53,downtrend,0.00,0.08,false
2026-09-11,PODD,131.96,1747855,32.75,3.51,134.36,154.44,131.24,155.17,-96.49,56,DescendingScallop,185.00,HOLD,5.87,123.16,149.56,123.16,134.89,-0.64,-1.58,0.94,144.40,144.20,152.70,206.32,1.02,downtrend,0.00,0.08,false
2026-09-11,PPG,105.50,1600149,34.36,10.95,106.09,117.24,104.18,116.23,-89.05,56,DoubleTop|HeadAndShoulders,173.30,HOLD,2.87,101.20,114.10,101.20,106.93,-2.23,-1.57,-0.66,111.66,111.06,114.58,111.60,1.17,downtrend,0.00,0.08,false
2026-09-11,PTC,130.78,1637929,35.93,12.21,128.62,166.03,126.79,159.46,-87.79,56,DoubleTop,194.73,HOLD,5.32,122.80,146.74,122.80,133.44,-3.05,2.29,-5.33,147.32,142.64,137.68,147.89,1.25,downtrend,0.00,0.08,false
2026-09-11,PWR,650.58,940972,53.37,94.53,571.28,704.15,593.70,724.80,-5.47,56,DoubleBottom|DescendingScallop,205.84,HOLD,24.39,614.00,723.74,614.00,662.77,-24.38,-24.34,-0.04,637.72,634.27,646.61,591.81,0.91,uptrend,0.00,0.40,false
2026-09-11,QCOM,181.97,11534079,66.29,88.06,154.22,179.49,156.23,185.46,-11.94,56,ThreeRisingValleys|AscendingScallop|MeasuredMoveUp,551.78,BUY,7.22,171.14,203.64,171.14,185.58,4.46,2.52,1.93,166.85,169.57,168.60,168.10,1.05,uptrend,0.83,0.64,true
2026-09-11,RDDT,157.77,3129352,50.50,63.73,140.91,169.44,143.47,184.28,-36.27,56,DoubleBottom|ThreeDescendingPeaks|DescendingScallop,100.44,HOLD,8.70,144.72,183.86,144.72,162.12,-2.80,-2.89,0.10,155.18,155.33,167.94,173.90,0.44,downtrend,0.00,0.34,false
2026-09-11,REGN,781.49,443929,45.70,3.00,780.37,853.51,779.08,859.34,-97.00,56,DoubleBottom|FallingWedge|DoubleTop|HeadAndShoulders,126.00,HOLD,20.08,751.36,841.74,751.36,791.53,1.26,17.26,-16.00,816.94,804.18,751.46,733.53,0.71,uptrend,0.00,0.35,false
2026-09-11,RL,339.09,641220,34.98,17.48,324.48,390.46,331.35,391.61,-82.52,56,BearishFlag|DescendingScallop,167.94,HOLD,11.00,322.59,372.08,322.59,344.59,-20.97,-16.63,-4.33,357.47,354.69,373.96,366.38,1.00,downtrend,0.00,0.08,false
2026-09-11,RMD,218.27,861131,42.28,9.29,214.93,242.57,215.80,242.40,-90.71,56,DoubleBottom|DoubleTop,176.00,HOLD,6.38,208.69,237.42,208.69,221.46,1.99,5.60,-3.62,228.75,225.50,216.97,227.85,0.65,downtrend,0.00,0.08,false
2026-09-11,ROK,428.39,864416,44.95,63.27,416.93,444.92,414.78,454.69,-36.73,56,DescendingScallop,77.03,HOLD,10.44,412.73,459.71,412.73,433.61,-6.37,-9.84,3.47,430.93,432.23,449.17,421.63,1.30,uptrend,0.00,0.34,false
2026-09-11,ROL,34.73,3265229,31.06,11.24,34.49,37.41,34.35,37.73,-88.76,56,BearishFlag|ThreeDescendingPeaks|DescendingScallop,221.48,SELL,0.87,36.03,32.12,36.03,34.30,-0.57,-0.51,-0.06,35.95,36.05,38.90,51.78,0.76,downtrend,0.00,0.08,false
2026-09-11,ROP,388.52,566139,41.49,10.48,382.66,432.87,383.71,429.60,-89.52,56,DoubleBottom|FallingWedge|DoubleTop|HeadAndShoulders,128.64,HOLD,10.32,373.05,419.47,373.05,393.68,3.67,8.27,-4.60,407.77,402.78,388.01,375.05,0.88,uptrend,0.00,0.23,false
2026-09-11,ROST,230.74,1605725,45.34,40.52,222.13,243.77,222.73,247.05,-59.48,56,DescendingScallop,79.01,HOLD,5.47,222.54,247.14,222.54,233.47,-7.54,-8.04,0.50,232.95,232.90,235.79,213.90,0.59,uptrend,0.00,0.08,false
2026-09-11,RSG,222.74,1341466,56.11,56.40,215.74,226.09,213.00,225.74,-43.60,56,DoubleTop|HeadAndShoulders|AscendingScallop,135.06,HOLD,3.74,217.13,233.97,217.13,224.61,2.88,4.03,-1.15,220.91,220.71,218.13,215.10,0.90,uptrend,0.00,0.34,false
2026-09-11,RVTY,124.31,1151503,53.17,28.18,114.81,134.29,113.69,133.00,-71.82,56,HeadAndShoulders|AscendingScallop,95.15,HOLD,3.84,118.55,135.84,118.55,126.23,4.76,5.50,-0.74,124.55,124.02,117.35,102.96,0.73,uptrend,0.00,0.63,true
2026-09-11,SHW,323.31,2172235,37.89,19.68,316.40,362.68,315.42,361.58,-80.32,56,InvertedCupWithHandle|ThreeDescendingPeaks|DescendingScallop,155.90,HOLD,7.57,311.95,346.03,311.95,327.10,-12.43,-9.00,-3.42,339.54,335.80,341.18,334.01,1.40,downtrend,0.00,0.08,false
2026-09-11,SLB,56.06,8832279,55.53,48.11,51.59,59.56,51.98,60.46,-51.89,56,AscendingScallop,206.99,HOLD,1.87,53.25,61.67,53.25,57.00,2.06,2.08,-0.02,55.58,55.50,51.61,49.47,0.71,uptrend,0.00,0.35,false
2026-09-11,SMCI,40.10,46266671,60.50,80.78,35.25,40.50,34.09,41.53,-19.22,56,ThreeRisingValleys,378.83,HOLD,2.30,36.65,47.00,36.65,41.25,1.33,2.21,-0.88,37.88,37.25,32.52,31.49,1.15,uptrend,0.83,0.77,true
2026-09-11,SNDK,1633.35,9320019,53.58,55.47,1409.79,1794.46,1416.56,1827.99,-44.53,56,DoubleBottom|DoubleTop|ThreeRisingValleys,229.62,HOLD,119.04,1454.79,1990.47,1454.79,1692.87,69.70,91.46,-21.76,1602.13,1590.04,1517.87,1033.67,0.75,uptrend,0.33,0.75,true
2026-09-11,SNPS,397.38,1177416,44.50,20.14,373.42,448.31,380.33,464.98,-79.86,56,DoubleTop,172.26,HOLD,15.36,374.35,443.45,374.35,405.06,3.82,6.06,-2.24,410.86,407.82,408.16,447.37,0.64,downtrend,0.00,0.08,false
2026-09-11,STE,210.76,595399,26.74,3.80,212.49,245.97,209.59,240.34,-96.20,56,FallingWedge|DoubleTop|ThreeDescendingPeaks|DescendingScallop,201.00,SELL,5.47,218.97,194.34,218.97,208.02,-5.55,-1.49,-4.06,229.23,225.51,225.42,232.01,1.01,downtrend,0.00,0.08,false
2026-09-11,STLD,239.79,690912,48.04,50.39,219.86,257.09,218.02,263.23,-49.61,56,HeadAndShoulders|CupWithHandle|InvertedCupWithHandle|ThreeRisingValleys|DescendingScallop,69.07,HOLD,8.24,227.43,264.51,227.43,243.91,-5.32,-10.88,5.57,238.47,240.94,242.50,211.99,0.58,uptrend,0.00,0.61,true
2026-09-11,STX,830.17,3839229,47.29,41.16,752.90,959.96,763.52,1013.99,-58.84,56,DoubleBottom|DescendingScallop,105.76,HOLD,54.01,749.16,992.19,749.16,857.17,-12.14,-10.85,-1.29,856.43,849.43,848.21,605.88,1.07,uptrend,0.00,0.63,true
2026-09-11,SWKS,88.35,11123967,83.38,86.49,58.83,82.82,63.06,92.30,-13.51,56,ThreeRisingValleys|AscendingScallop,544.03,BUY,3.94,82.44,100.18,82.44,90.32,2.57,0.86,1.70,70.83,72.67,65.97,64.27,1.77,uptrend,1.00,0.83,true
2026-09-11,SYK,275.56,3714339,27.78,12.61,270.47,359.75,267.00,343.90,-87.39,56,FallingWedge|DescendingScallop,197.79,HOLD,10.68,259.54,307.60,259.54,280.90,-17.87,-10.62,-7.25,315.11,307.73,325.03,336.68,1.32,downtrend,0.00,0.08,false
2026-09-11,TECH,72.12,2723693,55.94,8.00,72.11,72.54,72.07,72.62,-92.00,56,DoubleBottom|DoubleTop|HeadAndShoulders,126.00,HOLD,0.28,71.70,72.96,71.70,72.26,0.02,0.09,-0.07,72.32,72.17,71.95,61.27,1.14,uptrend,0.00,0.70,true
2026-09-11,TEL,211.96,1761310,56.33,87.87,196.97,215.08,199.28,218.92,-12.13,56,DoubleBottom|MeasuredMoveUp,385.08,HOLD,6.01,202.94,229.99,202.94,214.97,-2.35,-4.13,1.78,206.03,206.75,206.12,215.86,0.87,downtrend,0.00,0.20,false
2026-09-11,TER,379.72,2392619,53.10,90.01,321.30,424.14,326.00,444.17,-9.99,56,DescendingScallop,146.11,HOLD,21.44,347.56,444.03,347.56,390.44,-16.16,-12.59,-3.57,372.72,368.42,365.82,320.58,1.01,uptrend,0.00,0.57,true
2026-09-11,TGT,155.83,2623596,47.87,9.02,151.05,170.49,146.21,170.75,-90.98,56,,78.83,HOLD,4.28,149.40,168.68,149.40,157.97,3.09,5.91,-2.82,160.77,158.81,148.97,123.93,0.57,uptrend,0.00,0.63,true
2026-09-11,TJX,126.02,5931663,17.79,6.53,121.03,152.58,124.87,153.57,-93.47,56,ThreeDescendingPeaks|DescendingScallop,201.00,SELL,2.82,130.25,117.57,130.25,124.61,-10.19,-10.10,-0.09,136.81,136.08,148.01,154.30,0.73,downtrend,0.00,0.08,false
2026-09-11,TMO,609.82,1784261,54.84,28.75,583.84,641.83,580.00,647.00,-71.25,56,ThreeDescendingPeaks|AscendingScallop,99.42,HOLD,15.31,586.86,655.74,586.86,617.47,4.87,14.26,-9.38,612.84,606.80,578.49,536.63,1.06,uptrend,0.00,0.63,true
2026-09-11,TPL,369.10,270959,48.00,31.69,357.35,381.90,347.05,396.78,-68.31,56,DoubleTop|AscendingScallop,109.62,HOLD,14.57,347.25,412.80,347.25,376.38,4.44,1.57,2.87,369.62,371.10,384.37,393.04,0.80,downtrend,0.00,0.08,false
2026-09-11,TPR,118.49,2328070,34.53,30.57,113.94,136.29,112.11,135.35,-69.43,56,ThreeDescendingPeaks|DescendingScallop,138.33,HOLD,4.41,111.87,131.73,111.87,120.70,-10.58,-12.01,1.43,125.11,126.11,138.42,138.60,0.63,downtrend,0.00,0.08,false
2026-09-11,TRMB,57.66,1735361,47.53,19.33,56.02,61.98,55.60,62.00,-80.67,56,DoubleBottom|DoubleTop|HeadAndShoulders,131.95,HOLD,1.79,54.97,63.03,54.97,58.56,0.42,0.83,-0.41,59.00,58.53,56.57,64.45,0.45,downtrend,0.00,0.08,false
2026-09-11,TSCO,33.01,8143531,40.61,3.43,33.47,36.16,32.90,36.42,-96.57,56,DoubleTop|DescendingScallop,176.00,HOLD,1.08,31.39,36.25,31.39,33.55,-0.38,0.34,-0.71,34.82,34.34,32.94,41.50,0.96,downtrend,0.00,0.08,false
2026-09-11,TSLA,365.44,29922750,54.45,55.19,333.95,376.31,331.12,384.04,-44.81,56,HeadAndShoulders|AscendingScallop,139.57,HOLD,14.11,344.27,407.78,344.27,372.50,11.18,13.48,-2.29,355.13,356.53,354.50,398.93,0.76,downtrend,0.00,0.20,false
2026-09-11,TT,442.52,813586,40.19,27.00,430.22,474.08,434.00,481.50,-73.00,56,InvertedCupWithHandle|ThreeDescendingPeaks|DescendingScallop,153.51,HOLD,9.76,427.87,471.81,427.87,447.40,-12.18,-11.15,-1.03,452.15,451.30,465.19,445.13,0.89,downtrend,0.00,0.14,false
2026-09-11,TTD,14.34,11084399,47.10,59.83,12.72,14.81,12.97,15.26,-40.17,56,ThreeRisingValleys,203.44,HOLD,0.72,13.26,16.49,13.26,14.70,0.07,-0.92,0.98,13.77,14.31,16.22,24.52,0.64,downtrend,0.00,0.20,false
2026-09-11,TXN,268.70,5252848,51.68,81.64,248.02,278.73,248.13,286.21,-18.36,56,DescendingScallop,203.68,BUY,8.68,255.68,294.75,255.68,273.04,-7.37,-8.41,1.04,263.37,264.16,277.64,241.48,0.97,uptrend,0.67,0.56,true
2026-09-11,TYL,336.67,521032,45.52,5.49,318.54,387.75,319.81,393.53,-94.51,56,FallingWedge|HeadAndShoulders|AscendingScallop,163.53,HOLD,13.54,316.36,377.30,316.36,343.44,15.84,20.57,-4.73,353.14,348.84,328.93,355.03,0.54,downtrend,0.00,0.08,false
2026-09-11,UBER,71.67,25232669,41.42,18.51,71.02,81.22,69.24,82.36,-81.49,56,ThreeDescendingPeaks|DescendingScallop,176.88,HOLD,2.62,67.74,79.53,67.74,72.98,-0.84,1.36,-2.20,76.12,74.82,73.93,76.03,1.49,downtrend,0.00,0.08,false
2026-09-11,ULTA,546.78,419771,55.30,66.88,500.43,568.70,493.11,568.44,-33.12,56,DoubleBottom|AscendingScallop,324.68,HOLD,17.70,520.23,599.87,520.23,555.63,8.30,4.33,3.97,534.56,537.67,512.07,557.08,0.59,downtrend,0.00,0.20,false
2026-09-11,UNP,284.40,1593132,35.33,4.56,279.45,315.99,282.98,314.15,-95.44,56,DoubleTop|ThreeDescendingPeaks|DescendingScallop,151.00,HOLD,5.88,275.58,302.04,275.58,287.34,-2.84,2.48,-5.32,297.72,293.70,294.63,261.55,0.68,uptrend,0.00,0.42,false
2026-09-11,UPS,100.28,3716903,38.18,17.71,99.10,106.51,98.81,107.11,-82.29,56,BearishFlag|DoubleTop,138.15,HOLD,2.04,97.22,106.40,97.22,101.30,-0.48,-0.64,0.17,102.80,102.88,107.06,105.04,0.95,downtrend,0.00,0.14,false
2026-09-11,URI,989.12,348033,36.50,15.40,941.26,1162.92,967.58,1176.44,-84.60,56,DescendingScallop,150.11,HOLD,31.64,941.67,1084.03,941.67,1004.94,-59.74,-46.64,-13.10,1052.09,1038.68,1078.33,931.67,0.82,uptrend,0.00,0.55,true
2026-09-11,VLTO,94.10,997873,40.57,15.82,93.75,100.99,92.92,101.00,-84.18,56,DoubleTop|DescendingScallop,137.96,HOLD,1.91,91.23,99.83,91.23,95.06,-0.72,0.35,-1.07,97.37,96.44,95.57,93.36,0.67,sideways,0.00,0.34,false
2026-09-11,VMC,252.74,1031328,34.22,18.69,248.77,286.68,246.20,282.72,-81.31,56,DoubleTop|ThreeDescendingPeaks|DescendingScallop,178.59,HOLD,6.91,242.38,273.47,242.38,256.19,-8.75,-6.25,-2.50,267.73,265.56,278.56,287.74,1.10,downtrend,0.00,0.08,false
2026-09-11,VRSN,292.71,497388,55.89,64.12,272.81,300.43,271.10,300.36,-35.88,56,DoubleTop|HeadAndShoulders|AscendingScallop,165.91,HOLD,7.71,281.15,315.84,281.15,296.56,2.87,0.47,2.40,286.62,287.91,281.72,262.52,0.76,uptrend,0.00,0.42,false
2026-09-11,VRT,257.06,4761163,45.14,24.30,240.41,292.28,244.77,300.30,-75.70,56,DoubleTop|DescendingScallop,141.63,HOLD,15.16,234.32,302.53,234.32,264.64,-5.15,-4.75,-0.40,266.35,266.62,278.73,259.42,1.00,downtrend,0.00,0.08,false
2026-09-11,VRTX,515.44,831098,43.99,7.49,506.93,569.06,502.29,560.25,-92.51,56,DoubleBottom|DoubleTop|HeadAndShoulders,90.05,HOLD,13.00,495.93,554.45,495.93,521.94,6.99,19.60,-12.61,537.99,530.61,510.65,468.02,0.81,uptrend,0.00,0.35,false
2026-09-11,WAB,283.22,493252,44.74,29.89,274.56,305.31,274.83,304.36,-70.11,56,DoubleTop|ThreeDescendingPeaks|DescendingScallop,102.70,HOLD,6.23,273.87,301.92,273.87,286.34,-5.57,-2.99,-2.58,289.94,286.94,284.56,255.92,0.62,uptrend,0.00,0.48,false
2026-09-11,WAT,408.34,487157,52.88,46.26,399.64,420.46,392.95,426.22,-53.74,56,DoubleBottom|DoubleTop,96.27,HOLD,11.85,390.56,443.89,390.56,414.27,0.13,4.55,-4.42,410.05,406.97,394.13,361.24,0.78,uptrend,0.00,0.63,true
2026-09-11,WDAY,185.70,1854250,49.42,7.64,182.77,207.37,183.54,211.83,-92.36,56,DoubleTop|HeadAndShoulders,126.00,HOLD,9.06,172.11,212.89,172.11,190.23,2.05,8.09,-6.05,195.07,189.81,170.64,159.44,0.46,uptrend,0.00,0.63,true
2026-09-11,WELL,235.62,1841717,47.40,22.06,233.47,242.13,233.00,243.04,-77.94,56,DoubleBottom|DoubleTop,130.64,HOLD,4.93,228.23,250.40,228.23,238.08,1.30,2.03,-0.73,237.80,237.27,237.75,211.67,0.75,uptrend,0.00,0.48,false
2026-09-11,WM,213.46,2511170,31.89,4.22,213.61,227.83,212.83,228.72,-95.78,56,DescendingScallop,200.00,SELL,3.70,219.01,202.36,219.01,211.61,-3.82,-2.95,-0.87,220.72,220.29,227.67,225.23,1.19,downtrend,0.00,0.08,false
2026-09-11,WSM,226.23,843101,42.83,25.89,218.50,246.50,218.60,249.77,-74.11,56,DoubleBottom|BearishFlag|InvertedCupWithHandle|ThreeDescendingPeaks|DescendingScallop,109.98,HOLD,7.26,215.34,248.02,215.34,229.86,-7.86,-6.05,-1.80,232.50,230.62,232.07,205.37,0.72,uptrend,0.00,0.49,false
2026-09-11,WST,346.23,537790,51.83,62.48,334.44,356.34,331.99,360.29,-37.52,56,,147.68,HOLD,7.83,334.48,369.73,334.48,350.15,-4.65,-2.00,-2.65,345.39,344.19,348.83,295.32,1.20,uptrend,0.00,0.83,true
2026-09-11,WY,22.06,5080269,27.33,7.54,21.95,25.20,21.83,24.97,-92.46,56,ThreeDescendingPeaks|DescendingScallop,201.00,SELL,0.52,22.85,20.49,22.85,21.80,-0.88,-0.65,-0.22,23.57,23.36,23.97,24.29,1.05,downtrend,0.00,0.08,false
2026-09-11,XOM,165.99,11319893,61.57,88.55,156.33,168.33,155.32,168.64,-11.45,56,DoubleBottom|DoubleTop,288.66,HOLD,3.55,160.67,176.63,160.67,167.76,0.32,1.77,-1.45,162.33,161.46,155.17,145.67,0.82,uptrend,0.00,0.41,false
2026-09-11,XYL,106.96,1845400,36.77,14.51,103.40,119.18,105.48,120.32,-85.49,56,BearishFlag|ThreeDescendingPeaks|DescendingScallop,201.00,SELL,2.80,111.16,98.57,111.16,105.56,-4.87,-4.58,-0.30,111.29,110.87,116.75,123.61,0.84,downtrend,0.00,0.08,false
2026-09-11,ZBRA,350.37,565235,52.58,42.85,340.62,375.28,336.40,384.20,-57.15,56,DescendingScallop,76.32,HOLD,11.81,332.66,385.79,332.66,356.27,-9.12,-0.44,-8.68,357.95,350.94,321.91,259.55,1.01,uptrend,0.00,0.63,true
